wolfCount,wolfEnergy,wolfRepro,wolfFatigue,grassCount,grassEnergy,grassRepro,grassFatigue,rabbitCount,rabbitEnergy,rabbitRepro,rabbitFatigue
6,200.8,575.8,19.2,91,84.0,129.2,0.0,14,39.7,166.9,9.0
6,191.2,575.8,19.2,77,95.4,128.8,0.0,13,78.6,166.5,9.3
6,183.5,575.8,19.2,72,103.6,129.7,0.1,13,94.2,164.8,8.8
6,167.0,575.8,19.2,76,108.0,129.4,0.4,15,75.4,164.6,9.2
6,165.4,575.8,19.2,76,107.9,128.5,0.7,16,83.2,165.0,8.4
6,148.9,575.8,19.2,89,104.5,128.8,1.2,19,66.5,165.5,8.6
6,155.0,575.8,19.2,96,102.5,128.6,1.5,22,70.8,164.6,9.3
6,142.4,575.8,19.2,100,102.8,129.8,1.3,24,94.2,165.1,9.0
6,156.3,575.8,19.2,112,99.7,129.5,1.5,23,98.5,163.9,9.4
6,155.1,575.8,19.2,126,103.5,130.1,1.4,25,87.5,165.7,8.6
6,150.6,575.8,19.2,136,104.7,129.5,1.6,30,72.7,165.7,8.0
6,137.9,575.8,19.2,137,106.0,130.1,1.7,32,88.3,165.4,7.8
6,135.1,575.8,19.2,153,103.4,129.7,1.9,36,85.2,164.8,8.0
5,148.5,577.2,18.2,150,107.5,130.3,1.9,39,96.7,165.1,7.7
4,235.8,577.0,19.0,160,103.9,130.4,2.0,43,87.0,165.7,7.8
4,269.7,577.0,19.0,159,103.9,130.6,2.1,47,91.1,165.5,8.1
4,280.7,577.0,19.0,153,106.1,130.8,2.0,56,85.3,165.9,7.7
4,305.1,577.0,19.0,136,105.8,131.4,2.1,65,87.3,165.6,7.7
4,334.1,577.0,19.0,125,101.6,132.5,2.2,72,95.5,165.9,7.3
4,357.7,577.0,19.0,117,101.2,132.0,2.0,79,92.5,166.6,7.2
4,391.0,577.0,19.0,99,99.0,132.5,2.5,86,96.9,166.8,7.2
4,477.1,577.0,19.0,82,98.2,132.1,2.4,90,95.1,167.0,7.3
5,378.4,579.3,18.3,64,103.0,132.3,2.2,99,90.2,167.0,7.4
6,322.9,577.5,19.0,63,100.8,132.7,2.3,104,79.4,167.0,7.4
6,324.7,577.5,19.0,63,92.4,133.4,1.8,106,80.6,167.0,7.5
6,305.7,577.5,19.0,48,95.9,131.8,1.5,109,83.2,167.5,7.4
6,309.7,577.5,19.0,33,96.5,132.1,1.3,113,81.0,167.6,7.4
6,301.6,577.5,19.0,34,92.4,131.2,1.2,115,76.1,167.3,7.5
6,283.7,577.5,19.0,24,98.8,129.3,0.4,116,74.3,167.3,7.3
7,232.7,576.9,18.4,29,88.7,129.4,0.3,112,72.4,167.6,7.3
7,226.6,576.9,18.4,35,80.9,128.8,0.1,108,73.1,167.7,7.3
7,230.9,576.9,18.4,28,87.7,127.8,0.4,106,73.5,168.6,7.0
7,224.4,576.9,18.4,30,88.3,127.6,0.3,103,73.2,168.8,6.9
7,238.5,576.9,18.4,32,92.2,127.0,0.3,94,74.1,169.1,6.8
7,238.9,576.9,18.4,44,88.2,128.0,0.6,89,73.3,169.6,6.7
7,220.5,576.9,18.4,49,93.6,128.0,0.7,88,72.6,169.4,6.7
7,215.6,576.9,18.4,58,89.0,128.9,0.7,90,71.5,170.2,6.6
7,197.2,576.9,18.4,45,96.1,128.0,0.4,92,75.1,169.6,6.7
6,239.5,577.7,17.8,41,93.3,129.5,0.9,92,74.7,169.6,6.8
6,267.3,577.7,17.8,43,97.2,129.2,0.7,89,70.6,169.6,6.9
6,271.7,577.7,17.8,45,91.4,130.0,1.1,86,74.0,169.6,6.9
6,266.5,577.7,17.8,47,88.4,131.9,1.3,85,73.6,169.2,7.2
6,266.7,577.7,17.8,50,83.8,130.1,0.6,84,77.2,168.7,7.4
6,265.7,577.7,17.8,42,89.8,128.2,0.7,90,68.0,168.5,7.6
6,264.2,577.7,17.8,44,92.3,129.1,0.3,84,71.9,168.6,7.5
6,246.4,577.7,17.8,44,94.2,130.9,0.6,84,72.3,168.2,7.5
6,253.6,577.7,17.8,39,100.9,129.9,0.8,85,68.7,168.1,7.7
6,264.1,577.7,17.8,39,93.8,129.4,0.8,81,72.5,167.6,7.8
6,246.3,577.7,17.8,40,99.2,128.5,0.6,83,73.9,167.1,8.1
6,231.4,577.7,17.8,42,95.9,129.6,0.8,85,70.5,168.0,8.0
6,259.0,577.7,17.8,35,98.6,129.0,1.1,75,77.7,167.7,8.3
6,261.8,577.7,17.8,35,91.6,128.5,0.9,74,78.6,167.4,8.3
6,244.0,577.7,17.8,34,91.1,128.1,0.4,79,73.8,165.9,8.7
6,243.9,577.7,17.8,34,90.5,127.6,0.9,78,75.2,166.3,8.5
6,238.6,577.7,17.8,28,88.5,126.3,0.5,77,80.1,166.5,8.4
5,299.6,575.5,18.3,34,87.4,129.5,0.7,79,67.7,166.3,8.5
5,292.0,575.5,18.3,31,91.1,129.0,0.8,77,69.3,167.3,8.2
5,273.2,579.3,18.6,38,89.2,129.4,0.8,72,72.8,168.4,7.9
5,270.3,579.3,18.6,47,92.2,129.1,0.7,70,71.6,168.3,8.0
5,272.0,579.3,18.6,43,96.3,129.9,0.9,70,72.8,168.2,8.0
5,281.0,579.3,18.6,38,95.7,134.0,0.9,70,76.5,167.9,8.1
5,275.4,579.3,18.6,36,97.8,132.0,1.2,71,76.0,168.4,8.0
5,256.8,579.3,18.6,34,97.3,130.6,1.2,69,84.8,168.6,7.9
5,238.2,579.3,18.6,47,92.2,130.6,1.1,75,73.1,168.2,8.2
4,325.6,580.4,19.5,50,96.2,130.7,1.2,70,75.7,169.1,7.8
4,322.5,580.4,19.5,54,95.6,129.8,1.4,69,72.0,169.8,7.6
4,311.4,580.4,19.5,67,93.6,130.2,1.4,66,78.5,170.3,7.4
4,291.9,580.4,19.5,59,96.0,130.7,1.6,63,92.0,169.9,7.5
4,344.7,580.4,19.5,66,94.3,131.3,1.8,61,86.6,170.0,7.4
5,264.0,583.0,18.8,79,95.4,129.9,1.7,64,80.8,170.3,7.0
5,306.0,583.0,18.8,73,93.8,129.3,1.7,61,85.6,169.6,7.2
5,309.8,583.0,18.8,62,98.0,130.5,1.7,64,86.3,169.8,7.1
5,301.5,583.0,18.8,69,91.8,129.2,1.6,67,86.0,169.6,7.0
5,304.5,583.0,18.8,60,94.9,129.0,1.3,73,81.3,168.4,7.4
6,227.1,580.4,19.4,62,95.2,128.4,1.4,76,82.0,167.7,7.4
6,233.3,580.4,19.4,59,97.0,127.8,1.5,79,78.7,168.2,7.2
6,222.8,580.4,19.4,63,95.9,128.2,1.5,83,73.2,168.3,7.0
6,211.4,580.4,19.4,69,91.9,127.9,1.9,83,74.1,168.5,6.9
6,215.5,580.4,19.4,66,87.9,126.8,1.9,85,76.5,168.6,6.8
6,223.1,580.4,19.4,70,92.1,127.3,1.8,82,75.9,169.4,6.6
6,233.3,580.4,19.4,70,96.7,128.1,1.4,79,81.5,168.6,6.5
6,213.8,580.4,19.4,59,104.6,129.1,1.1,84,81.9,168.4,6.6
6,219.7,580.4,19.4,57,96.9,128.3,1.2,88,81.9,167.8,6.7
6,244.0,580.4,19.4,47,98.2,129.3,1.3,85,83.3,168.4,6.6
6,251.5,580.4,19.4,61,92.2,129.5,1.2,84,77.0,168.1,6.4
6,242.7,580.4,19.4,53,95.9,128.0,1.6,82,85.2,168.8,6.4
6,272.5,580.4,19.4,59,97.4,129.0,1.4,82,79.7,168.9,6.3
6,290.2,580.4,19.4,62,97.5,129.4,1.4,82,77.3,169.3,6.2
6,308.8,580.4,19.4,60,95.3,127.0,1.1,78,80.0,169.8,6.0
6,309.9,580.4,19.4,65,101.3,127.9,1.0,76,76.9,170.4,6.0
6,325.3,580.4,19.4,71,103.5,127.8,0.9,75,75.0,170.5,6.0
6,327.5,580.4,19.4,72,97.8,129.2,1.4,78,79.5,171.1,5.9
7,280.8,578.3,19.9,66,99.4,129.7,1.2,77,80.4,171.2,6.0
7,280.7,578.3,19.9,63,95.2,129.9,1.5,76,88.0,171.3,6.0
7,270.8,578.3,19.9,65,96.7,129.8,1.5,77,87.5,171.5,6.0
6,310.6,579.7,19.3,58,101.5,128.0,1.5,80,85.1,171.1,5.9
6,305.4,579.7,19.3,62,93.6,128.9,1.4,84,84.7,171.2,5.9
6,298.5,579.7,19.3,57,92.9,129.4,1.9,88,83.6,171.1,5.9
7,248.1,581.5,18.8,42,97.0,131.0,1.2,91,85.8,171.3,5.9
7,272.9,581.5,18.8,40,88.1,129.6,1.0,91,80.7,171.5,5.9
7,254.1,581.5,18.8,32,97.1,130.2,0.8,94,81.7,171.3,5.8
7,262.8,581.5,18.8,27,95.1,129.7,1.3,93,78.9,171.4,5.8
7,281.9,581.5,18.8,39,86.6,128.1,0.9,90,78.0,171.3,5.9
7,291.9,581.5,18.8,30,94.7,126.5,0.5,87,81.4,171.0,5.9
6,352.8,579.9,19.3,40,91.1,127.9,0.8,82,81.8,171.0,5.9
7,290.5,578.1,19.7,39,88.6,126.9,0.9,80,88.5,171.4,5.8
7,284.9,578.1,19.7,43,90.3,128.7,1.0,82,80.2,171.3,5.9
7,292.7,578.1,19.7,36,94.7,128.6,1.5,78,86.8,171.3,5.8
7,305.7,578.1,19.7,47,92.8,128.9,1.6,81,78.2,171.6,5.8
7,311.2,578.1,19.7,50,95.7,127.7,1.8,80,77.6,171.7,5.9
7,313.0,578.1,19.7,51,95.6,127.7,1.7,77,82.6,171.7,5.9
7,321.0,578.1,19.7,46,94.6,129.5,1.4,73,93.4,171.7,5.7
8,272.2,577.0,19.9,55,90.5,130.0,1.6,74,83.5,171.6,5.7
8,272.3,577.0,19.9,54,95.8,130.3,1.3,72,85.2,171.8,5.7
8,291.1,577.0,19.9,67,94.6,130.2,1.3,72,81.8,171.7,5.7
8,277.1,577.0,19.9,54,100.6,130.4,1.2,74,88.0,171.9,5.7
8,272.6,577.0,19.9,56,101.7,128.8,1.2,76,83.5,171.9,5.8
8,259.9,577.0,19.9,59,99.0,129.7,1.3,80,84.4,172.0,5.8
8,266.0,577.0,19.9,70,96.3,131.7,1.6,82,75.5,172.3,5.9
7,317.4,578.2,19.5,66,97.7,131.2,1.3,73,91.7,172.4,5.9
7,338.9,578.2,19.5,69,99.1,131.1,1.5,74,85.0,172.2,5.9
7,334.1,578.2,19.5,69,101.2,131.1,1.3,71,88.3,172.7,5.8
7,331.0,578.2,19.5,72,101.5,130.9,1.3,71,90.8,172.6,5.9
7,323.1,578.2,19.5,67,102.0,132.2,1.4,74,93.6,172.6,5.8
7,309.8,578.2,19.5,63,99.1,132.4,1.6,80,94.2,172.6,5.8
7,301.5,578.2,19.5,52,100.0,130.2,1.2,86,92.7,172.8,5.8
7,307.2,578.2,19.5,46,96.6,129.0,1.4,89,92.6,173.1,5.7
7,326.0,578.2,19.5,41,96.3,129.7,1.7,89,91.2,173.3,5.7
7,339.7,578.2,19.5,41,97.6,130.2,1.6,89,88.8,173.3,5.7
8,304.5,577.0,19.7,43,99.0,130.2,1.0,88,87.4,173.0,5.7
8,302.5,577.0,19.7,47,95.2,130.1,1.2,89,84.4,173.2,5.7
8,304.0,577.0,19.7,38,101.8,130.3,1.6,92,78.5,173.2,5.7
8,303.3,577.0,19.7,50,94.5,130.0,1.4,90,75.0,173.2,5.7
8,310.3,577.0,19.7,52,94.2,128.9,1.8,85,78.9,173.2,5.7
8,324.7,577.0,19.7,53,96.8,129.1,1.8,81,82.7,173.3,5.7
8,323.2,577.0,19.7,57,97.1,129.6,1.5,81,79.0,172.9,5.7
8,333.2,577.0,19.7,61,94.6,129.6,1.7,78,81.9,173.0,5.8
8,319.0,577.0,19.7,52,99.5,128.9,1.9,79,84.0,173.1,5.8
8,299.3,577.0,19.7,61,98.0,127.0,1.7,85,78.1,173.4,5.8
8,318.8,577.0,19.7,70,95.1,128.5,1.5,81,77.2,173.6,5.9
8,329.3,577.0,19.7,69,99.1,129.0,1.5,76,85.2,173.5,5.8
9,290.8,575.8,20.0,78,97.0,129.4,1.8,75,80.7,173.3,5.9
10,247.9,577.6,19.6,82,98.1,128.9,2.0,69,90.3,173.5,5.9
10,245.8,577.6,19.6,80,104.1,128.7,2.1,68,87.6,173.3,5.9
9,266.4,576.0,20.0,110,94.5,129.0,2.1,66,87.5,173.4,5.8
9,256.2,576.0,20.0,118,99.7,129.1,2.1,67,85.5,173.4,5.8
9,263.5,576.0,20.0,125,100.5,128.1,2.3,65,87.4,173.5,5.8
10,256.6,575.2,20.2,127,102.4,127.7,2.5,60,91.0,172.9,5.7
10,253.8,575.2,20.2,131,104.5,127.1,2.6,62,85.9,172.6,5.6
10,260.2,575.2,20.2,138,105.1,127.1,2.8,61,86.6,172.7,5.6
9,267.9,576.2,19.9,159,104.7,127.2,2.7,62,90.9,172.8,5.6
9,260.1,576.2,19.9,156,109.7,127.6,2.6,66,94.3,172.8,5.5
10,245.6,577.7,19.5,160,107.4,127.4,2.8,68,89.3,172.9,5.5
10,240.5,577.7,19.5,151,110.5,127.8,2.8,71,95.3,173.3,5.5
10,230.4,577.7,19.5,155,106.7,128.4,2.8,75,100.1,173.4,5.6
10,222.3,577.7,19.5,154,110.1,128.7,2.8,77,99.9,173.5,5.6
10,229.2,577.7,19.5,153,106.8,128.8,2.8,84,91.9,173.9,5.6
10,218.5,577.7,19.5,160,103.4,129.0,2.7,93,87.9,174.1,5.7
10,207.0,577.7,19.5,129,107.2,128.8,2.6,102,92.9,174.1,5.7
10,220.2,577.7,19.5,125,103.8,127.7,2.5,107,90.4,174.1,5.7
10,255.1,577.7,19.5,117,108.1,127.8,2.5,103,85.5,174.2,5.7
10,252.4,577.7,19.5,112,111.0,127.9,2.5,106,83.3,174.4,5.7
10,263.2,577.7,19.5,112,103.3,127.4,2.7,112,79.5,174.5,5.7
9,309.7,579.0,19.2,100,106.0,129.8,2.6,111,83.7,174.3,5.7
9,337.1,579.0,19.2,94,103.6,129.4,2.8,108,87.6,174.3,5.7
10,322.4,578.0,19.6,92,105.4,127.9,2.7,109,82.1,174.1,5.7
10,331.4,578.0,19.6,87,107.2,127.5,2.8,104,87.2,173.8,5.7
10,356.4,578.0,19.6,81,109.0,126.4,2.9,97,89.1,173.5,5.6
12,281.4,578.3,19.6,85,108.8,126.0,2.9,98,87.8,173.7,5.7
12,286.1,578.3,19.6,84,107.1,128.4,2.7,101,85.4,173.8,5.7
12,282.1,578.3,19.6,68,102.1,128.4,2.9,105,88.1,173.7,5.7
12,285.1,578.3,19.6,71,99.3,128.5,2.8,107,83.6,173.8,5.7
13,267.3,577.6,19.7,72,94.4,127.4,2.7,106,81.7,173.6,5.7
14,262.8,578.4,19.4,59,96.9,126.5,2.8,100,82.2,173.7,5.6
14,267.3,578.4,19.4,64,92.3,127.2,2.1,97,84.7,173.4,5.7
14,286.0,578.4,19.4,40,95.0,125.6,2.0,93,86.0,173.8,5.7
14,292.3,578.4,19.4,33,91.6,129.5,0.9,92,86.4,173.4,5.7
14,299.1,578.3,19.4,35,93.7,131.3,0.4,86,86.2,173.3,5.6
14,301.2,578.3,19.4,46,96.2,129.5,0.5,84,80.6,173.5,5.7
15,272.7,577.5,19.5,45,94.5,128.4,0.6,81,86.5,173.4,5.6
15,286.6,577.5,19.5,45,97.2,128.0,0.6,79,81.0,173.5,5.7
15,282.2,577.5,19.5,55,88.9,128.3,0.9,76,79.3,173.5,5.7
15,279.3,577.5,19.5,66,89.4,129.3,0.9,73,76.0,173.5,5.7
16,250.7,578.5,19.3,71,93.7,130.0,0.9,69,81.2,173.7,5.7
15,258.4,579.2,19.2,80,93.9,130.0,0.9,68,85.5,173.5,5.7
15,264.4,579.2,19.2,87,95.8,129.6,1.1,65,76.5,173.7,5.8
15,254.3,579.2,19.2,95,96.8,128.7,1.2,64,80.4,173.6,5.7
15,251.7,579.2,19.2,101,97.1,129.6,1.2,66,73.8,173.5,5.8
15,244.0,579.2,19.2,100,93.9,129.3,1.5,63,86.1,173.7,5.8
15,235.2,579.2,19.2,110,95.4,130.6,1.6,64,84.3,173.3,5.8
15,222.7,579.2,19.2,115,99.2,130.3,1.6,67,83.6,172.9,5.8
14,227.3,580.0,19.1,115,100.9,129.0,1.7,67,84.4,172.8,5.8
13,253.8,581.0,18.9,123,103.7,128.8,1.6,64,81.7,172.8,5.8
11,318.0,581.2,18.7,126,101.9,128.3,2.0,59,85.6,173.3,5.9
11,310.9,581.2,18.7,132,104.9,128.1,1.9,64,77.8,173.4,5.9
12,282.9,582.2,18.5,132,105.7,128.1,1.9,60,90.6,173.3,5.8
12,284.3,582.2,18.5,140,103.8,128.5,2.1,61,89.8,173.8,5.9
12,276.1,582.2,18.5,138,106.6,128.2,2.1,62,93.2,173.8,5.8
11,302.9,583.6,18.2,146,102.8,128.5,2.3,65,90.2,173.8,5.7
11,294.6,583.6,18.2,133,103.1,128.8,2.4,73,94.9,173.7,5.7
11,304.9,583.6,18.2,119,100.2,129.0,2.4,76,104.6,173.8,5.7
11,316.0,583.6,18.2,107,95.5,128.8,2.6,86,98.3,174.0,5.7
11,315.3,583.6,18.2,86,96.4,129.0,2.3,91,101.3,174.3,5.7
11,319.9,583.6,18.2,76,99.2,129.1,2.1,104,87.3,174.2,5.7
12,305.7,584.2,18.0,72,97.5,129.3,1.8,108,81.1,174.4,5.7
11,354.4,585.7,17.7,63,100.5,128.7,1.8,98,89.6,174.3,5.6
11,366.8,585.7,17.7,65,97.8,129.0,2.0,99,86.1,174.5,5.6
10,407.0,587.5,17.3,58,96.6,127.9,2.2,101,83.6,174.4,5.6
11,381.0,587.9,17.2,57,96.3,128.0,2.1,97,86.2,174.6,5.6
13,316.5,586.4,17.5,53,99.8,129.0,2.0,93,88.1,174.5,5.6
13,338.0,586.4,17.5,58,98.4,128.3,1.9,85,89.9,174.5,5.7
14,307.1,586.7,17.3,55,97.8,127.6,1.7,86,89.2,174.9,5.6
14,310.9,586.7,17.3,50,96.7,128.2,1.3,91,81.9,174.9,5.6
15,291.8,587.2,17.1,41,95.2,126.1,1.3,89,83.1,174.6,5.6
15,287.3,587.2,17.1,49,92.1,125.4,0.8,88,79.8,174.4,5.6
15,300.7,587.2,17.1,38,95.9,126.2,1.1,84,82.1,174.5,5.6
15,307.4,587.2,17.1,45,93.5,126.7,0.7,81,78.2,174.3,5.6
15,297.0,587.2,17.1,53,91.0,127.2,1.1,79,82.2,174.3,5.6
15,306.1,587.2,17.1,55,92.1,127.1,1.3,75,81.6,174.6,5.6
15,299.9,587.2,17.1,54,95.1,127.3,1.1,80,73.3,175.0,5.6
15,300.6,587.2,17.1,58,97.2,128.0,0.9,77,71.9,175.4,5.7
15,304.7,587.2,17.1,63,97.3,128.6,1.1,74,69.4,175.5,5.7
14,329.3,586.7,17.2,62,94.4,128.7,1.1,69,74.2,175.6,5.6
14,332.8,586.7,17.2,65,97.4,127.9,0.9,64,78.6,175.6,5.6
14,331.2,586.7,17.2,66,94.4,127.6,1.3,62,89.1,175.3,5.6
14,331.3,586.7,17.2,59,101.3,126.0,1.4,60,94.3,175.2,5.6
14,316.4,584.9,17.6,67,100.5,125.3,1.3,61,91.0,175.4,5.5
15,297.3,585.4,17.4,80,97.3,126.6,1.5,58,84.4,175.5,5.5
15,294.6,585.4,17.4,81,99.2,127.0,1.3,58,89.8,175.4,5.5
15,313.2,585.4,17.4,82,103.3,127.0,1.2,56,80.7,175.4,5.4
16,297.4,585.7,17.3,77,108.3,125.8,1.1,52,83.5,175.3,5.4
16,291.6,585.7,17.3,81,107.9,125.5,1.0,53,84.0,175.2,5.4
16,285.5,585.7,17.3,85,110.1,126.5,1.2,51,88.7,175.4,5.4
16,279.4,585.7,17.3,84,109.0,127.6,1.1,51,94.3,175.5,5.4
16,274.3,585.7,17.3,105,101.5,127.4,1.2,52,91.4,175.1,5.3
16,276.0,585.7,17.3,94,108.5,127.9,1.1,52,92.6,175.3,5.3
16,267.7,585.7,17.3,94,107.4,128.5,1.2,56,87.6,175.3,5.4
16,260.2,585.7,17.3,95,106.2,128.1,1.2,58,91.3,175.4,5.4
16,274.9,585.7,17.3,111,100.2,128.5,1.4,56,86.4,175.1,5.5
16,273.6,585.7,17.3,111,103.3,129.0,1.5,58,84.9,175.2,5.5
17,253.1,586.1,17.2,122,96.9,128.9,1.7,57,92.5,175.3,5.5
17,243.7,586.1,17.2,118,100.2,129.0,1.9,60,92.3,175.4,5.5
17,235.0,586.1,17.2,121,99.9,129.1,1.8,64,90.9,175.5,5.5
17,235.0,586.1,17.2,120,98.4,129.6,1.8,67,91.4,175.5,5.6
17,237.3,586.1,17.2,124,97.6,129.4,2.1,68,92.5,175.4,5.6
17,247.3,586.1,17.2,121,99.0,129.8,2.1,66,96.6,175.3,5.6
17,254.1,586.1,17.2,122,103.4,129.7,2.2,67,81.9,175.4,5.7
17,263.9,586.1,17.2,118,103.1,129.5,2.2,63,89.7,175.4,5.7
17,266.1,586.1,17.2,126,106.0,129.0,2.1,65,77.0,175.9,5.8
17,254.6,586.2,17.2,126,107.7,129.3,2.2,65,83.9,175.9,5.8
17,256.0,586.2,17.2,146,105.6,129.1,2.3,61,87.5,176.1,5.8
16,262.8,585.8,17.3,144,108.3,128.8,2.4,60,97.2,176.4,5.8
16,267.9,585.8,17.3,142,111.9,128.8,2.4,58,97.7,176.3,5.8
16,304.5,585.8,17.3,140,111.3,128.7,2.5,52,97.3,176.4,5.8
18,272.5,585.1,17.4,147,110.8,128.4,2.7,53,85.3,176.5,5.8
18,269.7,585.1,17.4,134,110.8,128.3,2.7,51,116.6,176.4,5.8
19,268.7,586.9,16.9,147,108.4,128.3,2.6,54,90.1,176.5,5.9
19,266.6,587.1,16.9,135,110.6,129.4,2.5,55,98.1,176.4,5.8
19,264.3,587.1,16.9,124,105.6,129.2,2.3,62,98.2,176.6,5.8
19,257.5,587.1,16.9,113,103.5,129.5,2.2,73,91.4,176.4,5.8
20,241.6,586.0,17.2,98,108.8,129.7,2.0,76,91.2,176.3,5.8
19,257.3,585.7,17.3,102,102.2,130.0,1.7,73,98.5,176.2,5.7
19,277.4,585.7,17.3,98,101.0,131.3,1.2,70,98.7,176.2,5.7
19,279.6,585.7,17.3,106,95.8,130.8,1.5,77,81.1,175.9,5.7
20,265.9,586.1,17.2,101,94.5,130.7,1.5,73,81.2,175.9,5.7
20,263.9,586.1,17.2,91,101.1,130.2,1.2,71,85.1,175.9,5.7
20,267.2,586.1,17.2,101,97.8,130.2,1.4,69,80.3,175.9,5.7
19,298.8,585.9,17.3,104,100.7,129.2,1.3,61,82.1,176.0,5.7
18,312.4,585.5,17.3,111,99.6,129.2,1.4,59,82.6,175.9,5.7
18,303.0,585.5,17.3,112,97.6,129.1,1.8,61,84.4,175.6,5.7
18,305.4,585.5,17.3,118,94.3,128.4,2.1,60,85.4,175.5,5.7
19,289.1,585.8,17.2,129,94.7,128.0,2.2,58,79.2,175.6,5.7
19,300.1,585.8,17.2,128,98.3,127.4,2.2,52,86.9,175.3,5.7
20,277.2,586.1,17.1,143,101.3,128.0,2.1,52,82.5,175.5,5.7
20,277.2,587.2,16.7,152,103.5,128.2,2.2,46,93.6,175.4,5.7
20,284.5,587.2,16.7,146,106.7,128.9,2.4,48,84.7,175.4,5.7
20,302.5,587.2,16.7,159,100.7,128.9,2.5,42,83.6,175.2,5.7
20,292.6,587.2,16.7,165,102.8,129.2,2.6,43,86.5,175.2,5.7
20,287.8,587.2,16.7,186,101.4,129.0,2.5,42,96.1,174.7,5.6
21,263.0,587.6,16.6,187,100.1,129.4,2.4,45,110.7,174.2,5.6
20,273.4,588.6,16.3,190,103.3,129.5,2.3,51,98.5,174.0,5.6
20,265.5,588.6,16.3,187,105.5,130.5,2.4,58,95.1,173.8,5.7
20,259.5,588.6,16.3,173,104.0,130.4,2.5,64,104.4,174.0,5.7
20,259.9,588.6,16.3,179,104.1,131.1,2.4,74,92.6,173.9,5.7
21,257.9,588.9,16.3,162,105.2,130.8,2.3,80,94.0,173.7,5.7
21,255.6,588.9,16.3,154,109.1,131.1,2.4,86,90.4,173.5,5.7
21,257.1,588.9,16.3,147,111.2,129.9,2.2,89,90.9,173.5,5.7
21,253.1,588.9,16.3,140,115.1,130.9,2.1,94,85.1,173.3,5.8
21,246.9,588.9,16.3,131,117.1,132.1,2.3,100,86.3,173.2,5.8
21,253.6,588.9,16.3,141,116.3,132.7,2.1,98,84.2,173.1,5.8
21,243.1,588.9,16.3,146,116.5,133.8,2.2,102,82.3,173.2,5.8
20,260.1,588.6,16.3,137,121.1,133.7,2.5,98,83.8,173.0,5.8
20,263.5,588.6,16.3,137,120.9,132.6,2.7,100,79.7,173.0,5.7
20,267.7,588.6,16.3,126,127.8,134.2,2.8,95,84.4,173.0,5.7
21,255.5,588.8,16.2,131,120.8,135.1,2.8,93,86.7,173.0,5.7
20,274.0,590.0,15.9,140,114.0,134.0,2.7,91,85.4,173.1,5.8
20,273.8,590.0,15.9,144,113.4,134.5,2.6,87,91.7,173.0,5.8
21,245.8,590.1,15.8,137,110.2,133.9,2.7,96,88.5,173.0,5.8
20,264.6,589.8,15.8,128,104.5,132.0,2.6,96,97.3,173.3,5.9
20,260.8,589.6,15.9,117,103.2,131.3,2.8,107,87.2,173.5,5.9
19,275.6,590.8,15.5,109,101.3,130.4,2.9,109,87.9,173.8,5.9
21,251.6,590.9,15.4,101,102.7,129.7,2.7,111,85.4,174.0,6.0
20,276.2,590.7,15.3,104,101.6,129.1,2.6,109,79.0,174.3,6.1
19,301.6,590.6,15.3,90,99.7,127.5,2.4,103,88.6,174.4,6.1
18,335.6,591.9,14.9,80,98.4,127.3,2.4,100,89.3,174.3,6.1
18,350.0,591.9,14.9,83,93.8,126.9,2.3,98,80.7,174.3,6.1
18,353.7,591.9,14.9,87,94.6,126.9,2.2,94,81.1,174.4,6.2
19,321.8,591.8,14.9,78,96.9,126.0,2.2,96,86.3,174.6,6.2
19,322.0,591.8,14.9,71,100.0,127.2,2.0,91,91.8,174.5,6.2
19,335.3,591.8,14.9,65,98.9,128.9,2.0,84,98.6,174.4,6.3
20,316.0,591.8,14.9,61,97.5,129.3,2.0,85,93.8,174.7,6.3
20,320.0,591.8,14.9,58,94.3,129.9,1.6,81,96.2,174.8,6.2
20,319.1,591.8,14.9,65,91.2,130.3,1.5,82,90.2,175.0,6.2
21,293.0,591.9,14.9,74,90.8,130.4,1.4,85,83.9,174.9,6.2
21,278.1,591.9,14.9,76,93.7,129.5,1.2,88,82.5,175.0,6.1
21,267.0,591.9,14.9,70,95.9,131.4,1.1,88,87.4,175.0,6.1
21,262.9,591.9,14.9,70,98.2,130.9,1.1,90,85.2,175.0,6.1
22,247.8,592.1,15.0,67,95.7,130.9,1.1,90,81.0,174.9,6.1
22,266.1,592.1,15.0,60,96.2,131.4,1.3,81,82.7,174.9,6.2
22,274.9,592.1,15.0,61,94.0,131.3,1.4,75,80.8,174.9,6.1
22,274.3,592.1,15.0,55,92.9,130.7,1.3,73,83.7,174.8,6.2
22,271.4,592.1,15.0,59,97.8,130.6,1.2,72,76.5,174.6,6.2
21,290.2,592.1,14.9,70,94.1,129.1,1.3,64,80.8,174.5,6.2
21,280.6,592.1,14.9,67,98.3,128.7,1.5,64,81.9,174.4,6.1
21,277.9,592.1,14.9,66,101.1,129.6,1.7,60,86.3,174.4,6.1
20,300.3,592.1,15.0,70,91.6,129.0,2.1,52,100.8,174.6,6.1
20,298.5,592.1,15.0,77,93.2,128.6,1.9,52,97.1,174.6,6.0
20,298.3,592.1,15.0,85,96.6,128.8,1.9,52,88.8,174.7,6.1
20,299.0,592.1,15.0,100,94.9,127.6,2.0,49,89.3,174.3,6.0
20,290.3,592.1,15.0,106,96.3,127.3,2.2,50,89.1,174.4,6.1
20,289.7,592.1,15.0,100,103.7,127.3,2.2,50,87.3,174.4,6.0
20,302.7,592.1,15.0,108,101.3,127.8,2.4,43,88.1,174.3,5.9
19,317.6,592.1,15.0,115,100.1,126.8,2.6,43,89.8,174.1,5.9
21,291.6,592.1,14.9,125,101.5,125.9,2.5,35,100.1,174.5,5.8
21,284.7,592.1,14.9,145,98.2,126.2,2.6,36,94.5,174.1,5.7
22,262.3,592.0,14.9,156,99.3,126.0,2.7,36,98.0,174.2,5.7
22,262.9,592.0,14.9,169,102.7,126.3,2.7,34,87.2,174.5,5.6
22,258.4,592.0,14.9,176,105.4,125.9,2.7,35,96.7,174.5,5.7
22,257.9,592.0,14.9,195,101.8,125.7,2.9,33,106.1,174.4,5.6
20,288.6,592.0,15.0,212,104.8,126.3,2.9,32,91.2,174.0,5.5
19,298.8,592.0,14.9,235,103.4,126.6,3.0,36,84.7,174.1,5.6
19,305.4,592.0,14.9,258,103.0,126.1,3.2,31,90.3,174.1,5.7
19,297.6,592.0,14.9,269,106.0,125.9,3.3,33,93.3,174.2,5.6
19,295.1,592.0,14.9,305,104.8,125.9,3.4,36,80.8,174.1,5.7
19,286.5,592.0,14.9,325,107.1,125.8,3.4,38,95.2,173.9,5.7
19,277.3,592.0,14.9,340,110.6,125.8,3.5,45,86.3,173.7,5.7
19,280.4,592.0,14.9,354,112.8,126.2,3.5,48,89.2,173.9,5.7
20,263.1,592.1,14.9,357,115.8,125.2,3.8,48,102.4,173.8,5.6
19,288.7,591.9,14.9,365,120.2,125.0,3.9,50,92.9,174.2,5.7
19,291.2,591.9,14.9,370,125.9,124.8,4.0,50,93.6,173.8,5.7
19,288.4,591.9,14.9,386,130.4,125.1,4.0,51,93.5,173.4,5.7
19,285.0,591.9,14.9,396,135.0,124.9,4.1,52,98.2,173.5,5.7
19,287.3,591.9,15.0,399,141.3,124.9,4.2,52,98.1,173.6,5.6
18,304.5,592.0,15.0,402,146.7,124.7,4.2,56,97.1,173.2,5.5
18,303.8,592.0,15.0,417,148.2,124.6,4.3,58,104.2,172.9,5.5
18,320.2,592.0,15.0,421,153.8,124.4,4.3,61,94.4,172.8,5.5
19,302.5,592.1,15.1,421,160.5,124.1,4.4,60,100.0,172.7,5.5
19,318.3,592.1,15.1,436,162.0,124.2,4.4,60,100.2,172.8,5.5
19,322.2,592.1,15.1,434,166.9,124.0,4.4,62,108.6,172.6,5.5
19,326.2,592.1,15.1,429,172.0,124.0,4.4,69,107.7,172.6,5.5
20,299.9,592.0,15.0,430,174.7,123.9,4.5,81,102.0,172.4,5.6
20,320.4,592.0,15.0,424,177.1,123.7,4.5,86,101.1,172.3,5.6
22,275.0,592.0,15.1,419,180.7,123.7,4.6,92,109.1,172.1,5.6
22,290.5,592.0,15.1,419,182.9,123.4,4.6,95,107.6,171.9,5.6
22,296.1,592.0,15.1,407,186.9,123.3,4.6,103,110.4,171.8,5.7
22,322.9,592.0,15.1,396,188.0,123.0,4.7,110,104.9,171.4,5.7
23,330.5,592.0,15.1,379,189.0,123.0,4.7,113,111.5,171.1,5.6
26,301.1,591.9,15.1,369,186.7,122.5,4.7,122,108.3,170.7,5.7
25,333.6,591.9,15.1,357,185.9,122.3,4.6,119,118.4,170.3,5.7
26,323.7,591.9,15.1,357,181.1,122.3,4.5,131,110.9,169.9,5.7
26,321.1,591.9,15.1,334,183.8,122.9,4.3,138,116.6,169.6,5.6
26,323.9,591.9,15.1,326,183.1,122.8,4.4,156,101.6,169.6,5.7
26,323.1,591.9,15.1,301,179.1,122.6,4.4,173,104.6,169.4,5.7
26,326.0,591.9,15.1,272,172.4,123.0,4.3,190,106.3,169.5,5.7
28,300.5,592.0,15.1,254,154.5,123.3,4.1,218,101.8,169.2,5.7
30,284.1,592.0,15.0,230,140.6,123.7,4.0,234,95.5,169.4,5.8
30,293.4,592.0,15.0,201,137.8,124.5,3.9,252,86.9,169.7,5.8
30,297.4,592.0,15.0,172,129.5,125.0,3.6,264,85.4,169.6,5.8
30,307.0,592.0,15.0,159,122.4,125.9,3.7,269,79.7,169.6,5.8
32,284.2,592.0,15.0,136,112.6,126.6,3.4,275,78.2,169.8,5.8
32,296.3,592.0,15.0,120,111.2,126.9,3.2,263,78.2,169.8,5.7
33,291.5,592.0,15.0,112,106.1,127.9,2.9,261,72.4,169.6,5.7
35,280.0,592.0,15.0,112,98.0,128.7,2.8,249,69.8,169.7,5.7
37,262.7,592.1,14.9,99,98.1,130.5,2.5,238,69.3,169.7,5.7
38,263.2,592.1,14.9,108,95.7,130.6,2.4,225,62.6,169.9,5.7
38,276.6,592.1,14.9,101,98.0,130.9,2.0,200,62.9,170.0,5.7
37,290.8,592.2,14.9,105,100.6,129.9,2.1,176,62.8,169.8,5.7
38,280.8,592.1,15.0,114,97.1,129.4,2.2,160,62.8,169.8,5.7
37,293.2,592.2,15.0,114,97.9,129.9,2.3,145,63.4,169.5,5.7
37,290.7,592.2,15.0,113,100.3,128.9,2.2,138,61.1,169.4,5.7
36,300.4,592.2,15.0,134,97.0,128.9,2.2,121,60.3,169.2,5.7
36,292.4,592.2,15.0,132,100.2,128.7,2.3,112,65.3,169.3,5.7
36,297.9,592.2,15.0,140,98.7,129.5,2.3,99,64.9,169.6,5.7
35,306.0,592.2,15.0,142,99.5,129.1,2.6,88,69.2,169.9,5.7
37,290.2,592.1,14.9,160,96.6,129.1,2.6,74,69.6,170.1,5.7
37,282.2,592.1,14.9,168,96.9,128.0,2.5,71,71.3,170.2,5.7
35,292.7,592.2,14.9,165,98.1,127.7,2.4,70,73.4,170.4,5.7
36,276.3,592.2,14.9,179,97.6,128.6,2.3,74,69.4,170.1,5.6
36,273.7,592.2,14.9,180,98.6,129.3,2.3,69,79.1,169.7,5.7
37,259.2,592.2,14.9,184,99.9,129.7,2.1,70,78.6,169.1,5.5
35,282.0,592.2,14.9,191,99.7,129.3,2.1,62,80.8,169.4,5.5
35,279.5,592.2,14.9,195,102.1,129.2,2.2,59,78.8,169.1,5.5
36,263.8,592.0,14.9,210,100.8,129.0,2.3,61,75.5,168.9,5.5
35,274.4,592.0,14.8,209,103.8,129.9,2.1,55,82.4,169.0,5.5
34,278.2,592.0,14.8,223,105.9,130.1,2.2,56,75.3,169.6,5.5
34,267.9,592.1,14.8,219,109.0,130.0,2.2,57,86.8,169.9,5.5
34,257.4,592.1,14.8,225,110.6,130.3,2.1,60,92.7,169.7,5.5
32,265.4,592.0,14.7,215,114.7,130.0,2.3,64,95.5,169.9,5.4
31,272.5,591.9,14.7,212,116.3,129.5,2.1,66,102.6,170.1,5.4
31,275.5,591.9,14.7,209,116.5,129.5,2.1,67,106.0,170.5,5.5
32,261.5,591.8,14.7,205,117.9,129.2,2.2,70,107.8,170.4,5.5
31,292.5,591.8,14.7,209,115.1,129.1,2.4,70,89.8,170.4,5.5
32,284.1,591.9,14.7,200,119.7,128.2,2.5,65,93.2,170.6,5.4
33,275.3,591.8,14.7,199,121.6,128.3,2.6,64,92.3,170.6,5.4
33,271.4,591.9,14.7,205,124.0,128.0,2.5,65,89.4,171.0,5.4
33,265.4,591.9,14.7,210,122.8,128.0,2.7,68,87.9,171.1,5.5
32,269.2,591.8,14.7,212,123.2,128.3,2.7,69,90.8,171.1,5.5
32,259.6,591.8,14.7,200,125.7,128.3,2.8,73,103.1,171.0,5.5
32,266.6,591.8,14.7,200,122.7,127.7,2.9,76,97.7,171.0,5.5
32,263.6,591.8,14.7,183,124.1,127.4,3.1,80,111.2,170.7,5.5
32,270.1,591.8,14.7,171,122.4,126.9,3.1,86,106.0,171.3,5.5
34,263.9,591.8,14.7,169,115.3,126.4,3.0,88,98.7,171.1,5.5
33,283.3,591.8,14.7,156,116.1,125.6,3.2,80,105.9,171.3,5.5
34,284.3,591.8,14.7,157,116.2,125.6,3.2,77,100.3,171.5,5.5
33,297.2,591.8,14.7,164,118.2,126.2,3.0,75,93.0,171.3,5.5
34,281.5,591.7,14.7,160,115.6,126.2,3.3,73,106.0,170.9,5.5
33,290.2,591.7,14.7,162,113.5,126.9,3.3,76,105.4,170.7,5.6
33,300.1,591.7,14.7,162,114.7,126.7,3.2,77,91.4,170.5,5.6
34,284.4,591.6,14.6,161,109.2,127.6,3.3,81,98.0,170.4,5.6
34,292.2,591.6,14.6,154,107.4,129.2,3.0,80,100.1,170.3,5.5
35,289.1,591.7,14.6,156,105.2,128.5,2.8,78,98.0,170.3,5.5
35,297.8,591.7,14.6,150,106.5,129.3,2.9,75,96.5,170.3,5.5
36,282.4,591.6,14.6,139,104.1,128.3,2.9,78,105.2,170.0,5.5
35,291.1,591.7,14.6,122,103.1,128.0,2.6,84,102.7,170.0,5.5
35,297.1,591.7,14.6,126,101.9,128.9,2.4,83,95.7,169.7,5.6
35,307.9,591.7,14.6,120,99.7,128.5,2.1,79,95.5,169.5,5.6
35,302.4,591.7,14.6,121,99.1,129.0,2.0,82,90.5,169.4,5.6
35,310.1,591.7,14.6,129,100.0,129.7,1.7,77,81.6,169.2,5.6
36,307.6,591.8,14.6,131,101.7,129.1,1.7,65,83.7,169.5,5.6
36,309.9,591.8,14.6,141,105.4,129.2,1.7,55,85.6,169.5,5.6
38,287.0,591.8,14.6,157,105.4,129.4,1.8,48,85.2,169.8,5.6
38,277.7,591.8,14.6,179,102.7,129.4,1.9,44,85.6,170.4,5.5
38,266.9,591.8,14.6,190,104.0,128.8,2.0,42,97.9,170.4,5.5
38,261.5,591.8,14.6,200,106.7,129.5,2.1,43,86.0,171.2,5.5
38,255.3,591.8,14.6,202,109.0,129.5,2.2,43,94.3,171.4,5.5
37,256.5,591.8,14.6,221,107.4,128.8,2.3,41,98.4,172.1,5.4
37,246.2,591.8,14.6,218,110.0,128.7,2.3,43,108.9,172.5,5.4
37,241.8,591.8,14.6,217,109.3,128.4,2.4,44,123.3,172.9,5.4
37,239.5,591.8,14.6,237,106.2,128.3,2.4,53,91.7,172.9,5.4
36,241.6,591.8,14.6,216,105.2,128.1,2.4,56,112.1,173.0,5.5
36,240.9,591.8,14.6,217,102.6,128.0,2.6,62,103.8,173.2,5.4
35,251.8,591.9,14.6,198,101.3,127.1,2.7,67,107.6,173.3,5.4
37,236.1,591.9,14.6,193,103.7,126.8,2.8,68,107.2,173.3,5.4
38,229.3,591.8,14.6,187,103.2,126.9,2.9,72,104.0,173.3,5.4
38,230.2,591.8,14.6,183,104.3,125.4,2.9,80,91.9,173.3,5.4
38,225.1,591.8,14.6,178,103.6,125.0,3.0,82,95.6,173.3,5.4
38,226.5,591.8,14.6,171,97.9,125.8,3.1,83,98.3,173.3,5.4
38,243.6,591.8,14.6,165,98.4,126.0,3.2,73,97.0,173.4,5.4
38,244.4,591.8,14.6,170,99.8,125.8,3.1,72,89.9,173.6,5.4
36,260.0,591.7,14.6,175,101.2,126.0,3.1,68,90.4,173.8,5.4
36,257.1,591.7,14.6,185,103.0,126.1,3.0,63,92.1,173.6,5.4
35,258.1,591.8,14.6,205,102.5,125.2,3.1,61,89.4,173.7,5.4
33,275.6,591.7,14.6,219,102.6,125.6,3.1,53,92.2,173.8,5.5
33,271.1,591.7,14.6,230,102.7,126.1,3.1,54,95.7,173.7,5.5
33,270.4,591.6,14.6,242,103.8,126.4,3.1,52,98.4,173.6,5.6
33,258.8,591.5,14.5,254,105.5,126.6,3.1,55,100.0,173.6,5.6
33,270.9,591.5,14.5,256,108.8,126.4,3.1,50,95.7,173.6,5.7
33,269.0,591.6,14.6,260,110.4,126.4,3.3,50,100.7,173.5,5.7
32,273.5,591.6,14.6,266,113.0,126.0,3.2,53,94.5,173.5,5.7
32,275.0,591.5,14.6,281,113.0,125.7,3.2,51,93.8,173.6,5.7
32,284.4,591.5,14.6,284,116.7,125.4,3.2,45,95.8,173.7,5.7
33,278.4,591.5,14.6,298,116.2,125.5,3.3,44,92.1,174.0,5.8
33,274.5,591.5,14.6,307,119.2,125.5,3.3,43,100.9,173.8,5.7
33,269.8,591.5,14.6,319,120.9,125.2,3.4,47,97.5,173.6,5.7
33,260.4,591.4,14.6,339,120.7,125.1,3.5,50,105.6,173.8,5.7
33,262.1,591.4,14.6,344,125.0,125.2,3.5,49,100.5,174.0,5.8
33,266.7,591.4,14.6,355,128.1,125.1,3.7,48,89.7,174.2,5.9
34,264.8,591.4,14.6,369,129.9,125.1,3.7,42,88.3,174.2,6.0
34,262.4,591.5,14.6,375,133.7,125.3,3.6,42,88.2,174.3,6.0
34,260.0,591.5,14.6,389,136.9,125.7,3.6,40,93.4,174.5,6.1
33,256.4,591.4,14.6,403,138.1,125.4,3.6,46,93.4,174.5,6.2
33,247.9,591.4,14.6,395,141.0,125.6,3.5,53,108.1,174.4,6.3
33,240.1,591.4,14.6,407,139.1,126.0,3.6,66,98.6,174.5,6.4
33,234.9,591.4,14.6,403,140.7,126.4,3.6,71,106.7,174.5,6.4
33,234.3,591.4,14.6,408,140.0,126.4,3.6,77,106.8,174.7,6.4
33,227.8,591.4,14.6,391,140.9,126.6,3.5,91,107.8,174.7,6.5
33,232.7,591.4,14.6,357,147.1,126.8,3.5,101,105.8,174.5,6.5
33,250.8,591.4,14.6,348,145.4,127.0,3.5,105,98.4,174.5,6.4
34,251.9,591.3,14.6,336,146.0,127.6,3.5,107,97.7,174.5,6.4
34,286.9,591.3,14.6,325,146.6,127.7,3.5,93,96.8,174.5,6.4
32,302.4,591.1,14.5,330,148.4,127.4,3.5,96,90.9,174.6,6.4
34,285.4,591.1,14.5,333,147.7,127.2,3.6,92,91.0,174.5,6.5
34,291.9,591.1,14.5,337,151.2,127.1,3.7,84,92.7,174.7,6.5
35,287.5,591.1,14.5,347,149.5,127.6,3.6,82,91.6,174.6,6.4
35,292.1,591.1,14.5,346,148.6,127.4,3.7,78,101.3,174.6,6.4
35,291.5,591.0,14.5,354,147.0,127.4,3.8,77,100.5,174.6,6.4
36,291.9,590.9,14.5,352,150.8,127.4,3.8,79,86.4,174.8,6.4
37,275.9,590.9,14.5,344,154.3,127.9,3.8,80,96.6,174.8,6.4
34,297.5,590.8,14.4,359,151.4,128.0,3.7,81,100.7,174.7,6.3
34,290.6,590.8,14.4,364,150.5,128.3,3.6,90,88.1,174.7,6.3
34,285.4,590.8,14.4,355,147.7,128.2,3.7,91,108.0,174.6,6.4
34,279.4,590.8,14.4,348,146.1,128.5,3.7,104,104.5,174.6,6.3
34,280.6,590.8,14.4,335,144.8,128.6,3.7,112,105.4,174.6,6.3
33,280.3,590.7,14.4,330,139.6,129.1,3.6,125,107.2,174.5,6.3
33,278.4,590.7,14.4,316,136.6,128.7,3.5,134,108.3,174.4,6.2
32,287.5,590.7,14.4,301,134.5,128.9,3.5,155,92.1,174.2,6.3
34,262.0,590.7,14.4,271,128.7,128.3,3.4,167,96.1,174.2,6.2
34,269.4,590.7,14.4,246,123.8,128.0,3.2,178,92.4,174.1,6.2
34,264.2,590.7,14.4,216,123.0,127.2,3.2,193,90.7,174.0,6.2
34,261.3,590.7,14.4,199,116.6,127.2,3.0,197,91.6,174.1,6.2
34,262.2,590.7,14.4,184,115.4,127.2,2.9,203,85.3,174.0,6.2
33,289.5,590.7,14.4,168,114.8,127.2,2.9,190,84.5,174.1,6.1
35,291.1,590.6,14.4,162,117.0,127.7,2.7,181,74.7,174.1,6.1
38,268.4,590.6,14.3,167,114.6,127.6,2.8,170,70.1,174.2,6.0
40,259.4,590.7,14.4,163,121.6,127.6,2.8,156,66.4,174.2,6.0
40,259.5,590.8,14.4,167,121.0,127.8,2.9,143,67.7,174.2,5.9
38,279.6,590.8,14.5,173,117.3,127.8,2.9,130,69.5,174.0,5.9
39,278.4,590.8,14.4,170,121.5,127.6,2.9,107,72.1,173.9,5.9
39,286.3,590.8,14.4,172,122.2,128.2,2.9,96,67.1,173.9,5.9
40,277.1,590.8,14.4,177,117.7,128.3,3.1,87,72.1,173.9,5.9
39,281.8,590.7,14.4,179,120.0,127.8,3.0,79,73.5,173.8,5.9
39,273.5,590.7,14.4,187,112.9,127.4,3.0,76,84.4,173.5,5.9
38,274.6,590.8,14.5,187,113.2,127.3,3.1,77,80.6,173.7,5.9
38,269.6,590.8,14.5,181,112.5,127.0,3.0,80,83.9,173.6,5.8
36,274.3,590.7,14.4,180,107.6,127.1,2.8,83,94.9,173.6,5.8
36,269.9,590.7,14.4,188,101.6,126.7,2.8,92,86.1,173.6,5.7
36,271.7,590.6,14.4,182,99.3,126.7,2.9,94,83.9,173.5,5.7
38,246.9,590.5,14.4,169,101.7,126.7,2.7,96,89.1,173.4,5.7
37,249.1,590.4,14.3,176,99.8,126.1,2.6,98,85.0,173.4,5.8
37,256.0,590.4,14.3,179,96.8,126.4,2.4,93,84.6,173.2,5.9
38,241.6,590.5,14.3,169,102.1,126.9,2.2,99,80.8,173.0,5.9
36,258.7,590.7,14.3,170,104.0,126.9,2.3,91,84.9,173.0,5.9
35,276.0,590.7,14.3,178,101.7,126.7,2.5,78,85.6,173.0,5.9
35,273.6,590.7,14.3,182,103.2,125.8,2.4,77,84.3,172.8,6.0
35,272.6,590.7,14.3,171,108.1,126.3,2.3,71,97.4,172.8,6.1
36,276.4,590.7,14.3,189,103.6,126.5,2.4,67,83.4,172.8,6.1
36,269.0,590.5,14.2,196,98.3,127.3,2.6,72,82.9,172.7,6.1
37,264.1,590.6,14.3,188,101.6,127.4,2.4,67,87.1,172.5,6.1
38,255.7,590.6,14.3,182,104.7,128.3,2.3,64,90.1,172.4,6.1
37,266.2,590.6,14.3,179,103.4,129.0,2.4,65,83.1,172.4,6.0
36,265.8,590.5,14.2,172,104.5,129.3,2.4,68,90.9,172.5,6.0
35,273.1,590.5,14.2,177,103.0,128.9,2.4,72,86.0,172.4,6.1
34,279.0,590.5,14.2,181,103.1,128.8,2.5,73,86.3,172.3,6.1
34,277.0,590.5,14.2,191,102.4,128.8,2.7,70,89.7,172.3,6.0
34,284.8,590.5,14.2,188,105.6,129.2,2.6,68,88.2,172.4,6.0
37,259.0,590.6,14.1,186,108.7,129.4,2.6,68,79.5,172.3,6.0
38,256.9,590.5,14.2,177,111.5,128.9,2.7,63,82.6,172.2,6.1
38,259.1,590.5,14.2,183,109.5,129.4,2.8,62,78.1,172.2,6.3
37,262.6,590.5,14.2,186,108.7,128.4,2.7,59,87.7,172.3,6.3
37,260.6,590.5,14.2,177,109.0,128.3,2.5,56,106.1,172.3,6.3
37,256.2,590.5,14.2,190,105.4,127.7,2.6,62,87.5,172.3,6.3
37,247.0,590.5,14.2,195,106.3,127.1,2.6,63,85.6,172.1,6.2
37,247.0,590.5,14.2,192,111.1,127.6,2.6,57,84.8,172.1,6.3
37,242.1,590.5,14.2,204,109.0,127.9,2.6,59,78.9,172.2,6.2
37,241.1,590.5,14.2,209,108.6,127.3,2.6,55,91.1,172.2,6.1
36,252.5,590.5,14.2,214,109.1,127.6,2.7,57,73.5,172.3,6.2
35,254.8,590.6,14.2,218,112.7,128.0,2.7,54,82.9,172.3,6.1
35,250.9,590.4,14.3,222,113.0,128.2,2.7,48,88.8,172.2,6.1
36,239.8,590.4,14.2,225,113.5,128.1,2.9,47,90.4,172.3,6.1
35,241.9,590.4,14.3,238,114.5,127.9,2.8,46,94.4,172.4,6.1
35,241.7,590.4,14.3,248,112.9,128.1,2.8,47,88.4,172.3,6.2
35,235.3,590.4,14.3,245,113.6,128.4,2.8,50,106.5,172.3,6.1
34,235.3,590.3,14.2,243,115.7,128.1,2.9,54,107.3,172.2,6.1
33,246.4,590.3,14.2,241,118.4,128.5,2.9,56,102.3,171.9,6.0
30,277.9,590.7,14.2,241,121.6,128.8,2.8,57,88.2,171.7,5.9
31,266.7,590.6,14.2,254,119.3,128.4,3.0,58,88.8,171.5,5.9
32,267.2,590.7,14.3,265,119.2,127.9,3.1,54,78.2,171.5,6.0
33,262.6,590.7,14.3,263,122.0,127.9,3.1,48,82.1,171.8,6.0
34,255.4,590.8,14.3,279,122.2,127.6,3.1,44,80.8,172.2,5.9
34,264.6,590.8,14.3,297,120.6,127.3,3.1,33,91.2,171.9,6.0
34,257.8,590.7,14.3,319,120.4,127.3,3.2,32,89.6,171.5,6.0
34,255.0,590.7,14.3,333,123.6,127.6,3.3,28,94.3,171.1,5.9
34,245.2,590.7,14.3,342,127.6,127.5,3.3,30,105.6,170.8,5.9
35,229.4,590.7,14.3,354,129.6,127.5,3.3,36,93.1,170.7,5.8
35,230.7,590.7,14.3,357,130.9,127.7,3.4,33,135.0,170.7,5.7
36,219.1,590.8,14.3,380,130.8,127.9,3.4,38,102.7,170.8,5.6
35,228.5,590.8,14.4,385,132.3,127.9,3.4,40,104.0,170.7,5.5
35,220.2,590.8,14.4,401,128.7,127.8,3.5,41,136.1,170.7,5.5
35,218.6,590.8,14.5,402,129.6,127.7,3.5,49,117.4,170.8,5.4
31,246.7,591.1,14.5,409,128.5,127.6,3.5,57,116.5,170.9,5.4
33,232.6,591.0,14.6,410,126.7,128.2,3.4,63,122.0,171.2,5.5
32,238.7,591.1,14.6,414,123.4,128.4,3.5,80,108.2,170.9,5.5
34,232.5,591.2,14.7,404,123.1,127.9,3.5,79,118.7,171.0,5.5
34,237.3,591.2,14.7,414,122.9,127.8,3.5,90,96.8,171.0,5.4
38,203.2,591.1,14.6,409,124.2,128.1,3.5,99,97.1,171.1,5.4
37,214.6,591.2,14.6,394,127.1,128.1,3.6,104,97.8,171.1,5.4
37,234.1,591.2,14.6,402,125.4,127.9,3.7,96,98.5,171.3,5.4
37,271.7,591.2,14.6,395,127.6,127.7,3.6,83,91.4,171.7,5.4
37,281.0,591.2,14.6,398,129.1,127.6,3.7,75,93.4,171.8,5.3
38,270.5,591.2,14.6,414,128.8,127.5,3.7,76,94.9,171.9,5.3
38,267.7,591.2,14.6,424,132.9,127.4,3.6,77,87.5,171.8,5.3
38,269.0,591.2,14.6,445,133.2,127.4,3.5,72,93.3,171.6,5.3
38,278.6,591.0,14.6,458,137.9,127.5,3.5,66,83.0,171.5,5.3
37,285.0,591.0,14.7,473,140.5,127.4,3.6,65,83.5,171.5,5.4
37,286.5,591.0,14.7,490,144.6,127.2,3.6,61,78.9,171.2,5.4
37,287.1,591.0,14.7,508,148.7,127.1,3.6,60,74.2,171.1,5.4
37,279.2,591.0,14.6,518,155.1,127.0,3.7,59,73.6,171.2,5.4
38,267.3,591.0,14.6,552,156.4,127.0,3.7,56,65.1,171.2,5.4
38,262.6,591.0,14.6,576,160.1,127.0,3.8,50,68.4,171.1,5.4
38,260.0,591.0,14.6,595,165.5,126.9,3.8,48,58.0,171.2,5.4
38,256.9,591.0,14.6,613,170.5,126.8,3.9,44,56.7,171.1,5.4
39,240.6,591.0,14.6,635,174.8,126.8,3.9,39,61.6,171.0,5.3
39,238.0,591.0,14.6,654,179.5,126.6,3.9,35,63.8,171.1,5.3
39,232.7,591.0,14.6,675,183.5,126.7,4.0,31,71.7,171.2,5.3
39,226.5,591.0,14.6,692,188.7,126.6,4.0,31,76.1,171.2,5.4
39,231.7,591.0,14.6,714,192.2,126.6,4.1,27,51.3,171.3,5.4
39,227.8,591.0,14.6,743,194.8,126.5,4.1,23,56.0,171.5,5.4
38,228.8,591.0,14.6,756,201.1,126.4,4.1,21,68.9,171.5,5.5
37,228.8,591.1,14.6,770,206.9,126.4,4.2,23,70.5,171.6,5.4
37,225.0,591.1,14.6,798,209.1,126.3,4.2,22,77.2,171.2,5.5
37,220.0,591.1,14.6,814,213.2,126.3,4.3,21,111.0,171.3,5.5
36,230.4,591.2,14.7,837,215.9,126.3,4.3,20,113.0,171.5,5.5
36,229.7,591.2,14.7,857,219.5,126.2,4.4,21,124.7,171.5,5.5
35,248.0,591.2,14.6,880,223.0,126.3,4.4,19,98.0,171.2,5.6
36,240.0,591.2,14.7,902,226.2,126.1,4.5,18,110.7,171.5,5.6
37,228.6,591.2,14.7,926,229.5,126.0,4.5,15,128.8,171.7,5.6
37,234.4,591.2,14.7,954,231.1,126.0,4.6,11,172.3,171.6,5.6
38,220.4,591.2,14.7,982,234.1,126.0,4.6,11,213.0,171.6,5.5
37,224.3,591.2,14.7,1015,236.1,125.9,4.6,14,130.8,171.5,5.4
37,224.3,591.2,14.7,1036,240.4,126.0,4.6,14,126.0,171.5,5.4
37,224.2,591.2,14.7,1060,243.6,125.8,4.7,12,181.6,171.3,5.5
37,225.9,591.2,14.7,1099,244.0,125.8,4.7,9,251.4,171.6,5.8
36,225.2,591.2,14.8,1133,245.2,125.7,4.7,10,291.5,172.0,5.9
36,222.6,591.2,14.8,1167,246.5,125.7,4.7,9,445.9,171.6,5.8
36,222.4,591.2,14.8,1201,249.4,125.7,4.8,10,279.6,171.6,6.1
37,208.0,591.2,14.8,1221,253.4,125.6,4.8,13,256.2,171.3,6.1
35,229.0,591.3,14.8,1267,252.9,125.5,4.8,18,158.4,171.0,6.1
34,244.0,591.3,14.8,1297,254.3,125.5,4.9,18,202.7,171.1,5.9
34,240.9,591.3,14.8,1335,255.5,125.5,4.9,20,216.8,170.5,5.9
33,254.1,591.3,14.8,1359,257.9,125.5,5.0,23,246.6,170.5,5.8
32,264.3,591.3,14.8,1391,259.6,125.4,5.0,27,221.5,170.6,5.7
32,273.7,591.3,14.9,1416,261.9,125.4,5.0,32,191.9,170.3,5.8
32,282.6,591.3,14.9,1432,265.4,125.3,5.1,43,163.8,170.5,5.7
32,291.7,591.3,14.9,1452,268.0,125.1,5.1,48,171.0,170.6,5.8
34,284.7,591.4,15.0,1481,268.6,125.2,5.2,54,138.9,170.7,5.8
35,277.5,591.3,15.0,1501,271.6,125.1,5.2,59,143.1,170.7,5.7
38,278.9,591.4,15.0,1516,274.6,125.1,5.3,61,129.6,170.5,5.8
40,278.0,591.5,15.1,1531,278.0,125.1,5.3,65,122.0,170.4,5.7
40,299.1,591.5,15.1,1545,280.1,125.0,5.3,64,147.8,170.1,5.8
42,300.6,591.5,15.0,1581,280.6,125.1,5.3,65,140.4,170.1,5.9
43,300.6,591.5,15.1,1617,280.5,125.0,5.4,66,138.3,170.0,5.9
43,308.2,591.5,15.1,1645,283.6,124.9,5.4,64,139.1,169.8,5.9
44,308.9,591.5,15.0,1671,286.5,125.0,5.4,63,140.2,169.7,5.8
45,304.5,591.5,15.0,1698,288.7,125.0,5.4,75,118.3,169.4,5.8
47,298.1,591.4,15.0,1715,291.6,125.0,5.4,76,127.1,169.0,5.7
46,311.5,591.5,15.0,1726,295.4,125.1,5.4,76,148.1,168.9,5.6
48,314.1,591.5,15.0,1754,298.0,125.2,5.4,70,126.0,168.7,5.6
51,290.2,591.5,14.9,1785,299.5,125.2,5.4,77,124.4,168.8,5.6
53,297.2,591.4,14.9,1810,300.8,125.4,5.4,75,120.7,168.6,5.6
54,289.7,591.5,14.9,1821,305.0,125.5,5.4,84,121.7,168.8,5.6
54,296.9,591.5,14.9,1847,307.1,125.5,5.5,96,116.3,168.6,5.5
54,299.3,591.5,14.9,1862,309.6,125.6,5.5,103,129.3,168.6,5.5
54,305.3,591.5,14.9,1864,311.8,125.8,5.5,117,139.2,168.7,5.5
54,312.4,591.5,14.9,1888,312.2,125.9,5.5,129,137.8,168.9,5.5
57,302.2,591.5,14.9,1888,315.4,126.0,5.5,143,133.9,169.1,5.5
58,294.1,591.5,14.9,1902,314.9,126.2,5.6,169,126.3,169.3,5.5
59,296.8,591.5,14.9,1897,315.7,126.2,5.6,173,146.1,169.5,5.5
61,288.3,591.6,14.9,1908,314.7,126.4,5.6,187,156.6,169.5,5.5
61,298.1,591.6,14.9,1901,317.9,126.4,5.6,193,150.3,169.7,5.5
61,305.7,591.6,14.9,1916,318.0,126.4,5.7,215,132.1,169.8,5.5
61,312.7,591.6,14.9,1918,318.1,126.6,5.7,232,127.8,169.9,5.5
65,292.2,591.4,14.9,1916,319.0,126.7,5.7,245,129.0,170.0,5.6
66,294.2,591.4,14.9,1910,319.9,126.7,5.7,262,120.2,170.2,5.6
69,283.4,591.5,15.0,1922,318.7,126.8,5.7,287,113.4,170.3,5.6
70,287.3,591.3,14.9,1914,319.2,126.9,5.7,297,116.4,170.3,5.6
70,300.0,591.3,14.9,1922,319.5,127.0,5.7,305,109.8,170.2,5.6
72,293.6,591.2,14.9,1930,318.0,127.0,5.7,313,110.9,170.4,5.6
73,293.3,591.2,14.9,1948,316.4,127.1,5.7,316,109.6,170.4,5.6
71,304.3,591.2,14.9,1945,316.7,127.0,5.7,327,113.7,170.5,5.6
74,292.5,591.2,14.9,1951,317.9,127.0,5.7,344,105.1,170.7,5.7
75,292.2,591.1,14.9,1951,319.4,127.2,5.6,366,95.4,170.8,5.7
76,287.2,591.1,14.9,1948,320.7,127.4,5.6,375,98.1,170.8,5.7
76,286.4,591.1,14.9,1951,322.1,127.6,5.6,402,92.7,171.1,5.7
76,289.7,591.1,14.9,1927,324.7,127.7,5.6,410,96.0,171.2,5.7
76,292.2,591.0,14.9,1911,325.1,127.9,5.6,428,99.2,171.4,5.8
77,293.6,591.0,14.9,1906,323.0,128.1,5.6,436,101.6,171.4,5.8
80,286.9,590.9,14.9,1903,321.6,128.2,5.6,453,101.6,171.5,5.8
81,300.4,591.0,14.9,1864,327.2,128.5,5.6,462,93.5,171.5,5.8
84,300.7,590.9,14.8,1857,323.8,128.8,5.5,464,96.4,171.6,5.8
86,297.9,590.9,14.9,1840,327.2,128.8,5.5,473,91.4,171.8,5.9
87,312.5,590.9,14.8,1813,328.7,129.3,5.5,475,86.9,172.0,6.0
91,299.2,591.0,14.8,1780,332.4,129.5,5.5,479,86.0,172.2,6.0
91,309.1,591.0,14.8,1759,335.1,129.7,5.5,484,85.1,172.3,6.0
94,299.7,590.9,14.8,1725,342.9,129.7,5.5,481,81.7,172.6,6.0
94,305.9,590.9,14.8,1709,347.0,129.9,5.4,480,80.8,172.6,6.0
97,298.9,590.9,14.8,1701,346.1,129.8,5.4,458,89.5,172.8,6.0
100,294.4,591.0,14.8,1697,345.6,129.8,5.4,443,89.3,173.1,6.0
101,291.6,590.9,14.8,1697,345.2,129.7,5.4,438,90.8,173.3,5.9
103,290.9,590.9,14.8,1703,343.6,129.7,5.4,409,94.3,173.5,5.9
103,296.8,590.9,14.8,1690,344.8,129.6,5.4,391,96.4,173.6,5.9
105,290.8,590.9,14.8,1675,344.8,129.6,5.4,397,93.9,173.8,5.9
108,296.2,590.8,14.8,1661,345.4,129.5,5.4,394,90.5,173.9,5.9
110,297.9,590.8,14.8,1642,349.2,129.6,5.4,386,88.8,173.9,5.9
113,295.4,590.8,14.8,1634,349.2,129.6,5.4,389,80.2,174.0,5.9
117,287.3,590.9,14.8,1601,351.7,129.5,5.4,372,92.7,174.2,5.9
116,299.5,590.8,14.8,1591,351.9,129.4,5.4,355,96.1,174.3,5.9
118,297.7,590.9,14.8,1561,353.4,129.4,5.3,349,100.8,174.5,5.9
119,294.5,590.9,14.8,1542,354.6,129.4,5.3,363,98.3,174.3,6.0
120,294.3,590.9,14.8,1516,355.5,129.5,5.3,366,102.3,174.3,6.0
125,277.7,591.0,14.8,1498,353.3,129.5,5.3,378,112.0,174.2,6.0
124,284.4,590.9,14.8,1474,355.6,129.4,5.3,383,106.6,174.2,6.0
127,286.4,590.9,14.8,1434,357.3,129.3,5.3,379,108.7,174.2,6.1
128,285.7,591.0,14.8,1417,354.9,129.0,5.3,379,110.7,174.1,6.1
127,290.6,591.0,14.8,1409,348.2,128.9,5.3,384,119.6,174.1,6.1
132,278.4,591.1,14.8,1370,350.3,128.9,5.3,376,124.0,174.1,6.0
134,286.4,591.1,14.8,1359,342.3,128.8,5.3,375,118.5,174.1,6.0
136,289.1,591.1,14.8,1326,343.1,128.9,5.2,366,117.9,174.3,5.9
140,276.8,591.2,14.8,1309,337.3,129.0,5.2,379,114.8,174.4,5.9
141,276.6,591.2,14.8,1274,336.5,129.2,5.2,387,111.8,174.5,5.9
142,272.1,591.3,14.8,1245,332.7,129.4,5.2,396,113.2,174.6,5.9
142,273.3,591.2,14.8,1219,326.3,129.4,5.2,401,111.9,174.6,6.0
142,274.7,591.3,14.8,1187,317.8,129.6,5.1,422,113.6,174.6,6.0
144,272.9,591.3,14.8,1154,315.6,130.0,5.0,432,107.6,174.5,6.0
146,273.0,591.3,14.8,1130,312.3,129.9,5.0,422,110.6,174.5,6.1
148,272.0,591.3,14.8,1102,313.2,130.0,5.0,436,101.5,174.5,6.1
150,275.0,591.3,14.8,1075,310.2,129.9,5.0,427,94.9,174.4,6.1
150,283.3,591.5,14.8,1030,318.2,130.1,4.9,406,88.5,174.2,6.2
156,273.8,591.5,14.8,998,320.6,130.5,4.9,398,84.3,174.3,6.3
158,280.9,591.5,14.8,974,321.7,130.5,4.9,361,81.2,174.2,6.3
163,269.8,591.5,14.8,937,329.1,130.4,4.9,341,87.8,174.3,6.4
167,259.0,591.6,14.8,917,334.7,130.8,4.9,330,85.3,174.4,6.5
164,261.3,591.7,14.8,878,342.4,130.7,4.8,323,89.1,174.3,6.6
162,263.9,591.7,14.8,852,348.7,131.1,4.8,314,87.2,174.4,6.6
161,260.2,591.7,14.8,853,343.9,131.0,4.7,313,86.2,174.4,6.7
161,259.1,591.7,14.8,825,351.4,130.6,4.7,306,84.2,174.5,6.8
158,261.2,591.7,14.8,799,362.9,130.4,4.7,297,79.5,174.5,6.8
158,257.9,591.8,14.8,781,368.6,130.3,4.6,295,79.0,174.5,6.9
160,249.5,591.8,14.8,762,373.8,130.2,4.6,279,82.8,174.5,6.9
158,253.1,591.8,14.8,746,380.1,129.9,4.6,261,80.4,174.5,6.9
159,244.3,591.8,14.9,738,375.2,129.8,4.6,255,85.4,174.7,6.8
156,245.7,591.9,14.9,717,374.6,129.7,4.5,249,95.8,174.8,6.8
150,253.7,591.8,14.9,698,368.6,129.5,4.6,239,101.5,174.9,6.8
150,249.3,591.8,14.9,688,366.2,129.3,4.5,233,100.5,175.1,6.7
152,246.9,591.8,14.9,669,358.6,129.1,4.6,215,111.8,175.2,6.7
154,243.0,591.8,14.9,660,356.6,129.0,4.6,194,110.6,175.3,6.7
152,242.9,591.8,14.8,649,344.1,128.7,4.6,179,128.5,175.7,6.7
149,251.6,591.8,14.9,634,341.4,128.3,4.6,178,101.7,175.8,6.6
147,256.3,591.9,14.9,640,332.3,128.3,4.6,151,106.6,176.1,6.5
152,245.0,591.8,14.9,661,318.7,128.6,4.6,132,108.3,176.1,6.5
154,240.1,591.8,14.9,672,314.1,128.5,4.6,110,94.8,176.4,6.4
155,235.6,591.8,14.9,678,315.0,128.4,4.6,89,90.9,176.9,6.4
148,242.5,591.8,14.9,696,309.4,128.7,4.6,78,104.9,177.1,6.3
143,244.1,591.7,14.9,716,306.9,128.9,4.6,70,96.6,177.3,6.2
140,249.0,591.7,14.9,737,303.5,129.1,4.6,63,84.5,177.5,6.1
138,242.4,591.7,14.9,760,300.3,129.1,4.6,50,107.5,178.0,6.1
132,245.3,591.6,14.9,780,301.6,129.3,4.6,45,106.4,178.4,6.1
131,239.0,591.6,14.9,815,297.8,129.7,4.7,44,107.4,178.3,6.0
126,240.2,591.5,14.8,832,299.0,129.8,4.7,45,112.3,178.4,6.0
124,236.2,591.5,14.8,852,300.5,129.9,4.7,46,104.2,178.7,6.0
123,229.9,591.6,14.8,876,300.4,130.0,4.8,50,102.4,178.8,6.0
120,230.9,591.5,14.8,896,299.3,130.3,4.8,49,114.2,179.0,5.9
119,224.1,591.5,14.8,900,302.3,130.4,4.8,53,142.9,179.0,6.0
114,227.3,591.5,14.8,917,301.1,130.7,4.9,56,158.6,179.0,6.0
111,228.0,591.5,14.8,928,301.4,130.8,4.9,63,148.4,179.5,6.0
107,233.4,591.5,14.8,937,299.9,130.9,5.0,67,162.1,179.6,5.9
105,236.3,591.5,14.7,937,300.0,131.1,5.0,70,180.6,179.8,6.0
104,239.3,591.4,14.7,945,297.9,131.2,5.1,83,156.8,179.8,6.0
102,241.8,591.4,14.8,921,301.3,131.5,5.1,82,196.8,180.0,6.0
97,260.9,591.4,14.8,940,298.2,131.8,5.1,90,163.6,180.0,6.1
95,270.8,591.3,14.7,934,298.8,131.9,5.1,97,149.4,180.1,6.1
94,273.5,591.3,14.7,924,299.7,132.1,5.1,104,136.5,180.4,6.1
95,271.4,591.2,14.8,905,305.3,132.3,5.1,111,124.3,180.4,6.2
95,277.4,591.2,14.8,906,301.9,132.5,5.1,111,126.3,180.4,6.2
97,274.9,591.2,14.7,903,298.5,132.8,5.2,109,128.7,180.6,6.0
98,286.1,591.2,14.7,903,297.7,133.1,5.1,104,120.0,180.7,6.1
99,286.4,591.2,14.6,901,300.3,133.3,5.1,106,117.1,180.7,6.1
97,291.3,591.2,14.6,907,302.3,133.4,5.1,105,103.1,180.8,6.1
99,288.5,591.1,14.5,895,305.3,133.5,5.1,100,121.1,180.8,6.2
97,296.1,591.1,14.5,888,306.8,133.6,5.1,108,121.4,180.7,6.2
100,295.8,591.1,14.5,891,305.7,133.4,5.2,98,126.7,180.6,6.4
102,298.8,591.0,14.5,895,305.3,133.3,5.2,84,126.4,180.8,6.4
103,296.8,591.0,14.4,901,305.9,133.5,5.2,83,125.4,180.6,6.5
102,298.4,591.0,14.4,896,309.1,133.4,5.2,94,121.0,180.5,6.6
102,299.5,591.0,14.4,886,311.5,133.4,5.3,98,129.1,180.7,6.5
103,297.3,591.0,14.4,890,311.6,133.4,5.3,101,124.6,180.6,6.6
103,302.3,591.0,14.4,899,308.3,133.4,5.3,108,115.7,181.2,6.5
102,301.9,591.0,14.4,896,311.5,133.3,5.3,114,114.5,181.3,6.6
104,293.6,591.0,14.4,906,305.0,133.4,5.4,116,138.2,181.1,6.7
105,292.7,591.0,14.4,912,300.8,133.3,5.4,118,139.1,180.8,6.8
106,294.0,591.0,14.4,912,292.6,133.1,5.5,119,149.8,180.5,6.8
108,305.9,591.0,14.4,933,288.3,133.2,5.5,120,102.9,180.7,6.8
109,307.4,591.0,14.4,959,283.8,133.1,5.5,108,102.4,180.4,6.9
112,299.3,591.0,14.4,962,284.9,133.0,5.5,103,107.3,180.7,6.7
112,302.7,591.1,14.4,991,281.2,133.0,5.6,85,120.1,180.5,6.6
114,296.5,591.1,14.4,1023,276.5,133.1,5.6,67,163.5,180.3,6.6
114,319.2,591.1,14.4,1056,272.3,133.1,5.6,58,90.5,180.1,6.4
111,325.1,591.1,14.4,1097,268.5,133.2,5.6,48,113.9,179.3,6.6
107,331.1,591.0,14.4,1135,267.6,133.3,5.6,45,121.9,179.6,6.4
107,325.9,591.0,14.4,1160,269.1,133.3,5.7,41,140.2,179.7,6.3
108,314.5,591.0,14.4,1201,267.2,133.4,5.7,41,177.8,179.9,6.2
105,325.3,591.1,14.4,1231,267.7,133.4,5.7,42,147.7,180.1,6.0
105,319.4,591.1,14.4,1254,269.5,133.4,5.7,44,158.2,180.1,6.1
100,329.7,591.1,14.4,1285,270.2,133.4,5.7,53,135.7,180.1,6.1
101,321.6,591.1,14.4,1312,271.5,133.5,5.7,58,133.3,180.2,6.2
98,329.6,591.1,14.4,1332,272.9,133.5,5.7,54,166.6,180.4,6.3
99,322.6,591.2,14.4,1370,272.6,133.6,5.7,69,126.1,180.2,6.4
97,327.3,591.2,14.4,1371,277.5,133.5,5.7,78,124.4,180.4,6.5
97,334.1,591.1,14.4,1379,281.6,133.5,5.7,78,117.0,180.6,6.5
97,329.4,591.1,14.4,1399,283.4,133.5,5.7,94,107.9,180.6,6.5
96,331.1,591.1,14.4,1401,286.3,133.5,5.7,101,122.8,180.6,6.5
94,335.2,591.1,14.4,1402,289.5,133.4,5.7,108,133.5,180.5,6.4
89,359.3,591.1,14.4,1421,290.9,133.4,5.7,117,116.3,180.6,6.5
89,361.6,591.2,14.4,1419,294.8,133.5,5.7,125,116.6,180.9,6.4
90,361.5,591.2,14.4,1415,299.3,133.4,5.6,120,118.2,181.0,6.5
92,350.3,591.2,14.4,1399,304.6,133.2,5.6,131,124.9,181.1,6.4
93,351.9,591.2,14.4,1399,307.9,133.3,5.6,135,112.4,181.2,6.3
94,345.2,591.1,14.4,1383,312.1,133.2,5.6,144,127.4,181.4,6.4
95,346.0,591.1,14.4,1378,313.0,133.1,5.6,152,135.2,181.5,6.4
97,335.1,591.1,14.4,1366,316.8,133.2,5.6,160,129.9,181.7,6.3
99,339.1,591.2,14.4,1359,319.2,133.4,5.6,155,134.8,181.6,6.3
98,357.1,591.1,14.4,1370,316.4,133.6,5.7,153,126.7,181.5,6.3
97,362.6,591.1,14.4,1351,319.4,133.9,5.7,158,132.8,181.6,6.3
99,360.2,591.1,14.4,1352,319.0,134.2,5.7,156,134.5,181.5,6.4
102,351.0,591.1,14.4,1355,317.7,134.4,5.7,163,129.7,181.8,6.2
102,355.9,591.0,14.4,1326,323.8,134.7,5.7,169,128.9,181.8,6.3
106,343.8,591.1,14.3,1298,324.4,135.0,5.7,174,139.9,182.0,6.3
106,349.7,591.0,14.3,1306,315.5,135.2,5.7,181,150.1,182.2,6.3
110,344.9,591.0,14.4,1272,315.2,135.5,5.8,190,158.4,182.3,6.3
112,355.7,591.1,14.4,1269,307.8,135.7,5.7,187,162.3,182.3,6.3
117,347.3,591.1,14.4,1243,303.7,135.8,5.8,200,141.2,182.4,6.4
118,346.7,591.2,14.5,1229,303.5,135.8,5.8,209,134.0,182.4,6.4
119,352.6,591.3,14.5,1214,302.0,135.9,5.8,209,134.9,182.2,6.4
124,344.7,591.3,14.5,1192,299.7,135.8,5.8,206,143.7,182.1,6.4
125,360.0,591.4,14.5,1178,295.0,135.7,5.8,209,126.4,182.2,6.4
127,355.8,591.4,14.5,1166,291.0,135.6,5.8,212,123.6,182.3,6.5
133,333.9,591.4,14.5,1136,293.2,135.6,5.7,221,118.3,182.3,6.5
134,331.7,591.4,14.5,1115,293.2,135.5,5.8,229,112.0,182.4,6.4
135,325.8,591.4,14.5,1071,294.1,135.3,5.8,240,121.7,182.3,6.5
133,338.4,591.4,14.5,1055,288.6,135.1,5.7,253,120.4,182.2,6.5
130,345.5,591.4,14.5,1020,286.4,135.0,5.6,280,118.3,182.1,6.5
131,338.7,591.6,14.5,942,290.0,134.6,5.4,315,121.5,182.0,6.5
134,328.5,591.6,14.4,900,289.7,134.4,5.3,357,108.5,182.0,6.5
137,319.7,591.6,14.4,824,294.2,134.0,5.2,389,108.9,182.0,6.5
134,335.5,591.6,14.4,765,297.1,133.5,5.0,402,100.5,181.9,6.4
139,322.2,591.6,14.4,712,305.2,133.0,4.9,411,93.7,181.9,6.4
142,317.4,591.6,14.3,649,314.1,132.4,4.7,423,88.6,181.8,6.4
144,317.5,591.6,14.3,622,304.4,132.4,4.7,405,93.9,181.8,6.4
147,323.3,591.5,14.3,593,306.3,132.4,4.6,391,82.0,181.8,6.4
150,316.6,591.4,14.4,572,309.6,132.0,4.6,365,80.4,181.8,6.4
152,312.1,591.4,14.4,554,305.7,131.6,4.6,345,82.0,181.8,6.3
152,326.1,591.4,14.4,543,299.4,131.5,4.5,305,74.0,181.8,6.3
150,329.1,591.3,14.4,562,285.6,131.4,4.6,269,74.3,181.8,6.3
149,335.1,591.3,14.4,558,276.3,130.8,4.6,235,73.2,181.8,6.3
151,311.2,591.3,14.4,560,277.7,130.5,4.6,208,69.2,181.8,6.3
152,306.2,591.2,14.4,579,277.3,130.5,4.6,171,63.2,181.9,6.3
153,291.6,591.2,14.4,604,272.6,130.7,4.6,145,64.3,181.9,6.2
155,277.3,591.2,14.4,625,263.0,130.3,4.6,125,79.8,181.8,6.3
152,285.9,591.2,14.4,660,254.4,130.5,4.7,101,67.8,181.7,6.2
152,278.2,591.2,14.4,682,255.7,130.7,4.7,85,70.2,181.8,6.1
152,270.0,591.2,14.4,701,257.2,130.7,4.8,72,72.5,181.8,6.0
151,264.4,591.2,14.4,719,258.7,130.7,4.8,62,77.7,181.4,6.0
149,258.2,591.2,14.5,742,258.6,130.7,4.9,60,86.3,181.7,6.0
143,258.5,591.2,14.4,747,264.7,130.8,4.9,63,86.5,181.4,6.1
143,249.6,591.2,14.4,761,265.5,130.6,4.9,70,86.7,181.2,6.2
141,249.4,591.2,14.4,774,264.4,130.5,5.0,64,108.1,181.1,6.3
137,251.8,591.2,14.4,782,266.5,130.3,5.0,61,112.2,181.1,6.3
137,243.2,591.2,14.4,783,271.2,130.5,4.9,68,114.4,180.8,6.5
132,247.9,591.2,14.4,790,272.9,130.6,4.9,78,98.2,180.9,6.5
130,244.7,591.2,14.4,788,277.2,130.3,4.8,87,93.7,180.9,6.7
126,243.8,591.2,14.4,789,278.3,130.4,4.8,97,100.9,180.9,6.7
124,240.2,591.2,14.4,790,280.4,130.3,4.7,109,93.4,180.7,6.8
120,237.9,591.2,14.3,777,285.3,130.3,4.5,126,95.4,180.7,6.8
116,241.4,591.2,14.4,775,287.8,130.5,4.5,129,95.4,180.7,6.8
113,243.1,591.2,14.4,786,288.8,130.3,4.5,125,85.8,180.6,6.8
107,252.2,591.2,14.4,790,291.9,130.4,4.5,118,87.1,180.7,6.9
105,250.1,591.2,14.4,793,297.4,130.5,4.4,118,83.3,181.0,6.9
100,253.1,591.2,14.4,801,298.4,130.6,4.4,125,87.3,181.0,6.8
98,251.9,591.3,14.4,788,306.8,130.4,4.4,132,84.8,181.0,6.8
95,256.9,591.3,14.4,787,308.8,130.2,4.3,128,90.1,181.1,6.8
96,252.4,591.3,14.4,798,308.2,130.2,4.3,118,96.0,181.3,6.8
92,262.0,591.3,14.4,799,310.4,130.3,4.3,123,88.4,181.4,6.7
91,260.7,591.3,14.4,776,315.3,130.2,4.3,116,120.2,181.6,6.6
88,265.0,591.4,14.3,777,314.0,130.2,4.3,127,114.1,181.7,6.5
84,283.2,591.4,14.4,757,319.1,129.9,4.3,118,111.6,181.7,6.4
82,292.0,591.5,14.4,766,312.6,129.6,4.3,121,106.0,181.4,6.4
81,304.4,591.6,14.4,769,313.9,129.5,4.4,108,102.7,181.2,6.5
81,313.6,591.6,14.4,773,314.2,129.4,4.4,100,83.1,180.9,6.5
83,308.5,591.5,14.4,764,320.3,129.2,4.4,94,84.9,180.7,6.5
82,319.3,591.5,14.4,760,322.9,129.4,4.4,82,93.8,180.6,6.5
81,331.2,591.4,14.4,761,325.6,129.4,4.4,67,90.8,180.4,6.5
82,325.3,591.5,14.4,771,325.0,129.3,4.4,59,101.0,180.6,6.5
83,322.5,591.5,14.4,777,327.3,129.3,4.4,51,107.7,180.5,6.4
81,330.2,591.4,14.4,777,329.6,129.4,4.4,43,147.3,180.2,6.3
82,320.4,591.4,14.4,791,329.3,129.4,4.4,43,158.9,179.8,6.3
81,322.4,591.4,14.5,795,333.5,129.5,4.4,40,150.0,180.5,6.0
81,317.6,591.3,14.5,814,332.6,129.8,4.5,44,117.2,180.6,6.0
79,325.5,591.3,14.5,821,337.2,129.6,4.5,38,107.7,180.5,5.9
78,324.1,591.3,14.5,833,337.6,129.8,4.5,41,126.3,180.6,5.9
76,326.1,591.2,14.5,823,345.0,129.7,4.6,47,148.3,180.6,5.9
75,325.1,591.2,14.6,839,343.1,129.7,4.6,59,127.7,181.1,5.9
75,328.6,591.2,14.6,838,342.2,129.7,4.6,62,138.6,181.4,5.8
77,315.8,591.2,14.5,842,341.0,129.8,4.7,72,136.5,181.7,5.7
78,312.1,591.2,14.6,848,342.1,129.8,4.7,68,137.5,182.0,5.7
80,302.7,591.2,14.6,862,340.6,130.0,4.7,68,129.9,182.2,5.6
81,296.1,591.3,14.6,869,344.3,130.0,4.7,70,107.6,182.2,5.6
80,302.4,591.2,14.6,884,344.1,130.0,4.8,58,122.6,181.9,5.7
81,297.9,591.2,14.6,901,343.6,130.1,4.8,56,108.4,181.9,5.7
78,312.0,591.2,14.6,918,343.8,130.1,4.8,56,93.7,182.0,5.7
76,315.5,591.2,14.6,928,343.3,130.0,4.8,54,123.1,182.3,5.6
70,338.1,591.2,14.6,928,348.0,129.9,4.9,59,121.7,181.9,5.7
71,335.9,591.2,14.6,936,347.8,129.7,4.9,58,130.3,181.8,5.7
71,336.6,591.2,14.6,954,345.7,129.4,4.9,62,125.6,181.9,5.7
71,332.9,591.1,14.6,963,348.1,129.4,4.9,68,115.5,181.6,5.7
72,334.5,591.2,14.7,958,352.4,129.2,4.9,59,124.5,181.6,5.9
75,319.3,591.2,14.7,979,349.4,129.0,4.9,58,119.3,181.5,6.0
73,325.8,591.1,14.7,989,350.4,129.0,4.9,55,130.0,181.3,6.2
73,321.1,591.1,14.7,1003,349.2,128.9,4.9,60,141.7,181.4,6.2
75,317.6,591.1,14.8,1019,349.1,129.0,5.0,61,112.9,181.5,6.1
77,302.9,591.2,14.7,1026,351.0,129.0,5.0,68,110.6,181.7,6.1
77,301.0,591.2,14.7,1029,355.5,129.0,5.0,70,117.9,181.8,6.2
76,302.8,591.2,14.8,1035,357.7,128.7,5.0,73,130.8,181.9,6.1
75,301.9,591.2,14.8,1040,360.5,128.8,4.9,81,124.7,182.2,6.1
75,294.4,591.2,14.8,1043,360.0,128.9,4.9,100,128.3,182.1,6.1
74,297.7,591.2,14.8,1041,361.8,128.7,4.9,105,127.9,182.3,6.0
75,290.6,591.1,14.8,1033,366.2,128.7,4.9,115,118.2,182.4,6.0
76,295.1,591.1,14.8,1036,367.5,128.7,5.0,116,105.6,182.3,6.0
75,294.0,591.1,14.8,1040,366.7,128.8,5.0,114,104.8,182.3,6.0
76,285.9,591.1,14.7,1048,367.4,128.9,5.0,120,100.7,182.2,6.0
77,278.6,590.9,14.6,1058,366.9,128.8,5.0,122,110.1,182.2,6.0
76,281.4,591.0,14.6,1064,364.0,128.9,5.1,125,125.1,182.1,6.0
76,284.9,590.9,14.6,1055,366.7,129.2,5.1,126,132.4,182.2,6.0
75,284.1,590.9,14.6,1065,360.0,129.4,5.1,136,131.1,182.2,6.0
77,270.0,590.8,14.5,1088,356.9,129.5,5.1,140,96.9,182.3,6.0
75,279.2,590.8,14.4,1075,361.4,129.9,5.0,135,107.3,182.3,6.1
73,291.4,590.8,14.4,1072,363.6,130.2,5.0,143,106.9,182.3,6.0
73,286.5,590.7,14.3,1088,357.6,130.3,5.1,151,113.8,182.3,6.1
74,293.3,590.7,14.3,1075,359.0,130.6,5.0,152,109.3,182.3,6.1
75,290.6,590.7,14.3,1062,362.1,130.5,5.0,159,115.6,182.2,6.1
75,290.8,590.7,14.3,1067,358.7,130.6,5.1,168,116.9,182.2,6.1
76,284.3,590.6,14.3,1051,361.6,130.4,5.1,179,119.6,182.2,6.1
78,277.3,590.5,14.3,1041,364.8,130.0,5.1,194,103.9,182.2,6.1
79,264.4,590.4,14.3,1015,368.1,129.6,5.1,203,119.3,182.2,6.1
79,262.8,590.4,14.3,1006,366.0,129.3,5.1,207,127.6,182.2,6.1
79,274.5,590.4,14.3,999,365.6,129.2,5.0,206,123.4,182.1,6.1
78,283.8,590.4,14.3,1000,361.8,129.1,5.1,198,116.5,182.0,6.1
78,283.7,590.4,14.3,988,366.1,128.7,5.0,206,103.7,182.0,6.1
79,284.4,590.4,14.3,990,362.7,128.7,5.1,221,92.7,182.0,6.1
81,279.4,590.4,14.3,981,363.1,128.4,5.0,218,94.0,181.9,6.1
82,269.1,590.4,14.2,974,364.7,128.1,5.0,229,97.8,181.8,6.1
79,290.5,590.4,14.2,971,365.7,127.9,5.1,224,91.4,181.7,6.1
79,292.2,590.4,14.2,963,366.2,127.8,5.0,218,98.1,181.7,6.1
82,278.5,590.4,14.3,971,359.2,127.6,5.0,222,100.4,181.7,6.1
83,275.7,590.4,14.3,973,354.4,127.6,5.0,215,109.1,181.6,6.0
84,272.7,590.5,14.3,974,351.5,127.4,5.1,209,112.3,181.5,6.0
84,279.5,590.5,14.3,982,347.5,127.4,5.0,206,106.1,181.4,6.0
86,269.9,590.5,14.3,967,349.8,127.5,5.1,212,107.8,181.6,6.0
85,277.5,590.4,14.3,972,341.1,127.3,5.1,215,109.3,181.6,6.0
85,281.1,590.4,14.3,959,341.0,127.1,5.1,206,117.1,181.8,6.1
85,299.7,590.4,14.3,942,332.2,126.9,5.1,203,116.7,181.8,6.1
86,290.9,590.5,14.3,940,325.0,126.9,5.1,216,115.0,182.0,6.1
87,287.2,590.5,14.3,922,322.7,126.7,5.2,223,118.4,182.2,6.2
89,279.5,590.5,14.3,921,316.3,126.8,5.2,233,119.1,182.1,6.2
91,265.7,590.5,14.3,904,314.8,126.3,5.2,239,119.5,182.1,6.2
92,296.2,590.5,14.3,892,310.7,126.2,5.2,224,107.8,181.8,6.3
93,300.7,590.5,14.4,894,304.5,126.1,5.2,227,92.8,181.9,6.3
97,285.1,590.5,14.4,896,296.8,125.8,5.2,228,94.9,181.6,6.3
97,285.3,590.5,14.4,896,293.3,126.0,5.2,226,94.3,181.5,6.3
99,279.5,590.5,14.4,878,296.3,125.8,5.2,231,90.5,181.5,6.3
97,291.6,590.5,14.4,884,292.9,125.7,5.1,218,87.6,181.4,6.3
98,288.1,590.5,14.4,894,289.2,125.8,5.1,212,89.4,181.4,6.3
97,294.0,590.5,14.5,881,294.0,125.8,5.1,207,87.0,181.3,6.3
99,280.6,590.5,14.5,877,295.9,125.9,5.1,205,86.5,181.4,6.3
98,284.0,590.5,14.5,858,297.6,126.0,5.1,199,99.1,181.7,6.3
95,297.7,590.5,14.4,863,292.2,126.0,5.1,194,104.8,181.8,6.3
94,301.7,590.6,14.4,858,291.5,125.9,5.1,199,103.2,181.9,6.3
94,305.1,590.7,14.5,820,300.4,125.9,5.1,196,106.7,182.2,6.4
94,306.6,590.7,14.5,795,306.2,125.9,5.0,206,102.4,182.6,6.4
95,300.5,590.7,14.5,789,304.4,126.2,5.0,206,111.8,182.9,6.4
96,295.7,590.6,14.5,775,307.8,126.1,5.0,216,98.9,183.0,6.4
95,298.5,590.7,14.6,741,318.7,126.0,4.9,224,95.1,183.1,6.3
94,310.3,590.8,14.6,719,321.1,126.0,4.9,219,96.3,183.3,6.3
93,319.3,590.8,14.6,707,321.5,125.9,4.7,221,91.5,183.6,6.2
95,316.3,590.8,14.6,695,327.1,125.9,4.7,213,85.2,183.9,6.1
95,320.9,590.7,14.5,681,335.3,125.9,4.7,201,78.9,184.2,6.1
94,321.5,590.7,14.5,691,334.7,125.9,4.6,190,79.0,184.5,6.1
95,315.2,590.8,14.6,712,331.7,125.9,4.6,175,76.6,184.8,6.1
95,312.9,590.8,14.6,734,327.0,126.1,4.6,160,79.2,185.0,6.0
95,308.6,590.8,14.6,743,328.3,126.1,4.5,153,80.3,185.2,6.0
97,294.4,590.8,14.5,753,328.1,126.1,4.5,143,87.3,185.4,6.0
96,294.3,590.8,14.5,769,327.4,126.4,4.5,129,85.5,185.6,6.0
95,293.6,590.8,14.6,785,325.6,126.5,4.5,121,89.2,185.7,5.9
95,288.6,590.8,14.6,786,328.2,126.6,4.5,117,98.7,185.8,5.9
94,287.4,590.8,14.6,803,323.0,126.7,4.5,124,98.1,185.8,5.9
94,280.6,590.8,14.6,809,322.2,126.8,4.4,129,103.1,185.7,5.9
94,272.2,590.9,14.6,812,321.2,127.0,4.5,140,104.7,185.8,6.0
92,272.9,590.9,14.6,790,327.7,127.2,4.4,156,102.8,185.7,6.0
91,272.5,590.9,14.6,789,326.8,127.2,4.4,165,100.7,185.6,6.1
90,268.8,590.9,14.6,798,325.1,127.3,4.4,180,92.0,185.5,6.1
90,268.8,590.9,14.6,786,330.9,127.5,4.4,180,89.8,185.5,6.1
89,266.3,590.9,14.6,783,333.3,127.7,4.4,190,84.3,185.5,6.1
90,261.6,590.9,14.6,773,339.0,127.9,4.5,191,81.9,185.4,6.2
86,268.0,590.9,14.6,786,337.9,128.1,4.5,198,74.1,185.3,6.2
84,272.6,590.9,14.5,774,346.1,128.2,4.5,192,77.6,185.3,6.2
80,286.6,590.9,14.6,778,347.3,128.2,4.5,186,77.7,185.2,6.3
80,284.6,590.9,14.6,773,351.7,128.0,4.5,185,79.0,185.1,6.3
78,298.7,590.9,14.5,786,350.0,128.0,4.5,170,71.8,184.9,6.4
81,282.1,590.9,14.6,776,355.5,128.1,4.5,162,78.3,184.9,6.4
79,287.2,590.9,14.6,774,357.9,128.3,4.6,154,85.5,184.9,6.4
79,288.6,590.9,14.6,780,361.0,128.6,4.6,148,74.6,184.7,6.4
75,299.6,590.8,14.6,780,363.3,128.5,4.6,147,79.6,184.5,6.4
76,294.6,590.8,14.6,761,374.3,128.6,4.6,140,91.0,184.5,6.4
74,297.8,590.7,14.5,755,377.2,128.4,4.6,144,99.6,184.3,6.4
74,299.4,590.7,14.5,731,387.4,128.2,4.7,155,93.8,184.0,6.4
73,302.9,590.7,14.5,705,399.2,128.4,4.7,169,92.0,183.9,6.4
71,319.5,590.7,14.5,671,411.4,128.5,4.7,166,103.3,183.9,6.3
75,303.2,590.5,14.4,646,416.0,128.5,4.7,177,105.0,183.7,6.3
75,309.9,590.6,14.4,636,419.9,128.6,4.6,185,93.3,183.6,6.2
75,316.3,590.5,14.4,616,423.0,128.1,4.7,183,96.9,183.6,6.2
71,334.6,590.5,14.4,601,428.0,128.0,4.6,190,97.3,183.7,6.1
75,318.5,590.4,14.4,580,436.3,128.0,4.6,191,95.8,183.6,6.2
76,333.8,590.4,14.4,557,445.3,127.9,4.6,183,92.7,183.6,6.1
79,326.0,590.3,14.4,551,439.1,128.0,4.5,179,91.5,183.6,6.1
80,324.7,590.3,14.4,530,448.1,127.9,4.5,185,86.1,183.4,6.1
85,301.3,590.2,14.3,504,455.0,127.6,4.4,184,100.3,183.1,6.1
84,307.1,590.2,14.3,476,471.0,127.6,4.2,183,96.4,183.0,6.1
81,322.1,590.2,14.3,485,458.2,127.6,4.1,175,92.1,183.1,6.1
83,313.1,590.2,14.3,476,457.3,127.2,4.0,167,96.3,183.0,6.1
84,310.5,590.1,14.3,475,455.2,127.0,3.9,160,87.7,183.1,6.1
85,298.1,590.1,14.3,463,462.9,126.7,3.9,161,86.9,183.1,6.1
86,291.9,590.1,14.3,463,454.6,126.8,3.8,158,88.0,183.3,6.1
88,279.8,590.1,14.2,443,468.2,127.4,3.7,149,98.4,183.4,6.1
88,279.1,590.1,14.2,434,469.3,127.4,3.6,146,97.2,183.5,6.1
91,268.4,590.1,14.2,434,465.5,127.5,3.6,133,98.1,183.7,6.1
93,260.1,590.1,14.3,441,463.9,127.5,3.6,115,85.4,183.8,6.1
92,261.8,590.1,14.3,449,459.1,127.6,3.7,100,79.3,183.7,6.2
92,256.9,590.1,14.3,465,446.7,127.5,3.7,84,85.5,183.6,6.2
91,255.4,590.2,14.3,482,436.0,127.5,3.7,71,82.3,183.7,6.2
90,252.2,590.1,14.3,496,430.6,127.4,3.7,70,71.3,183.8,6.4
88,250.7,590.0,14.3,511,423.3,127.1,3.8,64,72.2,183.8,6.4
85,251.5,590.0,14.3,514,424.5,126.9,3.9,62,83.7,183.7,6.5
84,253.0,590.0,14.3,526,422.0,126.9,3.9,47,80.3,183.9,6.5
83,245.6,590.0,14.3,546,413.8,126.8,4.0,48,85.6,183.9,6.7
81,245.4,590.1,14.3,559,408.6,126.6,4.1,45,105.2,184.0,6.8
76,256.3,590.1,14.4,581,399.7,126.7,4.1,41,116.9,184.1,7.1
72,261.6,590.1,14.4,586,401.3,126.3,4.0,45,111.0,184.5,7.4
68,271.6,590.1,14.4,583,405.4,126.3,4.1,47,124.7,184.6,7.7
66,276.4,590.2,14.4,592,401.4,126.3,4.1,54,107.1,184.6,7.9
64,278.4,590.2,14.4,581,407.3,126.1,4.1,59,130.8,184.6,8.0
63,277.2,590.2,14.4,579,402.9,125.7,4.2,67,152.5,184.8,8.0
62,277.3,590.2,14.5,569,406.7,125.3,4.1,81,132.2,184.8,8.0
62,278.7,590.3,14.5,559,391.2,125.3,4.2,83,193.0,184.7,7.9
63,275.3,590.3,14.5,556,390.7,125.2,4.2,88,153.4,184.5,7.8
63,282.4,590.3,14.4,548,392.6,124.9,4.2,97,114.8,184.5,7.8
65,277.7,590.5,14.5,537,391.9,124.5,4.2,95,122.3,184.4,7.7
64,298.8,590.6,14.5,546,385.7,124.4,4.2,86,107.5,184.3,7.7
68,280.3,590.6,14.5,552,377.4,124.3,4.3,82,125.6,184.3,7.7
69,272.0,590.7,14.5,559,363.8,124.0,4.3,71,161.5,184.2,7.7
69,270.6,590.7,14.5,579,351.5,124.0,4.3,57,212.4,184.2,7.9
69,308.9,590.8,14.5,599,346.9,123.8,4.2,50,100.1,184.2,8.0
68,308.9,590.8,14.5,615,335.3,123.7,4.3,44,164.6,184.1,8.1
68,304.4,590.8,14.5,641,321.9,123.6,4.3,39,219.4,184.0,8.0
65,313.3,590.9,14.5,662,317.6,123.5,4.3,31,289.1,183.5,7.9
63,317.1,591.0,14.6,684,316.2,123.8,4.4,28,267.0,183.5,8.0
63,316.7,591.0,14.6,703,314.0,123.7,4.4,25,246.7,183.1,7.7
61,340.3,591.2,14.6,726,307.2,123.6,4.4,24,116.0,183.2,7.7
63,324.6,591.2,14.6,748,303.7,123.8,4.5,19,152.7,183.5,7.7
64,321.3,591.3,14.6,775,301.8,123.7,4.5,13,97.7,183.5,7.3
63,325.9,591.2,14.7,799,301.3,123.7,4.5,7,51.4,183.7,7.8
63,317.5,591.2,14.7,832,300.2,123.8,4.6,4,26.0,184.0,7.5
63,308.7,591.2,14.7,859,301.2,123.8,4.6,3,25.3,183.6,7.4
63,300.4,591.2,14.7,891,300.8,123.8,4.6,2,28.8,183.2,7.8
61,302.9,591.2,14.7,921,301.6,123.8,4.6,2,21.0,183.2,7.8
60,300.7,591.2,14.7,953,301.8,123.9,4.6,2,13.3,183.2,7.8
59,299.2,591.2,14.8,975,305.4,123.9,4.7,1,11.8,182.5,7.2
57,303.0,591.2,14.8,1009,305.5,123.9,4.7,1,4.6,182.5,7.2
56,302.6,591.2,14.8,1034,308.5,123.8,4.7,0,,,
