rabbitCount,rabbitEnergy,rabbitRepro,rabbitFatigue,grassCount,grassEnergy,grassRepro,grassFatigue,wolfCount,wolfEnergy,wolfRepro,wolfFatigue
66,678.8,747.0,6.5,137,77.5,129.4,0.0,1,353.0,1065.0,10.0
70,689.9,747.5,6.8,70,86.3,130.0,0.0,1,718.0,1065.0,10.0
87,612.0,750.8,6.8,53,95.6,129.2,0.0,2,533.1,1064.9,10.1
92,591.4,751.2,6.6,36,102.5,129.3,0.1,2,879.6,1064.9,10.1
93,578.0,751.6,6.6,41,99.6,128.5,0.7,2,1161.9,1064.9,10.1
93,576.7,751.9,6.6,46,97.0,128.6,0.9,4,489.9,1065.0,10.3
92,565.1,752.3,6.5,47,94.6,129.3,1.1,4,879.5,1065.0,10.3
91,561.4,752.5,6.4,56,91.5,129.9,1.2,6,632.9,1065.3,10.5
89,565.9,752.5,6.4,66,91.1,130.2,1.2,7,605.4,1065.3,10.5
86,564.1,753.1,6.4,74,91.4,130.3,1.0,8,667.7,1065.2,10.6
87,552.8,752.7,6.4,80,92.8,130.7,1.1,9,652.6,1065.0,10.6
84,554.0,753.1,6.4,85,98.3,130.7,1.0,9,771.8,1065.0,10.6
85,546.4,753.3,6.4,89,98.8,130.5,1.2,11,636.5,1064.9,10.7
84,548.5,753.4,6.4,87,101.9,130.7,1.3,11,704.9,1064.9,10.7
82,549.5,753.2,6.4,100,95.5,130.3,1.5,13,638.2,1065.1,10.9
78,560.7,754.2,6.4,105,94.0,129.7,1.7,17,491.4,1065.0,10.8
73,550.9,755.4,6.4,103,97.5,129.6,1.9,17,644.4,1065.0,10.8
71,556.8,755.5,6.5,113,96.6,129.9,1.9,18,641.5,1065.1,10.9
75,546.4,755.8,6.5,107,102.1,130.1,1.7,21,541.1,1065.1,10.9
74,538.3,756.6,6.8,116,104.7,129.6,1.7,22,565.2,1065.0,10.9
75,544.5,756.2,6.7,126,105.1,129.7,1.5,22,566.1,1065.0,10.9
69,543.0,755.6,6.5,138,101.6,129.3,1.7,24,587.1,1064.8,10.9
64,557.1,755.7,6.5,139,101.1,128.9,1.8,28,518.4,1065.0,10.9
58,572.5,756.3,6.4,140,101.4,128.8,1.7,28,581.8,1065.0,10.9
58,579.4,756.6,6.4,143,104.6,129.9,1.7,28,598.1,1065.0,10.9
55,574.4,757.1,6.3,163,103.0,129.9,1.7,29,614.6,1064.9,10.9
56,566.8,756.5,6.1,165,108.1,129.9,1.8,31,578.2,1064.9,10.9
54,564.3,755.8,6.3,180,110.7,130.7,1.7,31,619.8,1064.9,10.9
52,568.0,755.4,6.4,190,110.4,130.7,1.8,33,590.3,1064.8,10.9
50,568.1,754.9,6.6,208,111.2,130.3,1.9,35,572.3,1064.8,10.9
45,579.1,754.7,6.5,208,117.5,130.4,2.0,36,590.7,1064.9,10.9
48,561.3,754.6,6.8,220,119.9,130.6,2.1,39,528.7,1064.9,10.9
43,564.7,754.7,6.6,237,120.4,130.0,2.1,39,568.5,1064.9,10.9
43,537.7,755.3,6.7,254,122.5,129.7,2.1,40,584.0,1064.9,10.9
39,551.5,756.2,6.7,272,125.0,130.0,2.2,45,513.5,1064.9,10.9
34,551.9,757.5,6.7,287,127.9,130.2,2.2,46,524.9,1064.9,10.9
29,545.0,757.4,6.8,303,131.6,130.3,2.2,47,538.4,1064.8,10.9
25,523.5,756.8,6.3,319,134.8,130.4,2.3,48,552.9,1064.8,10.9
23,513.1,756.8,6.3,334,138.2,130.3,2.4,50,532.8,1064.8,10.8
20,525.9,756.8,6.3,348,143.6,130.2,2.4,51,524.1,1064.8,10.8
21,525.6,755.9,6.3,363,148.1,130.1,2.4,51,516.3,1064.8,10.8
21,535.4,755.9,6.3,379,153.0,130.0,2.5,51,508.9,1064.8,10.8
20,580.6,756.3,5.8,394,156.1,130.2,2.6,51,501.5,1064.8,10.8
19,597.3,757.3,5.9,407,159.1,130.4,2.6,51,501.5,1064.8,10.8
23,555.7,757.8,5.7,432,159.5,130.4,2.8,51,494.3,1064.8,10.8
21,588.2,757.9,5.8,443,163.3,130.4,2.8,51,501.0,1064.8,10.8
19,582.0,756.4,5.9,461,165.5,130.5,2.9,51,513.2,1064.8,10.8
16,617.1,757.7,6.1,479,167.9,130.5,3.0,52,509.6,1064.8,10.8
19,571.6,760.2,5.9,508,167.8,130.4,3.1,52,502.3,1064.8,10.8
17,633.5,760.4,5.8,522,169.7,130.2,3.2,52,507.3,1064.8,10.8
19,575.2,760.2,5.5,540,173.1,130.4,3.2,54,485.5,1064.8,10.8
15,617.8,761.3,5.7,558,175.6,130.5,3.3,55,488.0,1064.7,10.9
18,578.3,763.4,5.6,583,177.6,130.5,3.4,55,481.2,1064.7,10.9
21,576.1,764.6,5.5,603,180.4,130.5,3.5,55,474.4,1064.7,10.9
25,560.7,766.3,5.5,612,186.2,130.5,3.5,55,467.5,1064.7,10.9
28,566.8,766.3,5.5,616,191.1,130.6,3.5,55,467.7,1064.7,10.9
27,604.7,765.9,5.6,624,194.8,130.6,3.6,56,464.8,1064.7,10.9
28,556.6,766.9,5.6,645,196.8,130.6,3.6,57,471.3,1064.8,10.9
22,580.2,765.5,5.6,656,199.8,130.6,3.7,58,490.8,1064.7,10.9
22,593.1,765.4,5.6,670,203.1,130.7,3.7,60,473.8,1064.8,10.9
25,561.5,766.0,5.5,688,206.8,130.7,3.8,60,472.7,1064.8,10.9
25,545.0,766.4,5.5,705,208.9,130.8,3.8,60,494.7,1064.8,10.9
28,541.2,766.8,5.5,714,212.8,131.0,3.8,60,497.9,1064.8,10.8
28,583.2,766.7,5.5,716,217.7,131.1,3.8,62,474.2,1064.8,10.8
34,560.2,767.5,5.4,731,220.2,131.2,3.9,62,472.9,1064.8,10.8
32,623.1,768.5,5.4,731,224.3,131.2,3.9,62,487.7,1064.8,10.8
40,587.1,768.9,5.4,736,227.8,131.3,3.9,63,467.9,1064.8,10.8
36,626.7,768.4,5.4,742,229.6,131.3,4.0,65,471.8,1064.7,10.9
36,620.3,769.2,5.5,754,229.2,131.1,4.0,64,508.5,1064.7,10.9
40,617.9,768.9,5.5,754,233.5,131.2,4.0,66,492.6,1064.7,10.9
41,630.5,768.8,5.5,758,238.1,131.2,4.0,67,484.1,1064.6,10.9
45,613.6,768.8,5.6,771,239.3,131.0,4.0,67,487.9,1064.6,10.9
42,602.6,768.2,5.7,776,243.8,131.3,4.0,68,510.2,1064.6,11.0
47,594.6,768.2,5.6,790,244.4,131.3,4.1,71,481.7,1064.5,11.0
47,620.6,767.9,5.7,787,248.7,131.2,4.1,72,485.0,1064.5,11.0
50,605.8,767.8,5.7,790,253.4,131.0,4.1,74,477.9,1064.4,11.0
54,617.0,767.7,5.7,806,252.5,130.7,4.1,75,472.5,1064.4,11.0
57,614.4,767.3,5.7,809,254.7,130.6,4.1,75,483.8,1064.4,11.0
63,610.1,767.5,5.8,798,258.9,130.3,4.1,76,476.8,1064.4,11.0
62,606.5,767.5,5.8,811,256.5,130.2,4.2,77,502.6,1064.4,11.0
67,617.1,767.4,5.8,816,255.8,130.0,4.2,78,494.8,1064.4,11.0
68,610.7,767.4,5.9,834,252.4,130.2,4.2,81,496.8,1064.4,11.0
59,661.4,767.6,5.9,833,253.2,130.0,4.3,83,515.4,1064.4,10.9
63,641.1,767.2,6.1,856,250.0,130.0,4.3,86,505.4,1064.4,10.9
64,629.5,767.4,6.1,868,250.7,129.9,4.4,89,493.2,1064.5,10.9
64,616.0,766.8,6.2,866,252.4,129.8,4.4,90,519.4,1064.5,10.9
66,621.9,766.9,6.2,859,256.0,129.6,4.4,95,494.9,1064.4,10.9
63,604.5,766.5,6.3,873,256.1,129.7,4.3,96,522.3,1064.4,10.9
68,631.6,766.2,6.3,866,256.8,129.3,4.4,97,521.2,1064.4,10.9
67,644.9,765.2,6.6,865,252.4,129.1,4.4,101,519.4,1064.4,10.9
69,622.9,764.2,6.9,880,249.4,129.0,4.4,103,533.5,1064.4,10.9
68,616.2,763.8,6.9,884,249.5,128.9,4.4,106,533.3,1064.4,10.9
74,596.0,763.6,7.1,879,252.5,128.9,4.5,108,534.5,1064.5,10.9
82,582.4,763.1,7.2,895,249.1,128.9,4.4,111,522.0,1064.5,10.9
78,599.1,762.0,7.4,906,244.9,128.9,4.4,113,532.9,1064.5,10.9
83,613.8,762.2,7.3,909,243.8,128.9,4.4,115,521.3,1064.5,10.9
86,630.2,762.6,7.3,931,235.3,129.0,4.5,116,533.5,1064.5,10.9
85,641.3,761.9,7.4,925,236.3,129.0,4.5,120,525.4,1064.5,10.8
91,627.1,762.0,7.5,932,233.9,129.0,4.5,122,528.8,1064.5,10.8
96,647.8,761.8,7.5,923,233.6,129.2,4.5,124,521.9,1064.5,10.8
98,645.2,761.7,7.5,929,227.3,129.2,4.5,125,544.7,1064.5,10.8
112,604.5,762.6,7.5,913,231.8,129.3,4.5,130,520.3,1064.6,10.8
112,615.9,763.1,7.4,912,230.4,129.5,4.5,132,531.2,1064.6,10.8
120,587.3,763.8,7.3,917,232.9,129.2,4.5,136,519.7,1064.6,10.8
114,594.6,763.9,7.4,929,233.4,129.1,4.5,141,512.5,1064.6,10.8
109,597.9,764.2,7.3,959,230.4,129.1,4.5,145,513.9,1064.7,10.8
115,580.1,764.9,7.3,959,234.6,129.0,4.6,148,499.2,1064.7,10.7
104,574.0,765.6,7.2,950,239.4,128.9,4.5,151,517.5,1064.7,10.7
96,593.7,766.3,7.1,987,232.9,128.6,4.5,157,505.8,1064.7,10.7
85,581.8,766.8,7.1,1005,234.0,128.7,4.6,160,522.0,1064.7,10.7
82,567.6,767.4,7.0,1024,235.5,128.8,4.6,165,511.8,1064.8,10.7
81,575.4,768.2,6.9,1049,234.9,129.0,4.6,170,493.2,1064.9,10.7
78,567.4,768.8,6.9,1069,234.9,129.2,4.6,171,504.2,1064.8,10.7
73,576.6,769.4,6.9,1081,237.1,129.1,4.6,175,500.1,1064.8,10.8
67,564.1,770.1,6.7,1112,237.6,129.4,4.6,178,503.8,1064.9,10.8
59,576.7,770.4,6.8,1131,239.9,129.4,4.6,181,503.7,1064.9,10.8
55,581.8,770.8,6.9,1153,242.2,129.7,4.6,184,501.9,1064.9,10.8
57,587.3,771.0,6.8,1170,243.9,130.1,4.7,188,487.8,1064.9,10.8
52,596.3,771.3,6.8,1188,244.1,130.3,4.7,191,488.9,1064.9,10.8
52,582.2,772.0,6.7,1205,247.1,130.5,4.7,192,491.8,1064.9,10.8
47,590.1,771.9,6.8,1223,248.6,130.8,4.8,194,492.7,1064.9,10.8
43,592.5,770.9,6.7,1239,251.9,131.0,4.8,198,487.9,1064.9,10.8
41,577.1,771.2,6.7,1251,257.0,131.2,4.8,199,490.3,1064.9,10.8
43,569.1,771.2,6.7,1276,259.4,131.6,4.8,199,490.7,1064.9,10.8
40,603.6,770.2,6.8,1285,264.3,131.7,4.8,200,486.9,1064.9,10.8
35,589.1,769.8,6.8,1317,267.0,132.0,4.9,199,495.4,1065.0,10.8
28,627.9,768.7,7.0,1349,268.5,132.1,4.9,203,488.2,1065.0,10.8
29,601.3,767.8,7.1,1380,270.8,132.1,4.9,203,486.9,1065.0,10.9
27,622.8,767.2,7.3,1419,271.2,132.1,4.9,203,487.3,1065.0,10.8
30,564.7,766.0,7.6,1463,270.3,132.1,5.0,205,483.1,1065.0,10.9
29,561.2,764.9,7.7,1484,274.7,131.9,5.0,207,477.7,1065.0,10.9
32,579.4,765.8,7.6,1517,276.7,131.9,5.0,206,475.6,1065.0,10.9
27,567.6,764.7,7.8,1559,277.3,131.9,5.1,206,484.4,1065.0,10.9
28,581.7,762.6,8.0,1591,278.9,131.8,5.1,207,477.9,1065.0,10.8
29,580.9,763.4,7.8,1628,281.0,131.7,5.1,208,475.3,1065.0,10.8
26,607.8,760.9,8.2,1668,282.5,131.6,5.1,209,474.5,1065.0,10.9
30,577.8,760.2,8.3,1699,286.3,131.6,5.1,209,470.6,1065.0,10.9
30,588.4,758.8,8.6,1739,288.4,131.5,5.2,208,473.8,1065.0,10.9
32,573.8,758.3,8.6,1773,291.8,131.3,5.2,208,472.9,1065.0,10.9
30,620.6,759.2,8.5,1791,297.5,131.3,5.2,211,461.0,1064.9,10.9
38,566.6,758.2,8.4,1839,299.1,131.1,5.2,210,456.4,1064.9,10.9
38,561.4,757.1,8.5,1856,304.3,130.7,5.2,211,456.7,1065.0,10.8
39,569.2,757.6,8.6,1882,308.6,130.5,5.2,211,456.3,1064.9,10.8
37,534.9,757.9,8.4,1915,312.3,130.3,5.2,210,463.9,1064.9,10.8
40,540.5,758.5,8.6,1935,317.3,130.1,5.3,211,458.2,1064.9,10.8
33,559.6,758.6,8.5,1957,322.4,129.9,5.3,213,454.9,1064.9,10.8
32,509.6,758.4,8.4,2010,324.1,129.9,5.3,212,456.9,1064.9,10.8
28,541.7,758.9,8.4,2043,328.0,129.6,5.3,210,458.2,1064.9,10.8
24,536.8,759.5,8.7,2078,332.2,129.6,5.3,210,458.1,1064.9,10.8
24,546.6,759.4,8.6,2128,334.4,129.5,5.4,211,450.7,1064.9,10.8
22,518.6,759.7,8.9,2188,335.1,129.5,5.4,212,448.8,1064.9,10.8
22,541.3,759.9,9.2,2220,339.6,129.5,5.4,213,441.7,1064.9,10.8
21,539.8,759.9,9.4,2268,342.3,129.5,5.4,212,441.5,1064.9,10.8
20,595.3,759.7,9.6,2317,344.5,129.5,5.4,211,439.8,1064.9,10.8
21,574.2,760.3,9.8,2364,347.2,129.6,5.5,210,438.4,1064.8,10.8
20,604.5,759.6,9.7,2416,349.1,129.6,5.5,209,438.4,1064.8,10.8
21,652.7,759.4,9.7,2461,351.6,129.5,5.5,208,435.9,1064.8,10.8
26,611.5,759.3,10.0,2501,355.5,129.5,5.5,207,434.0,1064.8,10.8
25,620.5,759.1,10.0,2557,356.9,129.5,5.5,206,435.3,1064.8,10.8
29,622.2,758.8,10.0,2604,359.0,129.5,5.6,207,429.1,1064.8,10.8
35,605.6,758.8,9.9,2625,363.9,129.5,5.6,207,427.8,1064.8,10.8
40,650.6,758.7,9.8,2675,364.1,129.5,5.6,206,427.0,1064.8,10.8
45,668.1,758.3,9.8,2719,364.8,129.5,5.6,208,420.9,1064.8,10.8
46,683.0,758.0,9.8,2740,368.7,129.5,5.7,209,422.4,1064.8,10.8
53,663.7,757.3,9.6,2782,370.6,129.6,5.7,209,420.9,1064.8,10.8
49,696.8,756.6,9.5,2821,371.7,129.5,5.7,209,430.8,1064.8,10.7
43,727.8,756.3,9.5,2858,374.8,129.6,5.7,208,445.4,1064.8,10.7
48,759.8,756.3,9.5,2903,375.9,129.6,5.7,211,431.6,1064.8,10.7
45,711.2,756.1,9.5,2945,377.6,129.6,5.7,211,442.9,1064.8,10.7
49,683.1,755.9,9.4,2983,380.7,129.7,5.7,208,451.1,1064.8,10.7
49,731.5,755.6,9.4,3034,381.8,129.7,5.8,206,456.1,1064.9,10.7
52,686.5,755.3,9.3,3074,384.3,129.7,5.8,207,460.8,1064.9,10.7
53,707.9,755.1,9.2,3111,387.2,129.7,5.8,208,455.9,1064.9,10.7
52,720.0,755.2,9.3,3152,389.1,129.9,5.8,210,459.2,1064.9,10.7
57,595.3,755.0,9.2,3201,390.5,129.9,5.8,212,466.3,1064.9,10.7
55,613.7,755.3,9.3,3244,392.7,129.9,5.8,210,477.4,1064.9,10.7
58,610.2,755.4,9.2,3283,395.7,130.0,5.8,212,475.3,1065.0,10.7
60,612.9,755.2,9.3,3329,398.2,130.0,5.8,209,483.8,1065.0,10.7
66,607.1,755.3,9.2,3373,400.7,130.0,5.8,207,490.0,1065.0,10.7
67,604.1,755.2,9.2,3408,404.2,130.1,5.8,209,489.8,1065.1,10.7
70,608.8,755.0,9.1,3443,407.2,130.1,5.9,210,492.6,1065.1,10.7
63,608.3,754.5,9.1,3507,407.7,130.2,5.9,214,491.1,1065.2,10.7
61,613.0,754.5,9.1,3560,409.7,130.2,5.9,214,496.0,1065.2,10.7
64,610.2,754.4,9.0,3604,412.8,130.2,5.9,212,500.8,1065.3,10.8
70,604.1,754.5,9.0,3662,414.5,130.2,5.9,211,501.0,1065.3,10.8
72,594.1,754.7,8.9,3693,418.9,130.2,5.9,212,505.9,1065.3,10.8
73,626.6,754.7,8.9,3733,421.8,130.2,5.9,213,501.9,1065.3,10.8
73,592.0,754.4,8.9,3796,423.1,130.2,5.9,214,512.6,1065.3,10.8
70,634.1,754.3,8.9,3825,427.3,130.2,6.0,219,500.8,1065.4,10.8
71,635.0,754.5,8.9,3871,430.0,130.3,6.0,221,502.8,1065.5,10.8
72,649.5,754.4,8.9,3928,431.5,130.2,6.0,222,504.3,1065.5,10.8
74,652.7,754.3,8.9,3968,434.7,130.2,6.0,225,499.2,1065.6,10.8
68,658.2,754.4,9.0,3999,439.2,130.3,6.0,225,511.1,1065.6,10.8
76,596.0,754.5,9.0,4064,441.0,130.3,6.0,227,503.6,1065.7,10.9
73,598.8,754.5,9.0,4118,443.4,130.3,6.1,229,503.0,1065.8,10.9
76,624.9,754.7,9.1,4169,444.8,130.3,6.1,230,502.3,1065.8,10.9
81,573.2,754.9,9.1,4211,448.8,130.3,6.1,231,508.3,1065.9,10.9
85,577.7,754.9,9.1,4257,451.7,130.3,6.1,237,492.6,1066.0,10.9
82,603.1,755.0,9.1,4300,454.1,130.3,6.1,238,499.3,1066.1,11.0
81,598.2,755.3,9.2,4361,455.6,130.3,6.1,237,512.5,1066.2,11.0
77,629.8,755.6,9.3,4392,459.6,130.3,6.1,241,508.6,1066.3,11.0
83,596.7,755.7,9.4,4441,462.5,130.3,6.2,244,506.8,1066.4,11.0
85,604.1,756.0,9.4,4490,464.9,130.3,6.2,248,501.9,1066.5,11.0
91,613.7,756.4,9.5,4528,468.0,130.3,6.2,250,501.6,1066.5,11.1
92,663.1,756.6,9.6,4545,472.2,130.3,6.2,251,503.5,1066.5,11.1
99,632.3,756.7,9.7,4611,473.4,130.4,6.2,252,509.7,1066.6,11.1
106,635.7,756.8,9.7,4642,476.2,130.3,6.2,257,500.5,1066.7,11.1
114,620.8,756.9,9.7,4676,479.4,130.4,6.2,255,511.4,1066.7,11.2
128,630.6,757.0,9.7,4694,482.6,130.4,6.2,256,515.5,1066.8,11.2
138,636.5,757.0,9.7,4719,485.4,130.3,6.2,260,512.6,1066.8,11.2
146,658.1,757.0,9.7,4747,486.8,130.2,6.3,262,512.3,1066.9,11.2
150,638.0,757.1,9.6,4781,489.1,130.2,6.3,261,525.5,1066.9,11.2
163,618.1,757.0,9.6,4793,492.4,130.1,6.3,267,519.6,1067.0,11.2
169,613.5,757.0,9.6,4834,492.6,130.0,6.3,273,523.4,1067.1,11.2
168,624.4,756.9,9.7,4870,492.6,129.9,6.3,278,529.0,1067.1,11.3
170,653.4,756.9,9.7,4889,494.3,129.8,6.3,287,515.2,1067.2,11.3
177,596.7,756.9,9.7,4930,495.5,129.7,6.3,291,529.3,1067.2,11.4
173,611.8,757.0,9.7,4951,498.9,129.7,6.3,300,521.9,1067.3,11.4
178,601.6,756.9,9.7,4977,501.8,129.5,6.3,309,512.8,1067.4,11.4
168,597.5,756.9,9.8,5003,505.3,129.4,6.4,317,514.8,1067.4,11.4
174,583.1,756.8,9.8,5037,507.9,129.4,6.4,320,519.8,1067.5,11.4
169,595.9,756.9,9.9,5064,511.5,129.3,6.4,323,523.5,1067.5,11.4
172,602.5,756.8,9.9,5109,513.0,129.2,6.4,325,524.5,1067.6,11.5
176,585.3,756.7,9.8,5144,516.3,129.1,6.4,330,519.0,1067.6,11.5
178,572.6,756.7,9.8,5195,518.4,129.0,6.4,335,518.4,1067.7,11.5
168,583.4,756.6,9.8,5243,521.0,128.9,6.4,339,521.6,1067.7,11.6
164,581.4,756.7,9.8,5284,523.3,128.9,6.4,345,520.6,1067.8,11.6
158,587.8,756.6,9.8,5331,525.6,128.8,6.5,351,519.5,1067.9,11.6
152,589.8,756.7,9.7,5362,529.3,128.7,6.5,358,517.3,1067.9,11.6
143,608.3,756.7,9.6,5394,533.1,128.6,6.5,362,517.4,1067.9,11.6
138,610.5,756.7,9.6,5451,535.2,128.6,6.5,372,503.4,1068.0,11.6
118,574.8,756.8,9.5,5518,537.5,128.5,6.5,378,512.0,1068.0,11.6
115,580.4,756.8,9.5,5574,540.2,128.6,6.5,384,503.3,1068.1,11.7
112,557.6,756.9,9.5,5624,544.3,128.5,6.5,389,497.6,1068.1,11.7
99,557.8,756.9,9.6,5691,546.7,128.5,6.5,391,502.1,1068.1,11.7
96,554.0,756.9,9.5,5748,550.4,128.5,6.6,396,490.8,1068.1,11.7
89,546.5,756.9,9.5,5811,553.5,128.5,6.6,400,486.6,1068.2,11.7
83,532.6,756.7,9.4,5876,556.8,128.5,6.6,407,476.7,1068.3,11.7
70,519.2,756.5,9.4,5941,560.2,128.5,6.6,408,479.5,1068.3,11.7
74,509.1,756.2,9.4,6006,563.7,128.5,6.6,413,466.1,1068.3,11.7
63,530.6,756.4,9.4,6072,566.9,128.6,6.6,417,460.6,1068.4,11.7
62,517.0,756.5,9.4,6141,570.0,128.5,6.6,414,462.4,1068.4,11.7
59,511.7,756.4,9.4,6213,572.8,128.6,6.6,415,458.4,1068.4,11.7
55,493.8,756.2,9.4,6279,576.6,128.6,6.6,408,464.4,1068.4,11.7
53,491.0,756.2,9.4,6356,579.5,128.7,6.6,408,459.4,1068.4,11.7
54,482.8,756.1,9.4,6429,582.7,128.7,6.7,402,462.1,1068.4,11.7
54,507.3,756.0,9.4,6496,586.1,128.7,6.7,400,458.7,1068.4,11.7
53,535.5,756.0,9.3,6574,588.6,128.8,6.7,400,454.0,1068.4,11.7
54,531.4,755.9,9.3,6643,592.1,128.8,6.7,397,453.4,1068.4,11.7
58,491.8,755.8,9.3,6715,595.5,128.9,6.7,395,453.6,1068.4,11.7
56,515.4,755.7,9.2,6784,598.9,128.9,6.7,395,448.3,1068.4,11.7
52,537.1,755.5,9.3,6850,602.6,128.9,6.7,389,452.8,1068.4,11.7
52,507.1,755.3,9.4,6921,606.2,129.0,6.7,389,449.7,1068.4,11.7
56,507.3,755.2,9.4,6993,609.6,129.0,6.7,383,451.6,1068.4,11.7
56,515.6,755.2,9.4,7081,611.6,129.1,6.7,381,451.1,1068.4,11.7
59,536.6,755.2,9.4,7130,616.7,129.2,6.7,379,448.0,1068.4,11.7
64,536.0,755.0,9.4,7209,619.5,129.2,6.7,375,448.2,1068.4,11.7
67,542.9,755.0,9.4,7276,622.9,129.2,6.7,369,452.4,1068.4,11.7
71,554.9,755.0,9.4,7339,626.7,129.3,6.8,366,450.4,1068.4,11.6
80,552.2,755.0,9.5,7395,631.0,129.4,6.8,363,450.3,1068.4,11.6
82,577.5,755.0,9.5,7462,633.7,129.4,6.8,360,454.3,1068.3,11.6
88,604.4,755.0,9.6,7511,638.1,129.5,6.8,360,446.8,1068.4,11.6
98,564.0,755.1,9.7,7574,641.9,129.6,6.8,357,451.9,1068.4,11.6
95,613.0,755.0,9.7,7623,645.5,129.6,6.8,357,455.3,1068.4,11.6
107,579.4,755.1,9.6,7692,648.3,129.7,6.8,352,463.6,1068.4,11.6
112,589.3,755.1,9.7,7740,652.8,129.8,6.8,352,459.8,1068.5,11.6
116,594.8,755.1,9.7,7790,656.5,129.9,6.8,356,455.7,1068.5,11.6
120,603.3,755.3,9.8,7858,658.3,130.0,6.8,358,457.7,1068.6,11.6
123,641.2,755.3,9.8,7895,662.3,130.1,6.8,359,459.5,1068.6,11.6
131,643.0,755.6,9.8,7948,665.4,130.2,6.8,362,458.0,1068.6,11.5
127,656.4,755.6,9.8,8022,666.1,130.3,6.8,362,470.3,1068.7,11.5
139,605.7,755.5,9.8,8075,669.8,130.4,6.8,363,470.0,1068.7,11.5
146,605.5,755.5,9.7,8125,673.0,130.5,6.9,366,462.7,1068.8,11.5
150,612.5,755.5,9.7,8183,675.0,130.6,6.9,364,472.5,1068.8,11.5
147,604.2,755.6,9.6,8244,677.2,130.8,6.9,366,480.9,1068.7,11.5
149,585.8,755.6,9.5,8316,678.9,130.9,6.9,370,483.0,1068.8,11.4
151,590.4,755.5,9.5,8382,681.0,131.0,6.9,371,483.3,1068.8,11.4
155,614.5,755.4,9.4,8430,683.6,131.1,6.9,372,482.7,1068.7,11.4
160,609.1,755.2,9.3,8514,684.5,131.1,6.9,373,485.8,1068.7,11.4
164,606.4,755.1,9.2,8587,686.4,131.3,6.9,376,481.6,1068.7,11.4
169,612.0,755.1,9.3,8636,690.4,131.4,6.9,372,488.9,1068.7,11.4
174,634.6,755.0,9.2,8703,692.8,131.4,6.9,378,476.6,1068.7,11.3
178,623.0,755.0,9.3,8806,692.9,131.5,6.9,376,482.4,1068.7,11.3
180,605.3,755.0,9.2,8865,696.1,131.6,7.0,376,484.8,1068.7,11.3
190,615.1,754.9,9.3,8927,698.6,131.6,7.0,377,481.4,1068.7,11.3
194,624.5,754.9,9.3,9007,699.7,131.8,7.0,380,481.6,1068.7,11.3
207,591.0,754.9,9.3,9065,702.7,131.9,7.0,381,487.0,1068.7,11.3
211,618.1,754.9,9.3,9110,705.9,132.0,7.0,378,493.4,1068.7,11.3
216,634.0,754.9,9.3,9188,706.8,132.1,7.0,383,488.9,1068.6,11.3
227,631.8,754.9,9.3,9240,710.1,132.2,7.0,386,486.8,1068.7,11.3
234,651.3,754.8,9.3,9292,713.1,132.3,7.0,390,482.9,1068.7,11.3
236,616.2,754.9,9.3,9382,713.9,132.4,7.0,390,494.2,1068.6,11.3
238,605.5,754.9,9.4,9429,717.8,132.5,7.0,397,491.7,1068.6,11.3
241,610.8,754.9,9.4,9497,719.3,132.6,7.1,404,487.7,1068.6,11.2
242,620.3,755.0,9.4,9576,720.2,132.6,7.1,408,489.9,1068.6,11.3
246,613.6,755.0,9.3,9621,723.7,132.7,7.1,411,489.9,1068.6,11.3
250,608.6,754.9,9.3,9690,726.1,132.7,7.1,412,493.9,1068.5,11.3
255,586.2,754.9,9.3,9762,728.4,132.8,7.1,415,500.0,1068.5,11.2
265,608.8,754.9,9.3,9790,732.2,132.9,7.1,418,498.1,1068.5,11.2
284,581.0,755.0,9.3,9831,736.6,133.0,7.1,424,494.0,1068.4,11.2
285,574.8,755.1,9.3,9876,739.7,133.1,7.1,423,508.5,1068.4,11.2
296,583.5,755.1,9.3,9894,744.9,133.1,7.1,429,503.7,1068.3,11.2
298,582.5,755.1,9.2,9940,748.2,133.2,7.1,436,506.7,1068.4,11.2
296,608.9,755.1,9.2,9988,750.2,133.3,7.2,444,503.2,1068.3,11.2
306,596.0,755.1,9.1,10016,754.2,133.4,7.2,451,504.8,1068.3,11.2
302,600.2,755.1,9.1,10046,757.6,133.4,7.2,460,508.5,1068.3,11.2
299,599.7,755.2,9.0,10089,760.5,133.5,7.2,469,511.1,1068.3,11.2
303,586.3,755.2,9.0,10131,764.2,133.6,7.2,479,508.2,1068.3,11.2
303,583.7,755.2,9.0,10170,768.3,133.7,7.2,487,505.7,1068.3,11.2
301,591.1,755.2,9.0,10196,772.9,133.7,7.2,493,509.1,1068.3,11.2
291,598.9,755.2,8.9,10232,776.7,133.8,7.2,504,506.5,1068.3,11.2
294,620.7,755.2,8.9,10269,779.7,133.9,7.2,516,498.5,1068.3,11.2
292,611.2,755.2,8.9,10320,782.4,133.9,7.2,523,500.2,1068.3,11.2
288,612.8,755.2,8.9,10346,787.0,134.0,7.2,529,504.3,1068.3,11.2
274,616.1,755.1,8.8,10390,790.5,134.1,7.2,539,505.6,1068.2,11.2
273,609.6,755.3,8.8,10450,792.6,134.1,7.2,546,506.5,1068.2,11.2
254,623.9,755.3,8.7,10488,796.3,134.3,7.2,557,508.3,1068.2,11.2
255,630.8,755.4,8.8,10540,798.7,134.3,7.2,569,501.5,1068.2,11.2
257,667.6,755.3,8.7,10569,802.1,134.4,7.2,570,504.0,1068.2,11.2
257,675.4,755.3,8.7,10606,805.5,134.4,7.2,576,504.0,1068.2,11.2
261,685.1,755.4,8.8,10661,807.2,134.4,7.2,579,506.1,1068.1,11.2
264,622.8,755.6,8.8,10705,810.2,134.5,7.2,590,511.7,1068.1,11.2
246,643.6,755.7,8.8,10756,812.9,134.6,7.3,602,508.3,1068.1,11.2
249,650.1,755.8,8.8,10806,815.7,134.6,7.3,608,507.9,1068.1,11.2
248,633.9,755.8,8.8,10858,818.1,134.6,7.3,621,507.0,1068.0,11.2
230,651.2,755.9,8.8,10918,820.4,134.7,7.3,632,504.8,1068.0,11.2
223,655.5,756.0,8.8,11002,821.3,134.7,7.3,643,495.9,1068.0,11.2
207,667.8,756.1,8.8,11048,825.0,134.7,7.3,649,499.5,1068.0,11.2
208,675.7,756.3,8.8,11127,826.2,134.8,7.3,656,495.9,1068.0,11.2
211,703.8,756.3,8.8,11196,827.7,134.8,7.3,666,486.7,1068.0,11.2
212,675.7,756.2,8.7,11280,828.0,134.9,7.3,664,493.7,1068.0,11.2
215,689.1,756.3,8.8,11328,830.9,134.9,7.3,675,481.5,1068.0,11.2
225,645.3,756.3,8.8,11401,833.1,134.9,7.3,683,477.8,1068.0,11.2
225,645.7,756.4,8.7,11451,835.9,135.0,7.3,688,473.5,1067.9,11.2
227,656.7,756.5,8.7,11509,837.6,135.1,7.4,692,473.9,1067.9,11.1
236,690.7,756.6,8.8,11568,837.3,135.2,7.4,699,470.7,1067.9,11.1
244,684.8,756.7,8.8,11621,839.2,135.3,7.4,707,467.6,1067.9,11.1
246,695.8,756.8,8.9,11663,840.7,135.3,7.4,716,468.1,1067.9,11.1
256,687.8,756.9,8.9,11721,841.9,135.4,7.4,719,467.5,1067.9,11.1
250,743.7,756.8,8.9,11772,842.7,135.5,7.4,733,461.0,1067.9,11.1
248,734.8,756.8,8.9,11857,840.8,135.5,7.4,734,471.4,1067.8,11.1
246,717.9,756.7,8.9,11917,841.3,135.5,7.4,744,471.4,1067.8,11.1
236,744.9,756.6,8.9,11982,841.1,135.6,7.5,754,471.8,1067.7,11.1
241,728.8,756.7,8.9,12059,840.8,135.5,7.5,766,466.5,1067.7,11.1
230,701.7,756.5,8.9,12138,840.5,135.5,7.5,771,476.5,1067.7,11.1
236,720.7,756.3,8.8,12200,840.0,135.5,7.5,789,466.5,1067.6,11.1
217,734.2,756.1,8.8,12279,839.8,135.5,7.5,792,475.8,1067.6,11.1
227,721.2,756.1,8.8,12358,839.2,135.5,7.5,799,473.2,1067.6,11.1
219,731.4,756.0,8.7,12428,839.1,135.5,7.5,810,473.4,1067.5,11.1
212,725.8,755.8,8.7,12520,838.3,135.5,7.5,826,466.3,1067.5,11.1
197,782.3,755.8,8.7,12595,838.0,135.5,7.5,829,470.4,1067.5,11.0
200,759.2,755.8,8.7,12682,838.0,135.5,7.5,839,469.2,1067.4,11.1
198,781.4,755.9,8.8,12769,837.2,135.4,7.5,849,465.4,1067.4,11.1
184,822.0,756.0,8.8,12859,836.7,135.5,7.5,863,462.9,1067.4,11.1
191,782.4,755.9,8.8,12911,839.1,135.5,7.6,871,458.7,1067.4,11.1
187,785.3,756.0,8.9,13029,838.1,135.5,7.6,874,460.5,1067.4,11.1
184,768.4,756.0,8.9,13100,840.5,135.5,7.6,875,463.4,1067.4,11.1
183,735.8,756.0,8.8,13196,841.1,135.5,7.6,880,458.6,1067.3,11.1
176,717.8,755.9,8.9,13295,842.3,135.5,7.6,881,461.0,1067.4,11.1
180,720.7,755.8,9.0,13381,843.0,135.5,7.6,884,459.0,1067.4,11.0
177,703.2,756.0,9.0,13477,844.4,135.5,7.6,889,457.4,1067.3,11.1
170,701.2,755.8,9.0,13584,845.4,135.5,7.6,898,456.6,1067.3,11.1
159,708.8,755.8,9.1,13664,847.3,135.5,7.6,905,455.2,1067.3,11.1
164,703.0,755.7,9.0,13757,848.9,135.6,7.6,910,452.2,1067.3,11.1
164,695.4,755.8,9.1,13877,849.0,135.6,7.6,915,451.0,1067.3,11.1
150,669.9,755.7,9.1,13962,851.4,135.6,7.6,923,450.1,1067.3,11.1
143,694.0,755.7,9.2,14070,852.5,135.6,7.6,927,448.7,1067.2,11.1
130,710.0,755.7,9.2,14186,853.0,135.6,7.7,929,450.3,1067.2,11.1
120,711.5,755.5,9.4,14286,854.5,135.7,7.7,933,450.4,1067.2,11.1
119,649.5,755.3,9.5,14426,854.1,135.7,7.7,929,456.1,1067.1,11.1
126,635.3,755.4,9.5,14554,854.9,135.7,7.7,932,450.2,1067.1,11.1
127,636.3,755.4,9.4,14668,856.3,135.6,7.7,937,447.8,1067.1,11.1
131,675.9,755.3,9.4,14789,857.0,135.7,7.7,940,443.9,1067.1,11.1
133,633.7,755.2,9.6,14903,859.0,135.7,7.7,939,446.3,1067.0,11.1
137,649.6,755.0,9.5,14988,862.4,135.6,7.7,949,437.7,1067.0,11.1
141,640.5,755.0,9.5,15102,864.2,135.7,7.7,949,438.2,1067.0,11.1
131,651.7,754.8,9.4,15203,866.9,135.7,7.7,951,439.3,1066.9,11.1
130,664.7,754.9,9.4,15302,869.6,135.7,7.7,955,439.0,1066.9,11.1
128,663.9,754.7,9.3,15419,871.6,135.7,7.7,962,434.1,1066.9,11.1
122,655.9,754.8,9.3,15522,874.4,135.8,7.7,960,436.3,1066.8,11.1
113,671.8,754.7,9.3,15616,877.6,135.8,7.7,959,438.4,1066.8,11.1
112,647.4,754.9,9.4,15750,878.8,135.8,7.7,960,439.9,1066.8,11.1
116,638.7,755.1,9.6,15853,882.1,135.8,7.7,963,437.0,1066.7,11.1
121,623.1,755.0,9.7,15941,886.0,135.9,7.7,965,435.5,1066.7,11.1
122,607.8,755.1,9.8,16064,888.2,135.9,7.7,963,437.7,1066.7,11.1
120,620.0,755.0,9.8,16161,891.8,135.9,7.7,958,441.0,1066.7,11.1
124,626.3,755.1,9.9,16239,896.3,135.9,7.7,964,436.7,1066.7,11.1
120,638.4,755.0,9.9,16362,898.5,135.9,7.7,964,437.9,1066.6,11.1
123,652.7,754.7,10.1,16486,900.6,135.9,7.7,957,441.7,1066.6,11.1
128,633.4,754.6,10.1,16553,905.9,136.0,7.7,958,440.3,1066.6,11.1
127,653.2,754.5,10.1,16669,908.5,136.0,7.7,951,443.9,1066.6,11.1
132,640.1,754.4,10.1,16784,911.5,136.0,7.7,951,444.0,1066.5,11.1
129,683.2,754.6,10.1,16874,915.4,136.0,7.7,953,441.4,1066.5,11.1
129,681.0,754.6,10.1,16975,918.8,136.0,7.7,948,446.0,1066.5,11.1
135,656.7,754.8,10.2,17081,922.1,136.0,7.7,950,445.0,1066.5,11.1
139,620.1,754.8,10.2,17185,925.6,136.0,7.7,948,447.3,1066.4,11.1
143,629.5,755.1,10.2,17300,928.4,136.0,7.7,949,446.6,1066.4,11.2
130,662.7,755.0,10.2,17400,931.6,136.0,7.7,951,448.5,1066.4,11.2
133,644.1,755.0,10.1,17511,934.7,136.0,7.7,954,449.8,1066.4,11.2
138,648.3,754.9,10.2,17615,937.7,135.9,7.7,953,452.0,1066.4,11.2
151,606.4,754.9,10.3,17719,940.8,135.9,7.7,961,449.2,1066.3,11.2
153,608.7,754.8,10.4,17812,944.6,135.9,7.7,965,447.8,1066.3,11.2
148,651.4,754.9,10.4,17923,947.0,135.9,7.7,965,451.7,1066.3,11.2
154,633.8,754.8,10.4,18043,949.5,135.9,7.7,970,450.6,1066.3,11.2
143,643.6,754.6,10.5,18145,952.8,135.9,7.7,973,454.4,1066.3,11.2
144,655.1,754.5,10.5,18268,955.1,135.9,7.7,975,455.4,1066.2,11.2
146,643.7,754.5,10.6,18371,958.9,135.9,7.8,979,453.2,1066.2,11.2
142,660.2,754.4,10.5,18459,963.0,135.9,7.8,980,457.0,1066.2,11.2
139,655.4,754.5,10.4,18588,965.2,135.9,7.8,984,457.2,1066.2,11.3
138,674.0,754.6,10.5,18690,968.8,135.8,7.8,983,457.2,1066.2,11.3
133,659.3,754.8,10.5,18794,972.3,135.8,7.8,986,459.9,1066.2,11.3
128,688.7,755.0,10.4,18898,975.8,135.8,7.8,989,460.2,1066.2,11.3
126,697.1,755.0,10.4,19031,977.8,135.8,7.8,991,462.8,1066.2,11.3
122,742.2,755.0,10.3,19102,982.9,135.8,7.8,1001,458.0,1066.2,11.3
128,697.5,754.8,10.4,19229,985.5,135.8,7.8,1007,456.1,1066.2,11.3
127,661.4,754.7,10.5,19342,988.8,135.8,7.8,1002,460.7,1066.2,11.3
126,610.8,754.9,10.5,19439,993.1,135.7,7.8,1004,463.6,1066.2,11.3
127,599.9,755.1,10.7,19563,996.1,135.7,7.8,1012,459.3,1066.2,11.3
118,619.9,754.8,10.7,19692,998.6,135.7,7.8,1018,459.1,1066.2,11.3
116,595.1,754.8,10.7,19793,1002.8,135.7,7.8,1020,461.4,1066.2,11.3
111,637.0,754.8,10.7,19918,1005.5,135.7,7.8,1021,462.1,1066.2,11.3
109,604.1,754.6,10.8,20053,1007.8,135.6,7.8,1026,461.9,1066.2,11.3
105,661.8,754.3,10.8,20146,1011.9,135.6,7.9,1031,458.3,1066.2,11.3
102,641.1,754.1,10.9,20289,1013.9,135.6,7.9,1035,458.5,1066.2,11.3
103,695.0,753.9,10.8,20412,1016.6,135.6,7.9,1042,454.5,1066.2,11.3
108,722.0,753.8,10.8,20518,1019.9,135.6,7.9,1043,454.1,1066.2,11.4
113,675.6,753.8,10.9,20659,1021.7,135.5,7.9,1050,453.5,1066.2,11.4
115,662.1,753.7,10.9,20782,1024.1,135.5,7.9,1056,452.8,1066.2,11.4
121,706.5,753.8,10.9,20890,1026.9,135.5,7.9,1059,450.8,1066.2,11.4
124,736.5,753.4,10.9,21018,1028.7,135.5,7.9,1060,452.7,1066.1,11.4
118,726.9,753.4,10.8,21124,1031.5,135.5,7.9,1065,456.9,1066.1,11.4
111,710.2,753.5,10.8,21259,1033.7,135.5,7.9,1074,456.1,1066.1,11.4
106,744.2,753.5,10.8,21377,1036.6,135.5,7.9,1084,452.9,1066.1,11.4
104,751.8,753.7,10.8,21489,1039.8,135.5,7.9,1085,455.6,1066.1,11.4
106,742.8,753.8,10.9,21616,1042.3,135.5,7.9,1088,454.1,1066.1,11.4
106,705.1,753.7,11.0,21753,1044.6,135.5,7.9,1089,456.6,1066.1,11.4
106,716.0,753.7,10.8,21852,1048.7,135.5,7.9,1091,457.5,1066.1,11.4
87,803.5,753.8,10.8,21977,1051.4,135.5,7.9,1098,457.5,1066.1,11.4
87,781.6,753.8,10.8,22146,1052.5,135.5,7.9,1104,455.3,1066.0,11.4
79,853.9,753.8,11.0,22258,1056.0,135.5,8.0,1103,457.4,1066.1,11.4
83,846.1,754.2,10.9,22393,1058.6,135.6,8.0,1107,454.1,1066.1,11.4
82,748.2,754.2,11.0,22550,1060.6,135.6,8.0,1112,452.5,1066.1,11.4
79,754.9,753.9,11.2,22684,1063.3,135.5,8.0,1115,451.7,1066.1,11.4
83,773.7,754.0,11.2,22825,1065.9,135.6,8.0,1117,449.8,1066.1,11.4
76,788.3,754.3,11.2,22975,1068.3,135.6,8.0,1122,448.1,1066.1,11.4
84,809.2,754.3,11.2,23108,1071.1,135.6,8.0,1118,448.7,1066.1,11.4
92,844.0,754.5,11.2,23246,1073.7,135.5,8.0,1116,448.4,1066.1,11.4
108,764.5,754.6,11.2,23402,1075.8,135.5,8.0,1116,446.3,1066.1,11.4
128,666.3,754.9,11.1,23523,1079.0,135.5,8.0,1114,450.5,1066.1,11.4
146,661.9,755.0,11.2,23639,1082.6,135.5,8.0,1113,450.6,1066.1,11.4
163,717.7,755.4,11.1,23768,1085.0,135.5,8.0,1113,449.3,1066.1,11.4
181,693.1,755.4,11.2,23863,1089.4,135.5,8.0,1112,449.6,1066.1,11.4
207,675.2,755.6,11.2,23961,1093.6,135.5,8.0,1114,449.1,1066.1,11.4
227,659.9,755.5,11.2,24054,1097.9,135.4,8.0,1115,451.3,1066.1,11.4
241,660.7,755.6,11.2,24135,1102.7,135.4,8.0,1120,452.6,1066.1,11.4
247,658.7,755.6,11.1,24243,1106.3,135.4,8.0,1123,455.9,1066.1,11.4
256,645.1,755.5,11.1,24332,1111.1,135.4,8.0,1127,457.2,1066.1,11.4
264,653.0,755.5,11.1,24435,1115.1,135.4,8.0,1129,459.3,1066.1,11.4
276,643.0,755.3,11.1,24531,1119.2,135.4,8.0,1136,459.5,1066.1,11.4
284,644.3,755.4,11.1,24627,1123.2,135.4,8.0,1141,461.6,1066.1,11.4
303,637.1,755.4,11.1,24692,1128.8,135.4,8.0,1149,460.4,1066.1,11.5
306,638.4,755.4,11.1,24766,1133.5,135.5,8.0,1152,466.6,1066.2,11.5
316,633.2,755.3,11.1,24864,1137.2,135.5,8.0,1166,463.7,1066.2,11.5
317,629.3,755.1,11.1,24942,1142.0,135.5,8.1,1173,466.7,1066.2,11.5
327,651.0,755.1,11.1,25037,1145.6,135.5,8.1,1182,464.6,1066.2,11.5
334,657.4,755.0,11.1,25138,1148.7,135.5,8.1,1193,465.4,1066.2,11.5
333,673.3,754.8,11.2,25221,1152.3,135.5,8.1,1204,466.8,1066.2,11.5
329,656.2,754.9,11.2,25317,1156.3,135.5,8.1,1217,468.2,1066.2,11.5
340,636.3,754.8,11.2,25398,1161.0,135.5,8.1,1230,465.9,1066.2,11.5
363,644.7,754.7,11.2,25470,1165.2,135.5,8.1,1235,467.8,1066.2,11.5
364,674.3,754.6,11.2,25560,1168.0,135.6,8.1,1244,469.5,1066.2,11.5
379,657.3,754.5,11.3,25661,1170.8,135.6,8.1,1262,467.0,1066.2,11.5
396,645.3,754.4,11.2,25714,1175.9,135.6,8.1,1274,467.4,1066.2,11.5
400,656.9,754.5,11.2,25794,1179.2,135.6,8.1,1295,465.5,1066.2,11.6
416,664.7,754.5,11.2,25883,1182.0,135.6,8.1,1307,466.3,1066.2,11.6
443,653.1,754.4,11.2,25917,1187.4,135.7,8.1,1319,465.2,1066.2,11.6
442,680.0,754.3,11.2,25958,1191.5,135.7,8.1,1328,470.9,1066.2,11.6
451,651.7,754.3,11.3,26060,1194.0,135.7,8.1,1349,470.0,1066.2,11.6
459,646.0,754.3,11.4,26113,1198.4,135.7,8.1,1366,470.5,1066.2,11.6
442,660.5,754.1,11.5,26181,1201.8,135.7,8.1,1377,477.5,1066.2,11.6
445,657.8,754.2,11.6,26290,1203.6,135.7,8.1,1407,472.3,1066.2,11.6
436,643.5,754.1,11.7,26363,1206.9,135.7,8.1,1422,477.1,1066.2,11.6
410,650.5,754.1,11.9,26454,1209.5,135.7,8.1,1454,473.6,1066.2,11.6
401,633.1,754.0,11.9,26585,1211.1,135.8,8.1,1468,477.1,1066.2,11.6
397,641.5,754.1,12.0,26674,1214.1,135.8,8.1,1486,474.5,1066.2,11.6
389,630.3,754.1,12.0,26781,1217.2,135.8,8.1,1494,476.9,1066.2,11.6
381,605.6,754.0,12.0,26900,1220.0,135.8,8.1,1507,477.5,1066.2,11.6
374,611.6,753.9,12.0,27001,1223.5,135.8,8.1,1523,474.4,1066.2,11.6
361,590.8,753.8,12.0,27117,1226.7,135.9,8.1,1526,479.1,1066.2,11.6
376,589.7,753.8,12.0,27215,1230.7,135.9,8.1,1537,474.2,1066.2,11.6
372,583.3,753.7,12.0,27312,1234.9,135.9,8.1,1548,472.1,1066.2,11.6
375,579.5,753.6,11.9,27440,1237.5,135.9,8.1,1555,473.0,1066.2,11.6
375,590.4,753.7,11.9,27536,1241.1,135.9,8.1,1569,470.6,1066.2,11.7
371,613.6,753.7,11.9,27644,1244.4,135.9,8.1,1585,465.4,1066.2,11.7
373,593.8,753.7,11.9,27795,1246.1,136.0,8.1,1590,466.4,1066.2,11.7
383,591.6,753.7,11.9,27898,1249.9,136.0,8.1,1598,463.5,1066.2,11.7
386,608.6,753.7,11.8,27989,1253.9,136.0,8.1,1605,461.8,1066.2,11.7
393,606.0,753.9,11.7,28092,1257.4,136.0,8.1,1612,462.2,1066.2,11.7
389,621.6,753.8,11.7,28192,1260.8,136.1,8.1,1623,461.2,1066.2,11.7
396,602.7,754.0,11.5,28295,1264.5,136.1,8.1,1637,458.9,1066.2,11.7
395,612.7,754.1,11.5,28406,1267.7,136.1,8.1,1642,458.9,1066.1,11.7
382,616.6,754.1,11.4,28507,1271.3,136.1,8.1,1653,460.2,1066.1,11.7
384,627.9,754.3,11.4,28610,1275.0,136.1,8.1,1660,458.8,1066.1,11.7
387,607.5,754.4,11.3,28727,1278.4,136.1,8.1,1665,460.1,1066.1,11.7
379,611.3,754.5,11.4,28815,1282.6,136.1,8.1,1674,461.9,1066.1,11.7
371,618.7,754.5,11.4,28918,1286.4,136.1,8.1,1688,459.6,1066.1,11.7
355,605.5,754.4,11.5,29057,1288.7,136.1,8.1,1699,460.4,1066.1,11.7
326,602.9,754.3,11.7,29178,1292.0,136.1,8.1,1706,462.9,1066.1,11.7
305,595.2,754.3,11.7,29309,1294.8,136.1,8.1,1721,461.1,1066.1,11.7
295,608.1,754.6,11.7,29453,1297.2,136.1,8.1,1738,456.5,1066.1,11.7
275,616.5,754.8,11.7,29560,1300.7,136.1,8.1,1744,458.7,1066.1,11.7
285,611.2,754.9,11.5,29708,1302.8,136.1,8.1,1746,458.1,1066.1,11.7
290,610.5,754.9,11.4,29839,1305.5,136.0,8.1,1750,457.8,1066.1,11.7
284,641.7,754.8,11.3,29965,1308.0,136.0,8.1,1752,457.9,1066.1,11.7
289,650.0,755.1,11.1,30081,1311.3,136.0,8.1,1753,456.6,1066.1,11.7
302,671.8,755.3,10.9,30218,1313.2,136.0,8.1,1760,453.6,1066.1,11.7
320,681.3,755.7,10.7,30316,1316.5,136.0,8.1,1756,455.9,1066.1,11.7
315,723.9,755.8,10.5,30436,1318.3,135.9,8.1,1758,457.2,1066.1,11.7
348,695.7,756.1,10.3,30550,1320.4,135.9,8.1,1762,456.1,1066.1,11.7
346,699.8,756.1,10.2,30628,1323.5,135.9,8.1,1773,459.2,1066.1,11.7
358,744.9,756.3,10.0,30750,1324.4,135.9,8.1,1786,457.3,1066.1,11.7
376,771.5,756.3,10.0,30860,1325.6,135.9,8.2,1792,458.1,1066.1,11.7
398,763.9,756.2,9.8,30936,1327.9,135.8,8.2,1805,457.8,1066.1,11.7
396,766.4,756.0,9.7,31029,1330.6,135.8,8.2,1819,457.9,1066.1,11.7
416,759.1,755.7,9.6,31171,1330.7,135.8,8.2,1828,458.3,1066.1,11.6
467,746.4,755.7,9.3,31235,1333.8,135.8,8.2,1831,459.2,1066.1,11.6
510,732.7,755.7,9.2,31261,1338.1,135.8,8.2,1836,463.2,1066.0,11.6
561,725.4,755.8,9.1,31364,1338.9,135.8,8.2,1842,464.6,1066.0,11.6
601,736.5,755.9,9.0,31398,1341.9,135.7,8.2,1861,463.4,1066.0,11.6
626,759.0,756.0,9.0,31431,1345.0,135.7,8.2,1877,463.5,1066.0,11.6
653,761.6,756.2,9.0,31536,1345.1,135.7,8.2,1886,468.5,1066.0,11.6
685,755.4,756.4,9.1,31554,1348.4,135.6,8.2,1910,468.1,1066.0,11.6
731,743.9,756.6,9.1,31588,1351.2,135.5,8.2,1934,466.2,1066.0,11.6
769,743.1,756.8,9.1,31677,1351.3,135.5,8.2,1948,467.5,1066.0,11.5
796,741.7,756.9,9.1,31712,1353.6,135.5,8.2,1966,471.1,1066.0,11.5
824,735.1,757.0,9.1,31747,1356.0,135.5,8.2,1992,470.0,1065.9,11.5
822,760.9,757.1,9.2,31836,1355.3,135.5,8.2,2006,475.8,1065.9,11.5
833,745.2,757.1,9.2,31894,1356.6,135.5,8.2,2040,477.0,1065.9,11.5
818,746.0,757.2,9.2,31942,1357.9,135.4,8.2,2070,481.7,1065.9,11.5
827,760.6,757.3,9.2,32028,1357.6,135.4,8.2,2100,480.2,1065.9,11.5
840,767.4,757.3,9.2,32074,1358.2,135.4,8.2,2133,481.2,1065.9,11.5
838,797.3,757.2,9.3,32119,1358.4,135.4,8.2,2160,485.1,1065.8,11.4
848,789.7,757.2,9.2,32187,1357.7,135.4,8.2,2192,487.9,1065.8,11.4
862,792.0,757.1,9.2,32231,1358.2,135.4,8.2,2226,488.5,1065.8,11.4
864,812.7,757.2,9.1,32282,1357.1,135.4,8.2,2258,489.8,1065.8,11.4
875,810.4,757.2,9.1,32356,1355.8,135.4,8.3,2295,490.9,1065.7,11.4
895,813.4,757.3,9.1,32421,1355.4,135.4,8.3,2329,488.3,1065.7,11.4
878,852.1,757.3,9.1,32450,1355.7,135.4,8.3,2365,488.6,1065.7,11.4
889,836.1,757.4,9.1,32535,1354.4,135.4,8.3,2412,486.2,1065.6,11.4
889,803.0,757.3,9.1,32615,1353.6,135.4,8.3,2456,485.2,1065.6,11.3
883,799.2,757.2,9.1,32654,1354.1,135.4,8.3,2490,487.2,1065.6,11.3
910,790.6,757.2,9.1,32717,1353.9,135.5,8.3,2531,482.4,1065.6,11.3
915,775.3,757.2,9.1,32757,1354.7,135.5,8.3,2569,484.1,1065.5,11.3
914,777.0,757.2,9.0,32804,1354.8,135.5,8.3,2609,482.9,1065.5,11.3
901,786.2,757.2,9.0,32873,1354.0,135.5,8.3,2644,484.3,1065.5,11.3
888,784.6,757.2,9.0,32938,1352.9,135.6,8.3,2691,484.4,1065.5,11.3
884,778.0,757.1,9.0,32985,1353.2,135.6,8.3,2740,482.4,1065.4,11.3
880,780.0,757.1,9.0,33089,1350.4,135.6,8.3,2781,482.5,1065.4,11.3
844,787.6,757.3,9.0,33187,1349.1,135.7,8.3,2826,482.3,1065.4,11.3
834,799.1,757.3,9.0,33243,1348.4,135.7,8.3,2862,483.1,1065.4,11.3
851,791.2,757.2,9.0,33319,1347.3,135.7,8.3,2910,479.5,1065.3,11.3
826,790.7,757.3,9.0,33429,1344.7,135.8,8.3,2954,479.0,1065.3,11.2
828,769.5,757.3,9.0,33519,1343.9,135.8,8.3,3008,474.2,1065.3,11.2
786,774.0,757.3,9.0,33597,1343.9,135.8,8.3,3040,478.1,1065.3,11.2
763,756.5,757.3,9.0,33721,1342.1,135.9,8.3,3078,478.7,1065.3,11.2
728,771.0,757.3,9.0,33829,1341.7,135.9,8.3,3124,476.5,1065.2,11.2
712,784.3,757.4,9.0,33936,1341.2,135.9,8.3,3164,473.1,1065.2,11.2
701,774.3,757.5,8.9,34058,1339.4,136.0,8.3,3198,474.4,1065.2,11.2
700,785.8,757.7,9.0,34172,1338.3,136.0,8.3,3227,472.5,1065.2,11.2
690,784.6,757.8,9.0,34276,1339.0,136.0,8.3,3248,472.1,1065.2,11.2
695,811.0,757.9,9.0,34393,1338.3,136.1,8.3,3281,468.4,1065.2,11.2
680,794.4,757.9,9.0,34501,1338.9,136.1,8.3,3305,468.7,1065.2,11.2
654,789.6,758.0,8.9,34617,1338.4,136.2,8.3,3338,467.8,1065.2,11.1
646,797.2,757.8,8.9,34706,1338.4,136.3,8.3,3380,465.6,1065.2,11.1
630,761.7,758.1,8.9,34823,1338.2,136.4,8.3,3423,464.2,1065.2,11.1
600,788.1,758.2,8.9,34912,1338.8,136.4,8.3,3451,463.1,1065.2,11.1
601,772.9,758.2,8.9,35005,1339.2,136.5,8.3,3481,460.1,1065.2,11.1
601,740.2,758.2,8.9,35112,1340.9,136.6,8.3,3513,458.1,1065.2,11.1
601,720.5,758.1,8.9,35224,1341.1,136.6,8.4,3540,458.9,1065.2,11.1
562,749.6,758.0,8.9,35345,1341.8,136.7,8.4,3557,458.6,1065.2,11.1
567,742.8,758.1,8.9,35475,1342.2,136.7,8.4,3568,457.8,1065.3,11.1
565,764.0,758.1,8.9,35616,1342.5,136.8,8.4,3584,454.6,1065.3,11.1
559,748.2,758.2,9.0,35754,1342.9,136.8,8.4,3599,454.8,1065.3,11.1
562,734.1,758.3,9.1,35898,1343.3,136.9,8.4,3616,453.1,1065.3,11.1
573,741.5,758.5,9.2,36002,1345.1,136.9,8.4,3633,450.7,1065.3,11.1
588,733.1,758.5,9.3,36131,1345.7,137.0,8.4,3636,450.8,1065.3,11.1
610,718.5,758.6,9.4,36252,1346.9,137.0,8.4,3652,447.8,1065.3,11.1
614,715.8,758.7,9.5,36353,1348.2,137.0,8.4,3665,449.3,1065.4,11.1
630,742.1,758.8,9.5,36432,1349.6,137.1,8.4,3688,447.3,1065.4,11.1
642,746.5,758.9,9.5,36560,1349.0,137.1,8.4,3696,449.5,1065.4,11.1
651,762.1,759.0,9.4,36641,1349.3,137.1,8.4,3724,448.8,1065.4,11.1
641,788.8,759.1,9.4,36713,1350.4,137.2,8.4,3747,449.2,1065.4,11.1
652,790.1,759.1,9.4,36848,1348.9,137.2,8.4,3776,447.3,1065.4,11.1
642,815.2,759.0,9.3,36950,1348.2,137.2,8.4,3798,448.6,1065.5,11.1
656,811.8,759.0,9.3,37020,1349.4,137.2,8.4,3808,448.5,1065.5,11.1
694,761.9,759.2,9.3,37120,1350.1,137.3,8.4,3827,446.8,1065.5,11.1
706,771.4,759.2,9.3,37195,1350.6,137.3,8.4,3840,448.6,1065.5,11.1
730,767.0,759.4,9.4,37282,1350.8,137.3,8.4,3859,449.3,1065.5,11.1
717,755.2,759.4,9.3,37365,1351.2,137.3,8.4,3875,453.7,1065.5,11.1
714,783.5,759.5,9.4,37428,1351.7,137.3,8.5,3907,452.9,1065.6,11.1
721,831.2,759.7,9.4,37480,1352.5,137.3,8.5,3932,451.8,1065.6,11.1
725,800.3,759.8,9.4,37585,1352.0,137.4,8.5,3968,453.4,1065.6,11.1
718,813.4,759.9,9.4,37648,1351.8,137.4,8.5,3989,454.3,1065.6,11.1
731,784.0,760.0,9.5,37721,1352.3,137.4,8.5,4014,457.5,1065.6,11.1
744,827.4,760.2,9.5,37764,1352.5,137.4,8.5,4036,457.4,1065.7,11.1
760,821.7,760.4,9.5,37866,1351.7,137.5,8.5,4059,458.3,1065.7,11.1
768,806.3,760.4,9.5,37913,1352.6,137.5,8.5,4088,460.9,1065.7,11.1
757,802.0,760.4,9.5,37988,1353.5,137.5,8.5,4109,464.1,1065.7,11.1
769,799.4,760.5,9.5,38046,1354.9,137.5,8.5,4134,463.8,1065.7,11.1
793,804.8,760.6,9.4,38120,1354.1,137.6,8.5,4162,465.0,1065.7,11.1
804,801.1,760.9,9.3,38178,1354.2,137.6,8.5,4183,467.9,1065.7,11.1
827,792.1,761.2,9.2,38248,1354.0,137.6,8.5,4207,468.5,1065.8,11.1
862,787.6,761.2,9.2,38296,1354.4,137.7,8.5,4243,467.9,1065.8,11.1
881,802.9,761.3,9.1,38314,1355.2,137.7,8.5,4264,469.9,1065.8,11.1
919,772.1,761.1,9.1,38346,1355.4,137.8,8.5,4297,472.6,1065.8,11.1
931,800.5,761.2,9.0,38340,1355.4,137.8,8.5,4342,472.6,1065.8,11.1
943,796.6,761.0,8.9,38387,1353.8,137.9,8.5,4387,475.1,1065.8,11.1
977,800.3,760.9,8.9,38386,1354.9,137.9,8.5,4450,470.2,1065.9,11.1
1005,796.2,760.7,8.9,38411,1354.9,137.9,8.5,4492,472.0,1065.9,11.1
1009,817.4,760.4,8.9,38432,1354.1,138.0,8.5,4541,472.0,1065.9,11.0
1038,777.4,760.3,8.9,38473,1353.7,138.0,8.5,4582,474.1,1065.9,11.1
1004,794.7,760.0,9.0,38496,1353.3,138.1,8.5,4638,475.4,1065.9,11.0
959,802.8,759.8,9.0,38549,1352.7,138.1,8.5,4690,476.8,1065.9,11.0
932,793.7,759.8,9.0,38594,1353.6,138.1,8.5,4732,480.3,1066.0,11.0
956,792.3,759.8,9.1,38607,1354.2,138.2,8.5,4785,478.2,1066.0,11.0
937,807.1,759.9,9.1,38606,1354.9,138.2,8.5,4853,477.5,1066.0,11.0
915,821.6,759.8,9.2,38649,1354.9,138.3,8.5,4913,477.5,1066.0,11.0
902,830.8,760.0,9.2,38692,1353.1,138.3,8.5,4959,479.7,1066.0,11.0
877,824.1,759.9,9.3,38767,1351.8,138.3,8.5,5022,478.9,1066.1,11.0
833,810.6,760.0,9.3,38848,1350.6,138.3,8.6,5073,480.7,1066.1,11.0
829,803.7,760.0,9.3,38947,1348.7,138.4,8.6,5130,478.8,1066.1,11.0
806,827.2,760.1,9.3,39051,1347.5,138.4,8.6,5188,476.7,1066.1,11.0
765,863.2,760.0,9.3,39171,1344.6,138.4,8.6,5235,477.0,1066.1,11.0
744,852.8,760.3,9.3,39269,1343.9,138.4,8.6,5286,476.6,1066.1,11.0
745,842.1,760.4,9.3,39370,1343.5,138.4,8.6,5330,474.8,1066.1,11.0
730,822.4,760.5,9.3,39483,1342.8,138.4,8.6,5365,475.5,1066.1,11.0
720,829.1,760.6,9.3,39615,1341.7,138.4,8.6,5403,473.8,1066.1,11.0
702,842.2,760.8,9.3,39703,1341.5,138.4,8.6,5440,474.8,1066.1,11.0
686,805.2,760.9,9.3,39838,1340.0,138.4,8.6,5473,476.9,1066.1,11.0
693,767.2,761.0,9.2,39986,1339.9,138.4,8.6,5508,475.1,1066.1,11.0
694,765.7,761.0,9.1,40095,1340.0,138.4,8.6,5539,475.2,1066.2,11.0
703,747.4,761.0,8.9,40190,1340.9,138.4,8.6,5561,476.7,1066.1,11.0
729,741.9,761.0,8.8,40298,1341.7,138.4,8.6,5599,473.5,1066.2,11.1
758,737.5,761.0,8.8,40382,1343.1,138.5,8.6,5626,472.8,1066.2,11.1
763,745.3,761.0,8.7,40478,1344.2,138.5,8.6,5654,473.1,1066.2,11.1
748,765.1,761.0,8.6,40571,1344.7,138.5,8.6,5686,474.0,1066.2,11.1
726,748.9,761.1,8.7,40680,1345.8,138.6,8.6,5729,473.8,1066.2,11.1
704,729.8,761.1,8.7,40784,1346.9,138.6,8.6,5768,474.2,1066.2,11.1
682,741.7,760.9,8.7,40885,1348.4,138.7,8.6,5806,472.9,1066.2,11.1
653,759.4,760.9,8.6,40994,1349.2,138.7,8.6,5835,474.0,1066.2,11.1
656,743.4,761.0,8.5,41172,1348.8,138.7,8.6,5874,473.3,1066.2,11.1
608,749.1,760.7,8.6,41282,1350.0,138.8,8.6,5912,473.7,1066.3,11.1
604,729.7,760.9,8.6,41404,1352.2,138.8,8.6,5940,473.5,1066.3,11.1
590,720.8,761.1,8.6,41574,1352.6,138.8,8.6,5988,471.1,1066.3,11.1
578,723.4,761.1,8.7,41707,1354.2,138.8,8.6,6008,471.2,1066.3,11.1
576,740.9,761.1,8.7,41807,1356.5,138.8,8.6,6037,470.3,1066.3,11.1
591,735.8,761.1,8.6,41986,1356.6,138.8,8.6,6042,470.9,1066.3,11.1
611,742.7,760.8,8.6,42137,1357.4,138.8,8.6,6057,470.1,1066.3,11.1
613,720.2,760.8,8.5,42258,1359.3,138.9,8.6,6078,470.4,1066.3,11.1
639,719.1,760.6,8.4,42457,1358.7,138.9,8.6,6084,470.6,1066.3,11.1
625,705.5,760.7,8.4,42593,1360.7,138.9,8.6,6092,471.8,1066.3,11.0
629,726.4,760.5,8.4,42726,1362.7,138.9,8.6,6099,471.4,1066.3,11.0
637,715.8,760.3,8.4,42914,1362.8,139.0,8.6,6118,471.3,1066.3,11.0
652,735.8,760.4,8.4,43012,1365.4,139.0,8.6,6128,471.2,1066.3,11.0
672,740.3,760.5,8.4,43119,1367.9,139.0,8.6,6144,470.5,1066.3,11.0
680,756.6,760.4,8.5,43256,1368.7,139.0,8.6,6154,471.3,1066.3,11.0
716,751.8,760.6,8.5,43368,1370.3,139.1,8.6,6184,469.2,1066.4,11.0
742,736.5,760.7,8.5,43420,1374.0,139.1,8.6,6201,470.2,1066.4,11.0
776,743.2,760.9,8.5,43514,1375.7,139.1,8.6,6226,470.1,1066.4,11.0
771,740.2,761.2,8.5,43620,1377.4,139.1,8.6,6235,473.4,1066.4,11.0
767,737.1,761.3,8.4,43684,1380.0,139.2,8.6,6272,474.3,1066.4,11.0
780,766.8,761.4,8.4,43738,1382.6,139.2,8.6,6316,471.9,1066.4,11.0
764,766.0,761.5,8.6,43806,1385.3,139.2,8.6,6350,473.4,1066.4,11.0
766,736.4,761.7,8.6,43887,1388.5,139.2,8.6,6384,473.8,1066.4,11.0
747,719.5,761.6,8.7,44001,1390.1,139.3,8.6,6415,474.7,1066.3,11.0
751,703.2,761.5,8.6,44066,1393.5,139.3,8.6,6449,475.1,1066.3,11.0
741,693.0,761.5,8.7,44210,1394.8,139.3,8.7,6482,475.3,1066.4,11.0
731,689.4,761.6,8.7,44330,1397.2,139.3,8.7,6507,476.0,1066.4,11.0
722,693.3,761.7,8.7,44462,1399.3,139.3,8.7,6530,476.5,1066.4,11.0
728,685.9,761.8,8.7,44588,1401.5,139.3,8.7,6544,478.2,1066.4,11.0
745,696.8,761.8,8.6,44658,1404.9,139.3,8.7,6568,477.4,1066.4,11.0
748,708.5,761.8,8.5,44731,1408.4,139.3,8.7,6595,477.8,1066.4,11.0
762,693.5,761.5,8.6,44791,1412.7,139.3,8.7,6620,478.5,1066.3,11.0
778,704.3,761.6,8.6,44818,1417.6,139.3,8.7,6648,478.1,1066.4,11.0
788,707.4,761.6,8.6,44898,1420.6,139.3,8.7,6670,478.9,1066.4,11.0
798,722.2,761.5,8.6,44956,1424.3,139.3,8.7,6692,479.3,1066.4,11.0
832,702.8,761.4,8.6,45021,1428.3,139.3,8.7,6717,478.8,1066.3,11.0
862,692.6,761.3,8.7,45051,1433.0,139.3,8.7,6742,478.5,1066.3,11.1
864,695.8,761.0,8.8,45111,1436.7,139.3,8.7,6766,479.1,1066.3,11.1
920,686.7,761.0,8.7,45152,1440.8,139.3,8.7,6792,478.4,1066.3,11.1
940,700.8,761.1,8.8,45175,1444.8,139.3,8.7,6823,478.6,1066.3,11.1
972,705.2,760.9,8.8,45206,1448.4,139.3,8.7,6852,479.0,1066.4,11.1
991,716.5,760.7,8.9,45244,1451.1,139.3,8.7,6884,479.5,1066.4,11.1
1024,720.8,760.6,9.0,45232,1455.3,139.3,8.7,6913,480.6,1066.4,11.1
1015,714.3,760.5,9.1,45259,1459.0,139.3,8.7,6947,482.1,1066.4,11.1
1040,735.8,760.5,9.3,45273,1462.5,139.3,8.7,6993,480.4,1066.4,11.1
1050,750.8,760.3,9.3,45306,1464.5,139.3,8.7,7025,481.0,1066.4,11.1
1061,762.0,760.1,9.4,45343,1467.0,139.3,8.7,7070,479.6,1066.4,11.1
1077,762.8,760.1,9.4,45373,1468.9,139.4,8.7,7096,481.2,1066.4,11.1
1101,757.0,760.1,9.5,45374,1472.0,139.4,8.7,7128,481.6,1066.4,11.1
1108,766.3,760.2,9.5,45420,1472.8,139.4,8.7,7169,481.8,1066.4,11.1
1137,784.0,760.3,9.6,45446,1474.3,139.4,8.7,7209,481.4,1066.4,11.1
1144,788.4,760.4,9.6,45445,1476.4,139.4,8.7,7258,480.4,1066.4,11.1
1177,799.1,760.5,9.6,45469,1476.6,139.4,8.7,7297,480.6,1066.3,11.1
1218,806.7,760.6,9.6,45500,1476.6,139.4,8.8,7340,479.7,1066.3,11.0
1235,817.1,760.6,9.6,45479,1478.1,139.4,8.8,7394,479.4,1066.3,11.0
1251,811.1,760.8,9.6,45489,1479.5,139.4,8.8,7449,478.9,1066.3,11.0
1272,823.9,760.9,9.6,45476,1481.0,139.4,8.8,7481,479.6,1066.3,11.0
1308,830.7,760.9,9.7,45461,1481.9,139.4,8.8,7531,479.7,1066.3,11.0
1345,828.1,761.0,9.7,45426,1482.0,139.4,8.8,7578,480.2,1066.3,11.0
1379,795.1,761.2,9.7,45437,1483.4,139.4,8.8,7639,479.7,1066.2,11.0
1364,791.1,761.2,9.8,45424,1484.3,139.4,8.8,7678,483.0,1066.2,11.0
1356,785.8,761.3,9.6,45384,1487.1,139.4,8.8,7737,482.8,1066.2,11.0
1368,778.7,761.2,9.6,45428,1487.7,139.4,8.8,7814,480.4,1066.2,11.0
1344,782.3,761.2,9.6,45440,1488.4,139.4,8.8,7881,480.1,1066.1,11.0
1303,778.0,761.3,9.6,45464,1489.4,139.4,8.8,7940,481.4,1066.1,11.0
1263,788.4,761.4,9.6,45476,1489.9,139.4,8.8,8017,480.0,1066.1,11.0
1260,785.8,761.6,9.6,45494,1490.8,139.4,8.9,8083,479.5,1066.1,11.0
1234,802.6,761.7,9.5,45458,1492.0,139.4,8.9,8138,481.2,1066.0,11.0
1251,820.5,761.8,9.6,45440,1492.8,139.3,8.9,8209,479.2,1066.0,11.0
1230,816.8,761.9,9.6,45473,1493.0,139.3,8.9,8265,479.6,1066.0,11.0
1209,808.5,762.0,9.6,45465,1494.9,139.3,8.9,8323,479.8,1066.0,11.0
1198,813.0,762.2,9.7,45463,1496.0,139.3,8.9,8396,478.8,1066.0,10.9
1178,801.7,762.3,9.7,45485,1496.8,139.3,8.9,8458,478.9,1066.0,10.9
1125,801.2,762.3,9.7,45497,1498.5,139.3,8.9,8536,478.1,1065.9,10.9
1097,818.1,762.3,9.6,45529,1498.8,139.3,8.9,8585,478.4,1065.9,10.9
1097,797.3,762.2,9.7,45567,1498.9,139.2,8.9,8665,476.1,1065.9,10.9
1080,797.5,762.3,9.8,45593,1499.6,139.2,8.9,8721,475.7,1065.9,10.9
1069,800.7,762.3,9.8,45603,1501.2,139.2,8.9,8777,475.1,1065.9,10.9
1054,797.3,762.2,9.9,45675,1500.1,139.2,8.9,8835,475.2,1065.9,10.9
1020,805.9,762.2,9.9,45713,1500.3,139.2,8.9,8876,476.1,1065.9,10.9
1034,805.1,762.2,10.0,45768,1500.6,139.1,8.9,8939,473.9,1065.9,10.9
1008,794.7,762.1,9.9,45855,1500.4,139.1,8.9,8995,473.8,1065.8,10.9
1006,801.1,762.1,9.9,45947,1500.4,139.1,8.9,9040,472.1,1065.8,10.9
963,840.0,762.0,10.0,46035,1499.7,139.1,8.9,9087,471.4,1065.8,10.9
958,814.9,761.9,10.0,46129,1499.6,139.1,8.9,9117,471.9,1065.8,10.9
972,827.3,761.7,10.0,46236,1498.9,139.1,8.9,9158,470.3,1065.8,10.9
962,800.9,761.7,10.0,46330,1498.8,139.0,8.9,9173,472.1,1065.8,10.8
985,804.7,761.6,10.1,46427,1498.4,139.0,8.9,9208,470.7,1065.8,10.8
999,778.6,761.6,10.1,46539,1498.0,139.1,8.9,9237,471.1,1065.8,10.8
1015,784.9,761.5,10.0,46603,1498.4,139.1,8.9,9268,470.1,1065.8,10.8
1056,737.2,761.4,10.0,46672,1499.7,139.1,8.9,9302,469.5,1065.8,10.8
1092,747.3,761.3,10.0,46738,1500.0,139.1,8.9,9336,468.7,1065.8,10.8
1106,756.5,761.1,10.1,46765,1501.9,139.1,8.9,9365,468.6,1065.8,10.8
1160,746.4,761.0,10.0,46789,1503.2,139.1,8.9,9394,468.8,1065.8,10.8
1190,754.0,760.7,10.0,46863,1502.7,139.1,8.9,9432,468.6,1065.8,10.8
1193,767.1,760.5,9.9,46836,1505.1,139.1,8.9,9475,468.6,1065.8,10.8
1230,755.4,760.3,9.8,46859,1506.4,139.1,8.9,9513,468.0,1065.8,10.8
1259,748.5,760.3,9.7,46922,1506.9,139.2,9.0,9545,468.9,1065.8,10.8
1293,737.7,760.3,9.5,46925,1509.5,139.2,9.0,9569,469.0,1065.8,10.8
1312,749.7,760.2,9.5,46943,1511.0,139.2,9.0,9602,468.8,1065.8,10.8
1349,750.3,760.1,9.4,46974,1511.9,139.3,9.0,9651,467.3,1065.8,10.8
1403,716.2,759.9,9.3,46978,1514.5,139.3,9.0,9697,466.6,1065.8,10.8
1443,723.0,759.9,9.2,46958,1516.8,139.3,9.0,9740,466.0,1065.8,10.8
1484,711.2,759.9,9.1,46994,1518.5,139.4,9.0,9765,466.5,1065.8,10.8
1517,713.0,759.9,9.1,46985,1521.5,139.4,9.0,9812,465.7,1065.8,10.8
