1, 500, 42.0, 0.0, 42.0, 0.0, '32V94R', 299, 398, 19, 69, 102, 10, 1, 12, 19, 12
1, 500, 34.0, 0.0, 34.0, 0.0, 'ZX9MHR', 299, 401, 20, 71, 100, 10, 2, 14, 31, 7
1, 500, 56.0, 0.0, 56.0, 0.0, 'WJ47MI', 300, 401, 19, 70, 103, 10, 3, 11, 20, 7
1, 500, 22.0, 0.0, 22.0, 0.0, 'MELW9H', 299, 393, 20, 72, 96, 10, 3, 16, 27, 11
1, 500, 208.0, 0.0, 208.0, 0.0, 'HNM5CH', 295, 395, 19, 69, 101, 10, 2, 19, 22, 8
1, 500, 28.0, 0.0, 28.0, 0.0, 'RCQVZW', 299, 395, 19, 70, 103, 9, 2, 14, 25, 13
1, 500, 83.0, 0.0, 83.0, 0.0, 'K5JBO2', 298, 399, 20, 70, 95, 10, 3, 15, 23, 13
1, 500, 112.0, 0.0, 112.0, 0.0, 'XI7DM6', 302, 398, 19, 68, 96, 10, 2, 22, 20, 10
1, 500, 26.0, 0.0, 26.0, 0.0, 'BD3JR0', 299, 400, 20, 69, 98, 10, 2, 18, 22, 9
1, 500, 21.0, 0.0, 21.0, 0.0, 'T0YLFR', 296, 397, 20, 67, 100, 10, 3, 15, 23, 7
1, 500, 56.0, 0.0, 56.0, 0.0, '7KNOFS', 299, 400, 20, 67, 100, 10, 1, 13, 27, 9
1, 500, 159.0, 0.0, 159.0, 0.0, '9HNVXA', 298, 399, 19, 68, 99, 9, 3, 15, 22, 3
1, 500, 30.0, 0.0, 30.0, 0.0, 'U3TM3Z', 297, 401, 20, 69, 101, 9, 3, 16, 27, 13
1, 500, 25.0, 0.0, 25.0, 0.0, '8ZP5AP', 299, 405, 19, 68, 102, 9, 3, 18, 22, 12
1, 500, 19.0, 0.0, 19.0, 0.0, 'KUMWNB', 300, 399, 19, 67, 100, 10, 2, 11, 19, 5
1, 500, 23.0, 0.0, 23.0, 0.0, 'KXMCSJ', 298, 394, 19, 66, 100, 10, 4, 15, 18, 8
1, 500, 343.0, 0.0, 343.0, 0.0, 'FUMKTU', 297, 404, 21, 70, 99, 9, 3, 16, 24, 11
1, 500, 34.0, 0.0, 34.0, 0.0, '9M3QCG', 302, 395, 19, 69, 100, 9, 2, 15, 25, 5
1, 500, 33.0, 0.0, 33.0, 0.0, 'TQ5NX7', 296, 397, 19, 70, 100, 9, 3, 20, 29, 11
1, 500, 30.0, 0.0, 30.0, 0.0, 'T5NLAZ', 295, 396, 20, 71, 96, 9, 3, 14, 28, 7
1, 500, 17.0, 0.0, 17.0, 0.0, 'NDM8XD', 302, 399, 20, 71, 99, 11, 4, 18, 25, 9
1, 500, 33.0, 0.0, 33.0, 0.0, 'XJ1R8T', 295, 403, 19, 68, 101, 9, 2, 19, 29, 10
1, 500, 30.0, 0.0, 30.0, 0.0, 'HXSKGH', 297, 392, 21, 68, 104, 9, 3, 18, 22, 9
1, 500, 38.0, 0.0, 38.0, 0.0, 'E0FGYV', 301, 402, 19, 68, 100, 9, 2, 17, 27, 11
1, 500, 63.0, 0.0, 63.0, 0.0, 'ZRHF47', 300, 401, 19, 69, 102, 10, 3, 15, 22, 10
1, 500, 27.0, 0.0, 27.0, 0.0, 'X07P5F', 299, 395, 20, 72, 96, 9, 4, 21, 22, 9
1, 500, 31.0, 0.0, 31.0, 0.0, 'AYXOH7', 297, 400, 20, 72, 99, 9, 3, 16, 23, 7
1, 500, 75.0, 0.0, 75.0, 0.0, 'WFX7PY', 301, 396, 18, 71, 99, 11, 3, 14, 28, 10
1, 500, 73.0, 0.0, 73.0, 0.0, '0S8Y0O', 298, 393, 19, 67, 102, 10, 2, 17, 23, 12
1, 500, 20.0, 0.0, 20.0, 0.0, 'EBSOKB', 297, 399, 21, 70, 100, 10, 2, 16, 25, 8
1, 500, 26.0, 0.0, 26.0, 0.0, 'ASAL20', 300, 405, 19, 72, 99, 10, 2, 14, 28, 10
1, 500, 46.0, 0.0, 46.0, 0.0, 'MHSQ4E', 298, 400, 20, 69, 101, 9, 1, 18, 25, 9
1, 500, 25.0, 0.0, 25.0, 0.0, 'TJKHNI', 299, 405, 19, 71, 98, 9, 2, 8, 25, 9
1, 500, 17.0, 0.0, 17.0, 0.0, 'WKJ3SS', 300, 399, 20, 70, 95, 9, 1, 12, 22, 9
1, 500, 32.0, 0.0, 32.0, 0.0, 'BFNLJT', 298, 401, 20, 71, 101, 10, 3, 19, 24, 7
1, 500, 27.0, 0.0, 27.0, 0.0, '2M0WAC', 302, 398, 19, 67, 103, 10, 2, 17, 28, 14
1, 500, 36.0, 0.0, 36.0, 0.0, 'LLY3SO', 299, 397, 20, 71, 99, 10, 5, 18, 23, 12
1, 500, 23.0, 0.0, 23.0, 0.0, '644NBR', 297, 396, 19, 68, 98, 9, 1, 20, 26, 9
1, 500, 21.0, 0.0, 21.0, 0.0, 'D6VGGI', 300, 395, 20, 73, 98, 10, 2, 12, 23, 9
1, 500, 127.0, 0.0, 127.0, 0.0, '7ANZYT', 303, 403, 20, 70, 98, 9, 4, 13, 28, 8
1, 500, 95.0, 0.0, 95.0, 0.0, 'OGMHTE', 297, 398, 19, 72, 100, 10, 2, 17, 25, 12
1, 500, 40.0, 0.0, 40.0, 0.0, 'TW28BG', 303, 398, 18, 69, 102, 9, 3, 18, 26, 10
1, 500, 23.0, 0.0, 23.0, 0.0, 'UPBCRH', 301, 404, 19, 67, 98, 9, 2, 15, 22, 9
1, 500, 27.0, 0.0, 27.0, 0.0, 'T707N2', 303, 400, 20, 68, 96, 9, 4, 13, 25, 7
1, 500, 26.0, 0.0, 26.0, 0.0, 'CX6ABL', 298, 396, 20, 68, 101, 10, 4, 14, 26, 11
1, 500, 57.0, 0.0, 57.0, 0.0, 'K9I5T7', 300, 397, 19, 69, 101, 10, 2, 17, 28, 8
1, 500, 70.0, 0.0, 70.0, 0.0, 'MEV0H1', 299, 400, 19, 66, 100, 10, 4, 15, 27, 11
1, 500, 58.0, 0.0, 58.0, 0.0, '5WVQ01', 300, 403, 20, 70, 99, 10, 3, 13, 19, 6
1, 500, 19.0, 0.0, 19.0, 0.0, 'LH67WS', 299, 402, 20, 72, 103, 10, 2, 19, 22, 7
1, 500, 20.0, 0.0, 20.0, 0.0, 'HNBGTE', 297, 400, 19, 69, 102, 10, 3, 14, 24, 9
1, 500, 25.0, 0.0, 25.0, 0.0, 'DYJNIJ', 299, 399, 19, 71, 101, 10, 4, 17, 24, 9
1, 500, 45.0, 0.0, 45.0, 0.0, '53Y1Q3', 298, 396, 20, 73, 100, 10, 1, 13, 26, 11
1, 500, 25.0, 0.0, 25.0, 0.0, '7TVDNV', 296, 402, 20, 68, 100, 9, 3, 15, 23, 7
1, 500, 38.0, 0.0, 38.0, 0.0, '0WGSQ7', 303, 401, 19, 69, 102, 9, 3, 19, 26, 9
1, 500, 218.0, 0.0, 218.0, 0.0, '0I1B73', 300, 402, 20, 70, 102, 10, 5, 16, 28, 9
1, 500, 81.0, 0.0, 81.0, 0.0, 'VMOFHF', 304, 397, 20, 69, 99, 9, 2, 15, 31, 12
1, 500, 27.0, 0.0, 27.0, 0.0, 'USJFHL', 302, 394, 20, 69, 98, 10, 2, 14, 21, 8
1, 500, 64.0, 0.0, 64.0, 0.0, 'SDZCIR', 300, 402, 20, 70, 98, 9, 4, 13, 26, 7
1, 500, 39.0, 0.0, 39.0, 0.0, 'GU7ZNS', 303, 405, 19, 67, 100, 10, 2, 16, 26, 10
1, 500, 52.0, 0.0, 52.0, 0.0, 'DZY4AZ', 299, 400, 19, 71, 98, 10, 2, 15, 25, 8
1, 500, 23.0, 0.0, 23.0, 0.0, 'WSZ8R1', 301, 396, 20, 72, 102, 8, 1, 13, 20, 11
1, 500, 20.0, 0.0, 20.0, 0.0, '6G15TT', 299, 404, 19, 67, 99, 9, 2, 16, 28, 8
1, 500, 23.0, 0.0, 23.0, 0.0, '0IY9OR', 296, 404, 20, 65, 99, 9, 3, 9, 25, 7
1, 500, 38.0, 0.0, 38.0, 0.0, '7WT27J', 301, 399, 20, 70, 100, 9, 2, 13, 26, 12
1, 500, 27.0, 0.0, 27.0, 0.0, 'DU44LH', 298, 395, 19, 74, 101, 10, 2, 18, 24, 13
1, 500, 53.0, 0.0, 53.0, 0.0, 'XWY3QC', 299, 400, 19, 68, 97, 9, 3, 16, 22, 10
1, 500, 21.0, 0.0, 21.0, 0.0, 'BCZDCL', 300, 401, 20, 68, 98, 10, 1, 18, 26, 6
1, 500, 27.0, 0.0, 27.0, 0.0, '2QRRWD', 301, 403, 20, 67, 101, 10, 3, 17, 23, 8
1, 500, 52.0, 0.0, 52.0, 0.0, 'GC92N7', 303, 399, 19, 68, 101, 9, 3, 13, 22, 11
1, 500, 229.0, 0.0, 229.0, 0.0, 'IZLQOW', 299, 403, 20, 71, 99, 9, 4, 14, 25, 13
1, 500, 124.0, 0.0, 124.0, 0.0, '0ECS7L', 300, 397, 19, 71, 102, 10, 2, 15, 27, 9
1, 500, 196.0, 0.0, 196.0, 0.0, '8SIP9W', 299, 402, 21, 69, 101, 9, 3, 10, 25, 11
1, 500, 19.0, 0.0, 19.0, 0.0, 'WIVPQP', 300, 398, 19, 68, 96, 10, 3, 12, 26, 9
1, 500, 28.0, 0.0, 28.0, 0.0, 'SP9IAZ', 297, 401, 20, 71, 101, 10, 4, 13, 24, 11
1, 500, 44.0, 0.0, 44.0, 0.0, '8Y91CZ', 295, 402, 19, 72, 99, 10, 3, 17, 29, 14
1, 500, 28.0, 0.0, 28.0, 0.0, 'CCGJ6L', 301, 402, 20, 72, 99, 9, 1, 14, 26, 10
1, 500, 56.0, 0.0, 56.0, 0.0, 'DAJDUF', 300, 404, 19, 69, 100, 9, 2, 17, 23, 11
1, 500, 24.0, 0.0, 24.0, 0.0, 'MXEWXX', 302, 398, 18, 71, 101, 9, 4, 17, 24, 13
1, 500, 27.0, 0.0, 27.0, 0.0, 'EASY3V', 296, 400, 19, 70, 100, 8, 2, 14, 29, 6
1, 500, 132.0, 0.0, 132.0, 0.0, 'JJG7VQ', 298, 400, 20, 71, 102, 9, 2, 12, 23, 12
1, 500, 27.0, 0.0, 27.0, 0.0, '9OHKB2', 303, 400, 19, 68, 99, 10, 3, 18, 24, 11
1, 500, 32.0, 0.0, 32.0, 0.0, '9Y8SWJ', 297, 394, 19, 71, 98, 9, 2, 15, 26, 9
1, 500, 105.0, 0.0, 105.0, 0.0, 'OBM4PK', 298, 402, 19, 71, 97, 10, 3, 14, 19, 11
1, 500, 116.0, 0.0, 116.0, 0.0, 'U5TZMT', 297, 396, 20, 70, 96, 10, 3, 17, 21, 12
1, 500, 67.0, 0.0, 67.0, 0.0, 'XTORVK', 301, 401, 19, 70, 101, 9, 3, 15, 29, 12
1, 500, 22.0, 0.0, 22.0, 0.0, 'AQPXXT', 298, 397, 20, 68, 102, 10, 3, 16, 20, 8
1, 500, 29.0, 0.0, 29.0, 0.0, 'YYCROQ', 301, 402, 19, 71, 101, 10, 3, 14, 28, 8
1, 500, 205.0, 0.0, 205.0, 0.0, 'ZOU84X', 299, 403, 20, 69, 101, 10, 2, 19, 29, 11
1, 500, 17.0, 0.0, 17.0, 0.0, '2M3SG2', 298, 400, 19, 68, 103, 9, 2, 17, 25, 7
1, 500, 33.0, 0.0, 33.0, 0.0, 'LT7SOJ', 299, 401, 20, 70, 101, 10, 4, 21, 26, 9
1, 500, 16.0, 0.0, 16.0, 0.0, 'GG4YAD', 296, 401, 19, 68, 97, 10, 1, 19, 22, 10
1, 500, 24.0, 0.0, 24.0, 0.0, 'X3H70A', 299, 402, 19, 71, 98, 10, 3, 18, 27, 11
1, 500, 60.0, 0.0, 60.0, 0.0, 'EY8VYC', 299, 403, 19, 71, 98, 10, 2, 10, 24, 9
1, 500, 13.0, 0.0, 13.0, 0.0, 'P32LLV', 298, 401, 20, 70, 99, 10, 1, 12, 23, 12
1, 500, 500.0, 0.0, 500.0, 0.0, 'PTPU24', 302, 395, 19, 67, 99, 9, 0, 16, 31, 7
1, 500, 43.0, 0.0, 43.0, 0.0, 'FMERVY', 298, 393, 20, 67, 98, 9, 3, 15, 26, 8
1, 500, 39.0, 0.0, 39.0, 0.0, 'POSMJ0', 300, 398, 20, 70, 100, 9, 3, 12, 25, 7
1, 500, 59.0, 0.0, 59.0, 0.0, 'P7S5KU', 300, 397, 20, 73, 100, 10, 2, 15, 23, 7
1, 500, 21.0, 0.0, 21.0, 0.0, 'EZS66K', 299, 399, 19, 73, 95, 10, 1, 17, 22, 11
1, 500, 43.0, 0.0, 43.0, 0.0, 'TW6FQS', 300, 395, 19, 72, 99, 11, 3, 15, 22, 12
1, 500, 37.0, 0.0, 37.0, 0.0, 'CY9E73', 301, 397, 19, 71, 103, 9, 2, 13, 28, 10
1, 500, 33.0, 0.0, 33.0, 0.0, 'UOSYLE', 300, 403, 20, 68, 98, 10, 2, 15, 26, 6
1, 500, 21.0, 0.0, 21.0, 0.0, 'GF4ODG', 297, 398, 20, 67, 103, 10, 1, 11, 24, 8
1, 500, 36.0, 0.0, 36.0, 0.0, 'X6A9O6', 302, 399, 19, 69, 101, 10, 3, 11, 22, 11
1, 500, 27.0, 0.0, 27.0, 0.0, 'F7P4KI', 300, 402, 19, 69, 98, 10, 4, 10, 22, 12
1, 500, 142.0, 0.0, 142.0, 0.0, 'AGEBXC', 300, 400, 19, 71, 99, 10, 3, 17, 26, 12
1, 500, 40.0, 0.0, 40.0, 0.0, 'TDJ8BD', 297, 403, 19, 71, 99, 9, 3, 11, 26, 9
1, 500, 64.0, 0.0, 64.0, 0.0, 'PS4HBD', 298, 395, 19, 68, 100, 9, 2, 16, 25, 8
1, 500, 23.0, 0.0, 23.0, 0.0, '8GL2CH', 299, 401, 20, 67, 99, 10, 2, 16, 23, 9
1, 500, 35.0, 0.0, 35.0, 0.0, '47WSMM', 300, 397, 19, 69, 98, 10, 3, 13, 20, 9
1, 500, 162.0, 0.0, 162.0, 0.0, '7JNRW6', 299, 400, 19, 75, 99, 10, 3, 14, 25, 10
1, 500, 17.0, 0.0, 17.0, 0.0, 'QX15C8', 300, 398, 19, 72, 99, 10, 3, 14, 28, 13
1, 500, 40.0, 0.0, 40.0, 0.0, 'IHM3V6', 299, 398, 19, 70, 102, 8, 2, 14, 28, 10
1, 500, 75.0, 0.0, 75.0, 0.0, 'NAL6TA', 296, 399, 19, 64, 98, 10, 4, 20, 31, 9
1, 500, 85.0, 0.0, 85.0, 0.0, 'WA372V', 296, 400, 20, 69, 99, 9, 2, 10, 21, 11
1, 500, 29.0, 0.0, 29.0, 0.0, 'M0NCQL', 299, 399, 19, 72, 99, 9, 2, 18, 31, 11
1, 500, 26.0, 0.0, 26.0, 0.0, 'FN1X2Z', 300, 395, 19, 71, 97, 9, 1, 12, 23, 12
1, 500, 102.0, 0.0, 102.0, 0.0, 'WZG3RY', 299, 397, 19, 74, 101, 10, 3, 16, 28, 8
1, 500, 105.0, 0.0, 105.0, 0.0, 'FA6BQD', 297, 399, 20, 67, 100, 11, 2, 13, 23, 12
1, 500, 74.0, 0.0, 74.0, 0.0, 'HY6JHJ', 297, 402, 20, 69, 100, 10, 3, 19, 31, 11
1, 500, 85.0, 0.0, 85.0, 0.0, 'Q6N2CM', 296, 403, 19, 68, 100, 9, 2, 16, 27, 14
1, 500, 37.0, 0.0, 37.0, 0.0, 'MVJQC7', 301, 395, 18, 71, 96, 9, 2, 11, 23, 15
1, 500, 35.0, 0.0, 35.0, 0.0, 'BHZB9G', 296, 400, 19, 70, 96, 9, 1, 13, 25, 8
1, 500, 84.0, 0.0, 84.0, 0.0, 'QKX3RU', 298, 398, 20, 71, 101, 9, 1, 17, 24, 7
1, 500, 33.0, 0.0, 33.0, 0.0, 'KRHSDZ', 301, 397, 20, 68, 104, 9, 3, 21, 21, 10
1, 500, 33.0, 0.0, 33.0, 0.0, '8SOZRA', 298, 404, 20, 69, 102, 10, 2, 16, 18, 10
1, 500, 66.0, 0.0, 66.0, 0.0, 'TLNSUL', 300, 395, 20, 70, 100, 9, 2, 16, 27, 12
1, 500, 60.0, 0.0, 60.0, 0.0, 'IVRYG7', 299, 403, 19, 70, 98, 9, 2, 13, 27, 9
1, 500, 37.0, 0.0, 37.0, 0.0, 'E44S6F', 296, 400, 19, 71, 97, 9, 1, 14, 24, 7
1, 500, 28.0, 0.0, 28.0, 0.0, '2489VL', 296, 402, 19, 73, 97, 10, 2, 17, 26, 7
1, 500, 25.0, 0.0, 25.0, 0.0, 'BYTQRY', 299, 404, 20, 68, 104, 10, 3, 18, 23, 5
1, 500, 275.0, 0.0, 275.0, 0.0, 'OBP3ZL', 300, 400, 20, 73, 98, 9, 1, 15, 24, 12
1, 500, 102.0, 0.0, 102.0, 0.0, 'QDY6HI', 296, 403, 19, 69, 98, 9, 2, 12, 21, 10
1, 500, 29.0, 0.0, 29.0, 0.0, '11T28P', 302, 400, 20, 66, 98, 10, 3, 14, 26, 9
1, 500, 18.0, 0.0, 18.0, 0.0, 'NFIWW2', 301, 398, 21, 68, 103, 10, 2, 20, 29, 10
1, 500, 26.0, 0.0, 26.0, 0.0, 'RPA21V', 301, 398, 19, 66, 100, 9, 2, 15, 27, 8
1, 500, 28.0, 0.0, 28.0, 0.0, 'YI0VOA', 301, 403, 20, 71, 99, 10, 2, 11, 28, 10
1, 500, 61.0, 0.0, 61.0, 0.0, 'U6E39U', 299, 399, 20, 69, 100, 10, 2, 16, 31, 10
1, 500, 57.0, 0.0, 57.0, 0.0, '19B2GH', 299, 399, 19, 69, 98, 10, 2, 16, 22, 9
1, 500, 23.0, 0.0, 23.0, 0.0, 'T1S1JI', 301, 404, 19, 70, 98, 10, 2, 16, 22, 6
1, 500, 24.0, 0.0, 24.0, 0.0, '36EDK3', 298, 400, 20, 68, 102, 9, 3, 11, 22, 9
1, 500, 29.0, 0.0, 29.0, 0.0, 'YZYIJK', 301, 397, 20, 71, 99, 9, 4, 16, 25, 10
1, 500, 97.0, 0.0, 97.0, 0.0, 'FDQYLR', 298, 402, 19, 69, 100, 9, 4, 15, 26, 6
1, 500, 19.0, 0.0, 19.0, 0.0, 'KXO2FM', 300, 401, 20, 70, 100, 9, 2, 13, 25, 11
1, 500, 160.0, 0.0, 160.0, 0.0, 'HGY95P', 298, 401, 20, 67, 102, 10, 2, 14, 25, 10
1, 500, 29.0, 0.0, 29.0, 0.0, 'X2F8XS', 300, 394, 20, 70, 98, 9, 3, 13, 22, 8
1, 500, 112.0, 0.0, 112.0, 0.0, 'OKAQHL', 299, 401, 20, 68, 99, 9, 1, 20, 25, 15
1, 500, 500.0, 0.0, 500.0, 0.0, 'RU9NEF', 301, 406, 20, 67, 100, 10, 2, 16, 26, 12
1, 500, 18.0, 0.0, 18.0, 0.0, 'IDMD1J', 302, 398, 19, 70, 100, 9, 1, 17, 22, 10
1, 500, 22.0, 0.0, 22.0, 0.0, 'PYNEV3', 297, 395, 20, 70, 99, 9, 4, 19, 25, 9
1, 500, 25.0, 0.0, 25.0, 0.0, '8Z92Z4', 299, 399, 19, 69, 103, 9, 2, 20, 26, 8
1, 500, 60.0, 0.0, 60.0, 0.0, 'OU4WQK', 302, 402, 19, 70, 102, 9, 4, 16, 26, 8
1, 500, 43.0, 0.0, 43.0, 0.0, '6JLJ17', 299, 398, 20, 70, 101, 9, 3, 17, 25, 6
1, 500, 44.0, 0.0, 44.0, 0.0, 'D1WNFJ', 299, 401, 20, 67, 95, 9, 3, 20, 27, 9
1, 500, 26.0, 0.0, 26.0, 0.0, '91L9XW', 299, 406, 19, 70, 99, 9, 2, 17, 24, 8
1, 500, 37.0, 0.0, 37.0, 0.0, 'BP1VME', 302, 399, 19, 67, 99, 9, 3, 15, 21, 12
1, 500, 49.0, 0.0, 49.0, 0.0, 'MQBC3G', 299, 404, 19, 71, 100, 9, 2, 13, 27, 11
1, 500, 89.0, 0.0, 89.0, 0.0, 'HQU23E', 300, 402, 19, 72, 99, 9, 4, 18, 24, 10
1, 500, 28.0, 0.0, 28.0, 0.0, 'CJZOKD', 302, 396, 19, 65, 101, 9, 2, 16, 23, 9
1, 500, 20.0, 0.0, 20.0, 0.0, 'JL46WN', 299, 394, 19, 70, 98, 9, 4, 13, 25, 9
1, 500, 27.0, 0.0, 27.0, 0.0, 'N2W3NI', 300, 399, 19, 65, 100, 10, 1, 16, 26, 8
1, 500, 24.0, 0.0, 24.0, 0.0, 'WA6K0R', 300, 397, 19, 72, 98, 10, 3, 14, 27, 5
1, 500, 423.0, 0.0, 423.0, 0.0, 'SEDG5C', 297, 393, 20, 71, 100, 9, 4, 11, 21, 13
1, 500, 19.0, 0.0, 19.0, 0.0, 'S627IL', 299, 397, 20, 70, 102, 10, 2, 21, 27, 11
1, 500, 16.0, 0.0, 16.0, 0.0, 'P7DD1T', 300, 399, 20, 70, 102, 10, 3, 11, 18, 6
1, 500, 166.0, 0.0, 166.0, 0.0, '7Y1MU1', 300, 404, 19, 69, 95, 10, 2, 17, 28, 7
1, 500, 32.0, 0.0, 32.0, 0.0, 'X3G9A6', 304, 406, 20, 68, 100, 9, 4, 21, 22, 8
1, 500, 20.0, 0.0, 20.0, 0.0, 'PZN8ZP', 300, 399, 19, 70, 101, 10, 2, 12, 24, 10
1, 500, 23.0, 0.0, 23.0, 0.0, 'ZQLGQR', 302, 400, 19, 69, 101, 9, 3, 17, 31, 8
1, 500, 44.0, 0.0, 44.0, 0.0, 'U0HZBE', 298, 394, 19, 71, 101, 10, 3, 18, 23, 11
1, 500, 184.0, 0.0, 184.0, 0.0, '3GVD63', 300, 403, 19, 73, 100, 9, 4, 16, 22, 9
1, 500, 500.0, 0.0, 500.0, 0.0, 'X2RSCY', 300, 400, 19, 69, 98, 9, 0, 18, 28, 10
1, 500, 23.0, 0.0, 23.0, 0.0, 'YBLFZL', 297, 404, 20, 70, 102, 11, 2, 13, 24, 11
1, 500, 25.0, 0.0, 25.0, 0.0, '5KG1BS', 297, 400, 19, 66, 99, 9, 3, 14, 29, 6
1, 500, 22.0, 0.0, 22.0, 0.0, 'CPH70Z', 300, 397, 20, 71, 99, 10, 2, 17, 25, 9
1, 500, 39.0, 0.0, 39.0, 0.0, 'YOWJEM', 299, 402, 19, 70, 97, 8, 3, 15, 26, 7
1, 500, 42.0, 0.0, 42.0, 0.0, 'HXHQVL', 300, 401, 20, 69, 99, 9, 2, 18, 27, 7
1, 500, 46.0, 0.0, 46.0, 0.0, 'MDXVLC', 300, 398, 19, 69, 102, 9, 3, 12, 27, 9
1, 500, 31.0, 0.0, 31.0, 0.0, 'Q1Y4D9', 299, 398, 19, 70, 101, 9, 3, 16, 21, 4
1, 500, 24.0, 0.0, 24.0, 0.0, 'SAHTPP', 298, 397, 19, 69, 100, 10, 1, 11, 20, 9
1, 500, 23.0, 0.0, 23.0, 0.0, 'KH2NHE', 301, 404, 20, 71, 101, 9, 2, 14, 28, 9
1, 500, 45.0, 0.0, 45.0, 0.0, '4HVKLQ', 299, 403, 20, 68, 100, 9, 4, 18, 27, 15
1, 500, 22.0, 0.0, 22.0, 0.0, '1T3OXI', 301, 398, 20, 66, 98, 9, 3, 11, 24, 12
1, 500, 33.0, 0.0, 33.0, 0.0, 'RLFA75', 297, 398, 19, 70, 98, 10, 4, 19, 28, 7
1, 500, 30.0, 0.0, 30.0, 0.0, 'SFCQYT', 299, 399, 19, 70, 102, 10, 3, 17, 27, 11
1, 500, 41.0, 0.0, 41.0, 0.0, 'GPQCF9', 300, 394, 19, 70, 96, 9, 4, 17, 22, 11
1, 500, 21.0, 0.0, 21.0, 0.0, '401EA6', 299, 404, 21, 69, 104, 9, 2, 19, 24, 10
1, 500, 34.0, 0.0, 34.0, 0.0, '3F4HY3', 299, 398, 20, 70, 97, 9, 4, 20, 19, 7
1, 500, 22.0, 0.0, 22.0, 0.0, 'OJ19X8', 300, 398, 19, 71, 100, 10, 2, 20, 20, 10
1, 500, 100.0, 0.0, 100.0, 0.0, 'WQ2IND', 299, 401, 20, 72, 98, 10, 3, 15, 23, 10
1, 500, 66.0, 0.0, 66.0, 0.0, 'WP5CEG', 299, 401, 20, 68, 101, 10, 2, 11, 19, 12
1, 500, 28.0, 0.0, 28.0, 0.0, 'ORCQE6', 299, 400, 21, 70, 100, 9, 2, 19, 25, 8
1, 500, 22.0, 0.0, 22.0, 0.0, 'WUJ379', 298, 404, 20, 70, 97, 11, 3, 17, 29, 12
1, 500, 20.0, 0.0, 20.0, 0.0, 'YN0IVK', 298, 401, 20, 70, 98, 10, 2, 21, 26, 8
1, 500, 14.0, 0.0, 14.0, 0.0, 'YLGROX', 301, 399, 20, 67, 101, 10, 2, 20, 18, 6
1, 500, 21.0, 0.0, 21.0, 0.0, '19XI31', 299, 396, 20, 69, 101, 9, 1, 18, 19, 9
1, 500, 500.0, 0.0, 500.0, 0.0, 'UJ6OWE', 300, 403, 20, 70, 100, 10, 0, 18, 27, 6
1, 500, 30.0, 0.0, 30.0, 0.0, '7AWLCD', 299, 396, 19, 72, 99, 10, 1, 13, 29, 6
1, 500, 13.0, 0.0, 13.0, 0.0, 'OT2YUO', 302, 403, 19, 70, 101, 9, 1, 17, 32, 12
1, 500, 19.0, 0.0, 19.0, 0.0, '3ACMUG', 301, 401, 19, 73, 99, 10, 3, 21, 28, 8
1, 500, 30.0, 0.0, 30.0, 0.0, 'ZTZ50C', 299, 397, 20, 70, 100, 9, 4, 22, 18, 8
1, 500, 92.0, 0.0, 92.0, 0.0, '7Q7TUS', 299, 400, 19, 70, 97, 9, 3, 12, 21, 11
1, 500, 41.0, 0.0, 41.0, 0.0, '3LFM8I', 299, 402, 19, 70, 99, 9, 4, 15, 27, 11
1, 500, 36.0, 0.0, 36.0, 0.0, 'PTQ8OM', 302, 398, 20, 69, 98, 9, 3, 16, 26, 8
1, 500, 29.0, 0.0, 29.0, 0.0, '2RWWO9', 300, 401, 19, 71, 97, 9, 3, 14, 21, 13
1, 500, 22.0, 0.0, 22.0, 0.0, 'K8U8C4', 299, 401, 20, 65, 98, 10, 3, 14, 28, 8
1, 500, 79.0, 0.0, 79.0, 0.0, 'S9HOXP', 301, 400, 19, 68, 97, 9, 3, 18, 28, 11
1, 500, 95.0, 0.0, 95.0, 0.0, '851M19', 301, 403, 20, 67, 99, 8, 2, 21, 23, 9
1, 500, 500.0, 0.0, 500.0, 0.0, 'T3ZMEO', 301, 401, 20, 70, 100, 9, 0, 17, 23, 10
1, 500, 34.0, 0.0, 34.0, 0.0, 'S4FED6', 301, 403, 20, 68, 100, 10, 3, 17, 29, 10
1, 500, 28.0, 0.0, 28.0, 0.0, '8VN7Q9', 302, 398, 20, 67, 102, 9, 1, 22, 28, 9
1, 500, 21.0, 0.0, 21.0, 0.0, '4NESHM', 298, 402, 20, 70, 99, 9, 2, 18, 29, 11
1, 500, 13.0, 0.0, 13.0, 0.0, 'PMV7KU', 299, 394, 20, 69, 100, 10, 3, 16, 22, 6
1, 500, 29.0, 0.0, 29.0, 0.0, 'GA7IOC', 300, 398, 19, 69, 95, 9, 4, 15, 27, 7
1, 500, 85.0, 0.0, 85.0, 0.0, 'YVQ26E', 298, 394, 20, 71, 98, 10, 2, 12, 25, 7
1, 500, 60.0, 0.0, 60.0, 0.0, 'SOC939', 299, 402, 19, 73, 97, 9, 3, 16, 24, 8
1, 500, 55.0, 0.0, 55.0, 0.0, 'O7434I', 302, 402, 20, 67, 95, 9, 1, 16, 26, 8
1, 500, 31.0, 0.0, 31.0, 0.0, 'EZ46G8', 301, 401, 20, 70, 103, 9, 1, 15, 29, 7
1, 500, 66.0, 0.0, 66.0, 0.0, '8RWEBM', 298, 393, 20, 68, 98, 9, 2, 18, 27, 9
1, 500, 21.0, 0.0, 21.0, 0.0, '3RBZ3Z', 298, 405, 20, 70, 99, 9, 2, 14, 23, 9
1, 500, 42.0, 0.0, 42.0, 0.0, 'LFPN3S', 301, 395, 14, 75, 87, 9, 1, 20, 31, 1
1, 500, 77.0, 0.0, 77.0, 0.0, 'UB8U0X', 295, 382, 25, 81, 107, 8, 5, 19, 20, 14
1, 500, 21.0, 0.0, 21.0, 0.0, 'OXTH1D', 314, 414, 21, 63, 92, 19, 1, 17, 24, 8
1, 500, 46.0, 0.0, 46.0, 0.0, '296GHJ', 292, 414, 21, 68, 98, 18, 1, 21, 19, 14
1, 500, 25.0, 0.0, 25.0, 0.0, 'X1CRFF', 291, 371, 16, 69, 107, 5, 7, 16, 38, 1
1, 500, 30.0, 0.0, 30.0, 0.0, 'T6MZZJ', 289, 395, 23, 66, 112, 12, 5, 17, 19, 5
1, 500, 20.0, 0.0, 20.0, 0.0, 'UA82VO', 290, 389, 23, 55, 72, 7, 1, 13, 29, 1
1, 500, 12.0, 0.0, 12.0, 0.0, 'N8M49X', 299, 389, 25, 75, 94, 5, 1, 8, 24, 10
1, 500, 119.0, 0.0, 119.0, 0.0, '7U1IA9', 296, 407, 21, 57, 100, 5, 4, 15, 28, 17
1, 500, 44.0, 0.0, 44.0, 0.0, 'DCDBLJ', 297, 406, 15, 85, 99, 7, 3, 12, 35, 7
1, 500, 12.0, 0.0, 12.0, 0.0, 'DXI7M3', 292, 375, 28, 86, 104, 15, 1, 19, 11, 19
1, 500, 29.0, 0.0, 29.0, 0.0, 'SRZGST', 286, 389, 22, 60, 114, 5, 2, 15, 6, 1
1, 500, 133.0, 0.0, 133.0, 0.0, 'FJD0CI', 308, 407, 18, 60, 97, 20, 3, 5, 33, 9
1, 500, 28.0, 0.0, 28.0, 0.0, 'H8OGRE', 292, 411, 21, 75, 86, 7, 8, 21, 23, 1
1, 500, 22.0, 0.0, 22.0, 0.0, '0LSXIK', 301, 392, 32, 70, 102, 8, 3, 22, 32, 16
1, 500, 185.0, 0.0, 185.0, 0.0, '56XLTG', 287, 389, 13, 77, 99, 7, 2, 5, 22, 20
1, 500, 25.0, 0.0, 25.0, 0.0, 'K068CC', 289, 403, 19, 57, 81, 5, 3, 20, 8, 1
1, 500, 53.0, 0.0, 53.0, 0.0, 'TUQ1ME', 310, 396, 10, 67, 108, 7, 2, 1, 29, 7
1, 500, 19.0, 0.0, 19.0, 0.0, 'K7JIKK', 304, 397, 17, 87, 83, 10, 7, 20, 24, 5
1, 500, 70.0, 0.0, 70.0, 0.0, 'LEGNZK', 313, 400, 17, 65, 109, 9, 2, 2, 27, 1
1, 500, 22.0, 0.0, 22.0, 0.0, 'A59DA9', 298, 407, 20, 80, 106, 5, 5, 14, 1, 8
1, 500, 22.0, 0.0, 22.0, 0.0, 'LHPFI2', 285, 395, 25, 69, 100, 14, 3, 5, 15, 18
1, 500, 17.0, 0.0, 17.0, 0.0, 'TTT7S1', 310, 396, 24, 77, 91, 10, 2, 11, 5, 18
1, 500, 49.0, 0.0, 49.0, 0.0, 'M0UXYW', 296, 416, 18, 61, 108, 9, 1, 14, 32, 7
1, 500, 170.0, 0.0, 170.0, 0.0, 'TL3F9M', 309, 398, 20, 66, 109, 6, 3, 14, 46, 12
1, 500, 225.0, 0.0, 225.0, 0.0, '6NGIHA', 311, 380, 17, 75, 128, 5, 3, 14, 16, 13
1, 500, 39.0, 0.0, 39.0, 0.0, 'U93JMU', 289, 392, 23, 56, 94, 10, 7, 19, 38, 6
1, 500, 35.0, 0.0, 35.0, 0.0, '3LDC0J', 309, 403, 26, 80, 104, 16, 5, 21, 28, 6
1, 500, 145.0, 0.0, 145.0, 0.0, 'Z325SX', 299, 408, 15, 71, 103, 11, 5, 17, 22, 16
1, 500, 28.0, 0.0, 28.0, 0.0, '0P060T', 296, 373, 26, 66, 115, 5, 1, 17, 34, 1
1, 500, 26.0, 0.0, 26.0, 0.0, '97G5T9', 296, 396, 17, 78, 96, 11, 1, 19, 23, 9
1, 500, 46.0, 0.0, 46.0, 0.0, 'B4M70R', 303, 416, 18, 69, 101, 7, 6, 7, 8, 17
1, 500, 199.0, 0.0, 199.0, 0.0, 'QXISZU', 301, 417, 15, 74, 99, 8, 8, 18, 22, 9
1, 500, 20.0, 0.0, 20.0, 0.0, 'FO6WAU', 286, 386, 23, 56, 112, 5, 1, 28, 34, 18
1, 500, 88.0, 0.0, 88.0, 0.0, '30BQS1', 314, 392, 25, 71, 110, 13, 3, 16, 34, 13
1, 500, 242.0, 0.0, 242.0, 0.0, '230SNB', 310, 384, 13, 57, 101, 8, 2, 10, 12, 10
1, 500, 95.0, 0.0, 95.0, 0.0, 'C6Q6IA', 311, 396, 23, 79, 95, 11, 4, 12, 34, 29
1, 500, 48.0, 0.0, 48.0, 0.0, '0AHFG0', 304, 407, 13, 69, 96, 7, 3, 13, 42, 1
1, 500, 31.0, 0.0, 31.0, 0.0, 'YN8J09', 308, 391, 24, 67, 107, 8, 6, 13, 15, 15
1, 500, 53.0, 0.0, 53.0, 0.0, 'ILWT25', 303, 408, 21, 61, 102, 7, 4, 13, 37, 15
1, 500, 44.0, 0.0, 44.0, 0.0, 'VN1F0F', 288, 385, 10, 65, 106, 18, 1, 21, 29, 16
1, 500, 19.0, 0.0, 19.0, 0.0, '6P4W58', 309, 418, 17, 76, 100, 9, 1, 21, 16, 17
1, 500, 22.0, 0.0, 22.0, 0.0, 'GOBU8T', 298, 387, 25, 69, 89, 7, 1, 18, 18, 15
1, 500, 14.0, 0.0, 14.0, 0.0, 'HH0VS1', 296, 388, 16, 41, 105, 9, 3, 17, 29, 6
1, 500, 117.0, 0.0, 117.0, 0.0, 'W7XYWG', 285, 398, 22, 66, 84, 13, 7, 13, 14, 23
1, 500, 27.0, 0.0, 27.0, 0.0, 'WR88IX', 290, 402, 24, 78, 102, 5, 1, 14, 29, 20
1, 500, 35.0, 0.0, 35.0, 0.0, 'POVQEJ', 299, 396, 18, 71, 94, 6, 1, 20, 35, 13
1, 500, 141.0, 0.0, 141.0, 0.0, '409ULS', 285, 405, 17, 75, 101, 7, 4, 21, 55, 32
1, 500, 49.0, 0.0, 49.0, 0.0, 'VLRR42', 300, 434, 23, 94, 100, 13, 5, 13, 31, 15
1, 500, 18.0, 0.0, 18.0, 0.0, 'JZ10B9', 293, 397, 19, 67, 92, 5, 6, 17, 14, 1
1, 500, 33.0, 0.0, 33.0, 0.0, 'ZNTKB4', 305, 406, 15, 65, 93, 11, 2, 11, 16, 14
1, 500, 68.0, 0.0, 68.0, 0.0, 'PR5NM1', 296, 432, 19, 57, 119, 6, 1, 14, 30, 17
1, 500, 289.0, 0.0, 289.0, 0.0, '7LVESY', 295, 428, 9, 53, 100, 7, 2, 16, 17, 17
1, 500, 12.0, 0.0, 12.0, 0.0, 'S2Q4FC', 297, 396, 14, 75, 109, 27, 1, 18, 25, 3
1, 500, 18.0, 0.0, 18.0, 0.0, 'B72ABM', 305, 367, 17, 57, 106, 8, 6, 9, 40, 2
1, 500, 21.0, 0.0, 21.0, 0.0, 'HHYWEA', 314, 368, 28, 87, 95, 6, 1, 15, 30, 9
1, 500, 18.0, 0.0, 18.0, 0.0, '5JZ8LD', 303, 414, 17, 62, 99, 12, 9, 16, 26, 2
1, 500, 22.0, 0.0, 22.0, 0.0, '4SG7L8', 285, 400, 24, 63, 95, 21, 3, 14, 29, 7
1, 500, 34.0, 0.0, 34.0, 0.0, 'T4OEKR', 301, 388, 19, 70, 89, 6, 2, 13, 23, 13
1, 500, 11.0, 0.0, 11.0, 0.0, '81JKP9', 289, 402, 17, 65, 116, 15, 1, 8, 9, 1
1, 500, 88.0, 0.0, 88.0, 0.0, 'D042N6', 286, 390, 19, 85, 114, 5, 4, 11, 29, 8
1, 500, 50.0, 0.0, 50.0, 0.0, 'T9WWIP', 290, 403, 24, 53, 82, 10, 3, 15, 25, 19
1, 500, 170.0, 0.0, 170.0, 0.0, 'QLAER5', 291, 408, 19, 74, 96, 12, 5, 19, 41, 28
1, 500, 18.0, 0.0, 18.0, 0.0, 'BLYKEF', 293, 394, 16, 45, 115, 12, 3, 19, 28, 12
1, 500, 12.0, 0.0, 12.0, 0.0, 'N84NBH', 301, 396, 21, 56, 88, 14, 4, 26, 14, 7
1, 500, 68.0, 0.0, 68.0, 0.0, 'W5JRJU', 306, 388, 27, 73, 104, 7, 5, 12, 22, 23
1, 500, 68.0, 0.0, 68.0, 0.0, 'UJLZBB', 300, 372, 15, 63, 91, 5, 4, 12, 33, 1
1, 500, 18.0, 0.0, 18.0, 0.0, 'EPR063', 304, 381, 23, 65, 114, 12, 2, 15, 21, 5
1, 500, 84.0, 0.0, 84.0, 0.0, '8Z2PAJ', 299, 390, 20, 69, 88, 5, 4, 16, 32, 10
1, 500, 31.0, 0.0, 31.0, 0.0, 'N31K7G', 297, 403, 21, 90, 103, 5, 4, 26, 10, 1
1, 500, 52.0, 0.0, 52.0, 0.0, 'WD77JW', 298, 397, 15, 73, 102, 13, 2, 17, 34, 17
1, 500, 23.0, 0.0, 23.0, 0.0, 'Y58RTZ', 299, 421, 22, 79, 97, 10, 4, 16, 25, 9
1, 500, 67.0, 0.0, 67.0, 0.0, 'J9383T', 288, 368, 14, 62, 88, 5, 1, 27, 26, 12
1, 500, 84.0, 0.0, 84.0, 0.0, 'G5T45O', 293, 414, 16, 65, 87, 16, 4, 20, 35, 10
1, 500, 19.0, 0.0, 19.0, 0.0, 'RUUEFZ', 281, 420, 25, 63, 117, 10, 3, 15, 15, 27
1, 500, 78.0, 0.0, 78.0, 0.0, 'JXK40T', 281, 401, 15, 56, 105, 9, 10, 13, 22, 20
1, 500, 38.0, 0.0, 38.0, 0.0, '88RWP4', 312, 426, 23, 69, 95, 8, 2, 24, 21, 7
1, 500, 347.0, 0.0, 347.0, 0.0, '5ZRJQX', 287, 416, 26, 69, 105, 10, 6, 16, 22, 28
1, 500, 13.0, 0.0, 13.0, 0.0, 'VLSYEO', 297, 400, 20, 55, 102, 16, 1, 17, 39, 29
1, 500, 25.0, 0.0, 25.0, 0.0, 'DVC9MZ', 312, 409, 22, 66, 101, 9, 1, 21, 25, 14
1, 500, 215.0, 0.0, 215.0, 0.0, 'LNGWZS', 311, 409, 24, 73, 104, 11, 4, 16, 19, 26
1, 500, 22.0, 0.0, 22.0, 0.0, '5PK94X', 325, 407, 24, 64, 116, 14, 7, 20, 48, 1
1, 500, 28.0, 0.0, 28.0, 0.0, '60VDPO', 298, 411, 11, 81, 94, 9, 2, 9, 18, 1
1, 500, 86.0, 0.0, 86.0, 0.0, '3IRD1I', 296, 382, 12, 78, 94, 6, 2, 8, 31, 2
1, 500, 23.0, 0.0, 23.0, 0.0, 'E15UL8', 310, 393, 20, 73, 99, 9, 1, 17, 23, 6
1, 500, 23.0, 0.0, 23.0, 0.0, 'Z9AOLE', 292, 371, 25, 66, 97, 5, 1, 12, 38, 8
1, 500, 33.0, 0.0, 33.0, 0.0, 'EHEXM7', 300, 388, 26, 85, 98, 11, 1, 17, 18, 1
1, 500, 105.0, 0.0, 105.0, 0.0, 'UC0M7K', 312, 402, 25, 64, 103, 12, 1, 9, 18, 14
1, 500, 12.0, 0.0, 12.0, 0.0, '7V606B', 318, 396, 27, 68, 100, 6, 1, 13, 34, 18
1, 500, 43.0, 0.0, 43.0, 0.0, 'Z1PSAI', 301, 401, 23, 60, 123, 15, 2, 9, 44, 15
1, 500, 73.0, 0.0, 73.0, 0.0, '64J6LB', 302, 382, 19, 63, 105, 15, 5, 17, 37, 15
1, 500, 23.0, 0.0, 23.0, 0.0, 'BCJ2UJ', 303, 387, 19, 63, 100, 8, 1, 15, 7, 16
1, 500, 19.0, 0.0, 19.0, 0.0, 'QGRC0X', 308, 411, 14, 84, 86, 8, 1, 22, 1, 1
1, 500, 10.0, 0.0, 10.0, 0.0, 'ZTF04S', 299, 394, 20, 62, 100, 14, 3, 19, 1, 6
1, 500, 16.0, 0.0, 16.0, 0.0, '0S6H3D', 308, 394, 18, 76, 95, 14, 1, 15, 21, 8
1, 500, 137.0, 0.0, 137.0, 0.0, 'BCEKHQ', 302, 376, 13, 63, 110, 8, 4, 18, 30, 7
1, 500, 28.0, 0.0, 28.0, 0.0, '1XC988', 296, 394, 14, 79, 101, 13, 1, 15, 36, 1
1, 500, 20.0, 0.0, 20.0, 0.0, 'Z3UQCH', 310, 403, 16, 89, 96, 8, 1, 18, 33, 1
1, 500, 37.0, 0.0, 37.0, 0.0, '1ND5LX', 323, 389, 15, 70, 105, 11, 3, 16, 32, 31
1, 500, 43.0, 0.0, 43.0, 0.0, 'IO6YRB', 297, 391, 25, 76, 102, 8, 5, 15, 14, 1
1, 500, 188.0, 0.0, 188.0, 0.0, '77R5R3', 287, 410, 15, 78, 90, 6, 1, 15, 14, 9
1, 500, 16.0, 0.0, 16.0, 0.0, '7O0JZ3', 297, 403, 21, 66, 100, 7, 1, 15, 18, 5
1, 500, 242.0, 0.0, 242.0, 0.0, 'XDSZ77', 300, 395, 14, 78, 90, 8, 4, 17, 21, 16
1, 500, 213.0, 0.0, 213.0, 0.0, '66P32C', 309, 392, 17, 52, 118, 15, 5, 20, 33, 21
1, 500, 174.0, 0.0, 174.0, 0.0, 'P6DAD4', 313, 402, 15, 76, 110, 10, 2, 18, 12, 24
1, 500, 329.0, 0.0, 329.0, 0.0, '82BPXQ', 300, 414, 19, 66, 73, 11, 4, 13, 29, 24
1, 500, 14.0, 0.0, 14.0, 0.0, 'QAAGE1', 309, 400, 24, 76, 107, 7, 1, 17, 36, 1
1, 500, 40.0, 0.0, 40.0, 0.0, 'ZIXPF0', 307, 391, 22, 81, 101, 8, 2, 23, 28, 2
1, 500, 16.0, 0.0, 16.0, 0.0, 'MWRJSN', 318, 374, 26, 85, 96, 18, 7, 18, 25, 13
1, 500, 22.0, 0.0, 22.0, 0.0, 'TT3WW6', 298, 414, 17, 81, 98, 20, 1, 5, 22, 15
1, 500, 68.0, 0.0, 68.0, 0.0, 'UPALNA', 298, 394, 25, 77, 74, 8, 6, 16, 23, 18
1, 500, 29.0, 0.0, 29.0, 0.0, '3TMZFQ', 299, 404, 18, 76, 83, 9, 7, 22, 13, 1
1, 500, 93.0, 0.0, 93.0, 0.0, 'AVK4UV', 291, 385, 14, 74, 99, 18, 4, 15, 23, 10
1, 500, 24.0, 0.0, 24.0, 0.0, 'MU56CD', 287, 389, 22, 71, 106, 7, 5, 15, 30, 1
1, 500, 123.0, 0.0, 123.0, 0.0, 'HE2ZZQ', 309, 384, 25, 69, 95, 13, 6, 9, 21, 17
1, 500, 21.0, 0.0, 21.0, 0.0, 'SBDIWY', 309, 382, 22, 54, 87, 8, 1, 25, 30, 1
1, 500, 14.0, 0.0, 14.0, 0.0, '20QRZT', 296, 380, 20, 71, 98, 13, 8, 20, 42, 20
1, 500, 20.0, 0.0, 20.0, 0.0, 'PL2Z76', 299, 423, 17, 73, 98, 12, 2, 13, 35, 13
1, 500, 31.0, 0.0, 31.0, 0.0, 'A75QMT', 306, 404, 24, 57, 102, 11, 1, 15, 45, 6
1, 500, 500.0, 0.0, 500.0, 0.0, 'E38WJY', 305, 395, 27, 69, 94, 11, 1, 18, 30, 14
1, 500, 17.0, 0.0, 17.0, 0.0, 'FGZ94O', 302, 398, 21, 74, 99, 6, 1, 12, 22, 20
1, 500, 76.0, 0.0, 76.0, 0.0, '65ULC9', 302, 381, 21, 69, 86, 10, 6, 14, 27, 25
1, 500, 73.0, 0.0, 73.0, 0.0, 'UNGB8H', 291, 382, 19, 66, 122, 15, 4, 19, 13, 18
1, 500, 37.0, 0.0, 37.0, 0.0, 'EL1ZR7', 292, 414, 21, 77, 115, 10, 2, 19, 54, 1
1, 500, 500.0, 0.0, 500.0, 0.0, '5YJTY6', 329, 401, 15, 66, 99, 5, 5, 19, 10, 37
1, 500, 15.0, 0.0, 15.0, 0.0, 'KGL0S4', 300, 391, 22, 47, 111, 7, 5, 13, 13, 1
1, 500, 10.0, 0.0, 10.0, 0.0, 'KDPGQO', 321, 406, 19, 55, 99, 16, 2, 21, 22, 2
1, 500, 31.0, 0.0, 31.0, 0.0, 'D3IPJC', 298, 391, 22, 52, 90, 16, 1, 17, 25, 16
1, 500, 38.0, 0.0, 38.0, 0.0, 'HO0P13', 300, 387, 20, 82, 101, 9, 5, 20, 19, 1
1, 500, 106.0, 0.0, 106.0, 0.0, 'DLCURC', 288, 394, 19, 67, 111, 11, 4, 12, 38, 26
1, 500, 36.0, 0.0, 36.0, 0.0, '7YSO42', 285, 374, 16, 78, 81, 9, 1, 10, 23, 7
1, 500, 500.0, 0.0, 500.0, 0.0, 'BCQ0R5', 308, 411, 14, 76, 117, 10, 1, 20, 41, 20
1, 500, 19.0, 0.0, 19.0, 0.0, 'VZ2YTS', 287, 409, 24, 65, 113, 5, 2, 13, 32, 2
1, 500, 38.0, 0.0, 38.0, 0.0, 'XRFP1N', 301, 367, 17, 67, 88, 11, 1, 14, 31, 14
1, 500, 59.0, 0.0, 59.0, 0.0, 'BR6NS2', 297, 405, 18, 90, 102, 11, 1, 5, 28, 20
1, 500, 34.0, 0.0, 34.0, 0.0, 'UG34L9', 297, 366, 16, 75, 97, 7, 4, 11, 20, 3
1, 500, 46.0, 0.0, 46.0, 0.0, 'CUYJ4X', 314, 384, 15, 69, 102, 14, 1, 9, 21, 29
1, 500, 80.0, 0.0, 80.0, 0.0, 'E6LKFD', 318, 400, 21, 67, 92, 12, 8, 13, 29, 13
1, 500, 19.0, 0.0, 19.0, 0.0, '0GN6ZP', 288, 366, 25, 78, 91, 5, 3, 15, 9, 15
1, 500, 20.0, 0.0, 20.0, 0.0, 'G4RA7L', 295, 414, 20, 49, 112, 5, 1, 7, 29, 21
1, 500, 15.0, 0.0, 15.0, 0.0, '2I5ZCF', 299, 425, 26, 66, 115, 11, 1, 18, 7, 17
1, 500, 500.0, 0.0, 500.0, 0.0, '9VR581', 313, 410, 12, 63, 86, 12, 5, 15, 19, 22
1, 500, 90.0, 0.0, 90.0, 0.0, '3VGPLJ', 296, 435, 18, 77, 99, 5, 2, 17, 48, 18
1, 500, 24.0, 0.0, 24.0, 0.0, '35SKNE', 331, 425, 24, 59, 118, 11, 3, 18, 26, 10
1, 500, 16.0, 0.0, 16.0, 0.0, '5FE6GI', 308, 392, 27, 39, 88, 15, 1, 23, 19, 1
1, 500, 25.0, 0.0, 25.0, 0.0, '9Y8UK7', 307, 404, 20, 64, 111, 7, 6, 22, 12, 5
1, 500, 19.0, 0.0, 19.0, 0.0, 'K15M9J', 302, 391, 11, 83, 95, 11, 1, 19, 32, 8
1, 500, 79.0, 0.0, 79.0, 0.0, 'MHHK7P', 299, 417, 22, 76, 92, 7, 4, 17, 15, 21
1, 500, 20.0, 0.0, 20.0, 0.0, 'GLC5IM', 312, 411, 23, 62, 96, 19, 4, 5, 28, 9
1, 500, 72.0, 0.0, 72.0, 0.0, '4QU0YB', 291, 419, 19, 52, 109, 5, 4, 19, 34, 18
1, 500, 11.0, 0.0, 11.0, 0.0, '4H33V6', 289, 413, 22, 74, 102, 15, 1, 19, 22, 15
1, 500, 31.0, 0.0, 31.0, 0.0, 'LE5M2Z', 302, 390, 21, 60, 83, 5, 3, 16, 35, 1
1, 500, 166.0, 0.0, 166.0, 0.0, 'R6U5SJ', 292, 385, 11, 77, 89, 12, 3, 10, 20, 26
1, 500, 200.0, 0.0, 200.0, 0.0, 'I80TBW', 303, 440, 18, 77, 102, 11, 2, 14, 38, 16
1, 500, 64.0, 0.0, 64.0, 0.0, '6SYVRD', 284, 413, 23, 79, 86, 11, 8, 18, 9, 22
1, 500, 18.0, 0.0, 18.0, 0.0, 'PIFM3T', 302, 367, 15, 98, 98, 14, 5, 17, 11, 16
1, 500, 62.0, 0.0, 62.0, 0.0, '9MQLDR', 299, 381, 18, 76, 101, 7, 1, 7, 29, 23
1, 500, 15.0, 0.0, 15.0, 0.0, 'WGVVN5', 311, 394, 19, 66, 104, 19, 8, 12, 15, 18
1, 500, 60.0, 0.0, 60.0, 0.0, 'WTM3E5', 282, 393, 19, 55, 105, 5, 2, 11, 19, 21
1, 500, 55.0, 0.0, 55.0, 0.0, '044FIO', 307, 389, 19, 58, 107, 14, 1, 13, 13, 15
1, 500, 60.0, 0.0, 60.0, 0.0, 'OYZOMZ', 307, 404, 23, 70, 80, 10, 7, 14, 28, 7
1, 500, 18.0, 0.0, 18.0, 0.0, '7SA6AA', 308, 411, 20, 61, 94, 8, 1, 22, 29, 11
1, 500, 34.0, 0.0, 34.0, 0.0, '2ILS6J', 307, 404, 15, 84, 76, 10, 2, 16, 15, 8
1, 500, 15.0, 0.0, 15.0, 0.0, '107ES7', 299, 420, 19, 69, 93, 9, 6, 8, 1, 7
1, 500, 41.0, 0.0, 41.0, 0.0, '15CBZ7', 312, 393, 24, 54, 89, 8, 6, 9, 36, 8
1, 500, 34.0, 0.0, 34.0, 0.0, 'HA0BIY', 294, 396, 21, 98, 114, 20, 3, 20, 36, 13
1, 500, 43.0, 0.0, 43.0, 0.0, 'IEY3FW', 311, 366, 21, 74, 96, 10, 1, 11, 39, 25
1, 500, 11.0, 0.0, 11.0, 0.0, 'V9VC3G', 297, 409, 18, 63, 94, 20, 1, 23, 19, 1
1, 500, 18.0, 0.0, 18.0, 0.0, '4EZ8E3', 309, 399, 24, 55, 93, 8, 1, 16, 40, 7
1, 500, 13.0, 0.0, 13.0, 0.0, 'B2N41B', 287, 400, 36, 70, 105, 5, 1, 18, 18, 4
1, 500, 11.0, 0.0, 11.0, 0.0, 'XZUY6B', 296, 399, 23, 69, 113, 8, 7, 13, 13, 9
1, 500, 26.0, 0.0, 26.0, 0.0, 'I26TY7', 313, 403, 21, 79, 106, 14, 5, 18, 30, 8
1, 500, 24.0, 0.0, 24.0, 0.0, 'FTQKIG', 304, 397, 20, 79, 93, 12, 1, 22, 36, 13
1, 500, 152.0, 0.0, 152.0, 0.0, 'RKQK5L', 307, 380, 24, 66, 92, 7, 7, 22, 11, 14
1, 500, 19.0, 0.0, 19.0, 0.0, 'MBGZV0', 303, 413, 25, 75, 100, 18, 3, 14, 41, 5
1, 500, 13.0, 0.0, 13.0, 0.0, '1EYE1I', 312, 403, 22, 61, 88, 5, 7, 14, 9, 5
1, 500, 342.0, 0.0, 342.0, 0.0, '16TWRH', 291, 414, 10, 74, 80, 15, 1, 20, 36, 18
1, 500, 259.0, 0.0, 259.0, 0.0, 'W5T1KV', 300, 377, 31, 77, 101, 6, 1, 6, 39, 40
1, 500, 18.0, 0.0, 18.0, 0.0, 'LYTS44', 291, 394, 16, 57, 99, 11, 2, 16, 13, 5
1, 500, 19.0, 0.0, 19.0, 0.0, '593X4N', 305, 384, 30, 71, 114, 13, 1, 18, 31, 9
1, 500, 28.0, 0.0, 28.0, 0.0, 'UUG1LR', 297, 393, 13, 75, 98, 22, 1, 9, 42, 9
1, 500, 101.0, 0.0, 101.0, 0.0, 'DG4CZ0', 300, 398, 14, 69, 81, 8, 1, 22, 11, 13
1, 500, 137.0, 0.0, 137.0, 0.0, 'IXJF37', 282, 395, 20, 62, 108, 11, 8, 23, 39, 23
1, 500, 51.0, 0.0, 51.0, 0.0, 'GKR88Q', 296, 398, 15, 78, 99, 12, 4, 13, 26, 1
1, 500, 32.0, 0.0, 32.0, 0.0, 'CT96WM', 306, 412, 18, 61, 117, 11, 5, 18, 20, 8
1, 500, 115.0, 0.0, 115.0, 0.0, 'PTXS1Q', 302, 418, 21, 77, 100, 5, 4, 22, 8, 25
1, 500, 12.0, 0.0, 12.0, 0.0, 'A323IR', 301, 409, 24, 66, 82, 16, 1, 22, 8, 1
1, 500, 23.0, 0.0, 23.0, 0.0, 'C7Z36U', 292, 390, 14, 69, 105, 16, 3, 19, 28, 19
1, 500, 29.0, 0.0, 29.0, 0.0, 'WL35RS', 287, 369, 20, 73, 121, 8, 3, 18, 35, 11
1, 500, 29.0, 0.0, 29.0, 0.0, 'GX3OWW', 306, 414, 20, 81, 102, 7, 1, 12, 16, 9
1, 500, 31.0, 0.0, 31.0, 0.0, 'RYCLWQ', 307, 376, 20, 56, 109, 9, 6, 21, 22, 1
1, 500, 110.0, 0.0, 110.0, 0.0, 'BTOZ55', 298, 406, 17, 81, 85, 12, 1, 13, 24, 1
1, 500, 55.0, 0.0, 55.0, 0.0, 'EKWC07', 303, 386, 12, 73, 125, 9, 3, 7, 9, 1
1, 500, 86.0, 0.0, 86.0, 0.0, 'FLAZHI', 312, 426, 15, 69, 102, 8, 1, 25, 22, 21
1, 500, 19.0, 0.0, 19.0, 0.0, 'GF349J', 309, 396, 16, 72, 102, 10, 7, 11, 23, 6
1, 500, 22.0, 0.0, 22.0, 0.0, 'IRLUN9', 288, 399, 24, 51, 103, 17, 1, 10, 13, 23
1, 500, 29.0, 0.0, 29.0, 0.0, 'A8TK92', 297, 409, 19, 64, 108, 5, 1, 15, 30, 1
1, 500, 30.0, 0.0, 30.0, 0.0, '8G3TSZ', 316, 393, 21, 61, 105, 14, 5, 13, 21, 6
1, 500, 179.0, 0.0, 179.0, 0.0, 'BYOWNW', 296, 406, 19, 68, 96, 5, 6, 16, 16, 16
1, 500, 20.0, 0.0, 20.0, 0.0, 'ECYDMY', 308, 386, 29, 75, 102, 7, 4, 6, 20, 16
1, 500, 25.0, 0.0, 25.0, 0.0, '8QE1W4', 294, 403, 22, 77, 101, 14, 3, 20, 14, 6
1, 500, 14.0, 0.0, 14.0, 0.0, 'PGE1H0', 297, 389, 28, 74, 95, 9, 1, 10, 19, 4
1, 500, 16.0, 0.0, 16.0, 0.0, 'NGWUOH', 291, 377, 20, 72, 111, 9, 1, 18, 39, 14
1, 500, 25.0, 0.0, 25.0, 0.0, 'TVX2QU', 295, 391, 15, 63, 96, 16, 2, 9, 30, 6
1, 500, 135.0, 0.0, 135.0, 0.0, 'DMPLJX', 300, 390, 12, 90, 102, 8, 3, 9, 23, 7
1, 500, 16.0, 0.0, 16.0, 0.0, 'MU4IMM', 316, 395, 17, 49, 104, 13, 1, 20, 13, 1
1, 500, 19.0, 0.0, 19.0, 0.0, 'IY71S9', 305, 392, 25, 53, 84, 15, 3, 21, 33, 5
1, 500, 33.0, 0.0, 33.0, 0.0, '2I6RVE', 277, 400, 19, 59, 95, 9, 6, 25, 26, 5
1, 500, 25.0, 0.0, 25.0, 0.0, '6A7TLU', 325, 420, 21, 64, 116, 11, 3, 13, 24, 9
1, 500, 16.0, 0.0, 16.0, 0.0, 'K52B0Z', 292, 417, 19, 45, 99, 20, 1, 14, 29, 17
1, 500, 95.0, 0.0, 95.0, 0.0, '980U4V', 303, 385, 20, 73, 113, 11, 1, 14, 37, 5
1, 500, 14.0, 0.0, 14.0, 0.0, 'I6NAPR', 308, 399, 25, 53, 104, 9, 1, 13, 30, 1
1, 500, 106.0, 0.0, 106.0, 0.0, '7V0XZY', 322, 404, 14, 66, 95, 15, 9, 14, 20, 10
1, 500, 80.0, 0.0, 80.0, 0.0, 'K5IEQX', 295, 404, 14, 72, 93, 12, 8, 10, 28, 6
1, 500, 15.0, 0.0, 15.0, 0.0, '2NWYWG', 303, 385, 22, 77, 101, 8, 1, 20, 49, 4
1, 500, 33.0, 0.0, 33.0, 0.0, 'Z60ML6', 309, 395, 25, 74, 105, 5, 2, 13, 36, 13
1, 500, 74.0, 0.0, 74.0, 0.0, 'JCW6H9', 317, 401, 13, 73, 102, 13, 8, 16, 10, 24
1, 500, 36.0, 0.0, 36.0, 0.0, 'BCBRHY', 283, 407, 17, 61, 70, 6, 1, 15, 44, 4
1, 500, 21.0, 0.0, 21.0, 0.0, 'NXJCIM', 302, 401, 22, 78, 85.80000000000001, 5, 3, 8, 9, 1
1, 500, 29.0, 0.0, 29.0, 0.0, 'EO2ISD', 306, 416, 28, 47, 92, 8, 4, 12, 33, 3
1, 500, 29.0, 0.0, 29.0, 0.0, 'UQYB22', 309, 386, 12, 69, 77, 5, 6, 14, 21, 2
1, 500, 67.0, 0.0, 67.0, 0.0, 'JQG2SU', 297, 355, 22, 88, 103, 14, 10, 9, 10, 19
1, 500, 114.0, 0.0, 114.0, 0.0, '8097LU', 312, 403, 24, 66, 97, 5, 1, 19, 37, 25
1, 500, 63.0, 0.0, 63.0, 0.0, 'ZYQOKG', 302, 382, 23, 67, 106, 11, 2, 22, 16, 10
1, 500, 30.0, 0.0, 30.0, 0.0, 'VE4Q7L', 288, 407, 16, 73, 100, 16, 1, 16, 37, 1
1, 500, 19.0, 0.0, 19.0, 0.0, 'LK4T9I', 296, 390, 17, 60, 106, 11, 4, 15, 24, 1
1, 500, 51.0, 0.0, 51.0, 0.0, 'F7UFP6', 330, 416, 15, 61, 91, 7, 1, 15, 32, 14
1, 500, 18.0, 0.0, 18.0, 0.0, 'YUH2P6', 297, 376, 25, 78, 107, 5, 1, 18, 23, 9
1, 500, 29.0, 0.0, 29.0, 0.0, 'WXU9X7', 305, 407, 19, 58, 87, 6, 1, 17, 18, 4
1, 500, 22.0, 0.0, 22.0, 0.0, 'NGSH2F', 294, 386, 20, 59, 92, 19, 1, 16, 22, 11
1, 500, 14.0, 0.0, 14.0, 0.0, 'FK4ADQ', 309, 405, 22, 84, 99, 12, 1, 12, 26, 2
1, 500, 92.0, 0.0, 92.0, 0.0, '3LZPCN', 309, 385, 15, 84, 102, 10, 4, 14, 11, 4
1, 500, 18.0, 0.0, 18.0, 0.0, 'X1IWUT', 317, 394, 23, 73, 110, 10, 1, 11, 16, 7
1, 500, 20.0, 0.0, 20.0, 0.0, 'UX7T5B', 285, 403, 17, 66, 78, 8, 1, 13, 18, 6
1, 500, 23.0, 0.0, 23.0, 0.0, 'XWUTB0', 308, 405, 13, 68, 119, 13, 1, 19, 17, 2
1, 500, 27.0, 0.0, 27.0, 0.0, 'FIHBLW', 296, 376, 16, 62, 95, 5, 2, 14, 17, 1
1, 500, 15.0, 0.0, 15.0, 0.0, '5HK55V', 304, 395, 24, 66, 115, 5, 1, 8, 37, 1
1, 500, 16.0, 0.0, 16.0, 0.0, 'JYS3GQ', 300, 384, 25, 83, 93, 16, 3, 3, 14, 3
1, 500, 243.0, 0.0, 243.0, 0.0, 'SRHS3N', 308, 401, 21, 78, 105, 13, 2, 27, 37, 29
1, 500, 104.0, 0.0, 104.0, 0.0, 'N5F9BE', 307, 385, 15, 73, 105, 6, 6, 5, 18, 3
1, 500, 41.0, 0.0, 41.0, 0.0, '4J1T22', 289, 405, 19, 75, 114, 5, 3, 12, 41, 19
1, 500, 41.0, 0.0, 41.0, 0.0, '49N1QP', 291, 407, 29, 58, 110, 10, 6, 13, 36, 5
1, 500, 31.0, 0.0, 31.0, 0.0, 'Y89PTQ', 309, 398, 28, 72, 91, 8, 5, 19, 40, 4
1, 500, 18.0, 0.0, 18.0, 0.0, '7DOZCK', 305, 380, 20, 51, 97, 15, 1, 16, 20, 1
1, 500, 500.0, 0.0, 500.0, 0.0, 'EEHAXA', 296, 423, 16, 59, 87, 11, 3, 17, 21, 34
1, 500, 87.0, 0.0, 87.0, 0.0, '87OBQ0', 292, 393, 17, 64, 83, 12, 6, 11, 36, 4
1, 500, 67.0, 0.0, 67.0, 0.0, '3LPOBH', 293, 399, 20, 71, 95, 6, 1, 15, 25, 6
1, 500, 55.0, 0.0, 55.0, 0.0, 'DCF1F8', 296, 397, 22, 61, 91, 7, 3, 11, 29, 4
1, 500, 13.0, 0.0, 13.0, 0.0, 'BPYQSF', 297, 415, 25, 78, 98, 11, 1, 22, 14, 10
1, 500, 34.0, 0.0, 34.0, 0.0, 'TCEUAX', 306, 413, 22, 93, 102.30000000000001, 7, 5, 19, 11, 1
1, 500, 33.0, 0.0, 33.0, 0.0, '2MB1QJ', 308, 395, 15, 77, 105, 10, 1, 15, 19, 7
1, 500, 235.0, 0.0, 235.0, 0.0, '1PBRAS', 304, 383, 19, 79, 106, 8, 3, 16, 27, 31
1, 500, 74.0, 0.0, 74.0, 0.0, '4YWAKX', 281, 383, 14, 69, 100, 11, 4, 14, 24, 4
1, 500, 26.0, 0.0, 26.0, 0.0, 'RBNHRY', 298, 420, 23, 68, 98, 11, 4, 14, 5, 14
1, 500, 16.0, 0.0, 16.0, 0.0, 'XWN75W', 315, 404, 18, 73, 93, 12, 1, 13, 12, 14
1, 500, 20.0, 0.0, 20.0, 0.0, 'L3V5PB', 303, 386, 18, 76, 85, 14, 5, 20, 35, 14
1, 500, 35.0, 0.0, 35.0, 0.0, '8WAFIC', 294, 415, 16, 68, 112, 12, 1, 23, 29, 1
1, 500, 6.0, 0.0, 6.0, 0.0, 'GBFVLD', 299, 404, 21, 65, 100, 17, 7, 9, 12, 1
1, 500, 30.0, 0.0, 30.0, 0.0, '740MOQ', 306, 402, 19, 70, 100, 5, 4, 15, 13, 5
1, 500, 33.0, 0.0, 33.0, 0.0, 'RBLJ6Z', 307, 403, 22, 73, 102, 8, 1, 16, 15, 1
1, 500, 25.0, 0.0, 25.0, 0.0, 'MBU6VB', 284, 399, 21, 58, 103, 12, 1, 14, 42, 1
1, 500, 33.0, 0.0, 33.0, 0.0, 'ZPT8RA', 289, 396, 17, 87, 99, 5, 4, 16, 22, 10
1, 500, 82.0, 0.0, 82.0, 0.0, 'USG1X4', 299, 403, 17, 55, 115, 15, 3, 5, 36, 6
1, 500, 17.0, 0.0, 17.0, 0.0, 'EAW63O', 296, 398, 20, 62, 108, 15, 1, 12, 30, 1
1, 500, 36.0, 0.0, 36.0, 0.0, 'LZWVUR', 298, 401, 12, 84, 109, 15, 6, 16, 28, 1
1, 500, 20.0, 0.0, 20.0, 0.0, 'LIOWTK', 312, 380, 22, 74, 107, 7, 8, 22, 12, 1
1, 500, 22.0, 0.0, 22.0, 0.0, 'IOYLYC', 310, 401, 20, 72, 79.2, 10, 2, 16, 26, 1
1, 500, 18.0, 0.0, 18.0, 0.0, 'PIADMQ', 292, 397, 15, 63, 91, 14, 1, 12, 28, 13
1, 500, 50.0, 0.0, 50.0, 0.0, '6ZZ543', 291, 381, 17, 61, 92, 16, 2, 16, 26, 5
1, 500, 39.0, 0.0, 39.0, 0.0, 'KTYMZ7', 294, 372, 19, 83, 105, 11, 7, 13, 24, 17
1, 500, 280.0, 0.0, 280.0, 0.0, '7OX6CG', 317, 417, 19, 57, 105, 5, 2, 2, 33, 14
1, 500, 30.0, 0.0, 30.0, 0.0, 'B5WDE9', 284, 361, 8, 76, 102, 7, 1, 21, 24, 1
1, 500, 29.0, 0.0, 29.0, 0.0, 'VJWJNS', 298, 388, 20, 62, 96, 12, 2, 12, 4, 6
1, 500, 332.0, 0.0, 332.0, 0.0, '3B9FXH', 302, 390, 18, 71, 98, 10, 3, 20, 18, 26
1, 500, 15.0, 0.0, 15.0, 0.0, '6H7MUM', 307, 400, 22, 68, 99, 13, 1, 7, 26, 6
1, 500, 215.0, 0.0, 215.0, 0.0, 'DEF0UQ', 292, 400, 6, 61, 103, 6, 3, 10, 14, 19
1, 500, 45.0, 0.0, 45.0, 0.0, 'YCQU5B', 308, 388, 9, 83, 105, 5, 1, 19, 34, 1
1, 500, 20.0, 0.0, 20.0, 0.0, 'C9PXSQ', 302, 401, 28, 65, 109, 10, 1, 16, 18, 6
1, 500, 278.0, 0.0, 278.0, 0.0, '6V976Q', 293, 423, 24, 71, 94, 5, 2, 18, 12, 20
1, 500, 28.0, 0.0, 28.0, 0.0, 'FCFHV3', 307, 393, 13, 77, 107, 11, 3, 16, 35, 1
1, 500, 35.0, 0.0, 35.0, 0.0, '7PGT1I', 297, 382, 23, 70, 102, 8, 2, 15, 28, 16
1, 500, 30.0, 0.0, 30.0, 0.0, 'E38YX4', 286, 401, 15, 69, 96, 5, 3, 20, 30, 1
1, 500, 84.0, 0.0, 84.0, 0.0, 'VAPKBD', 295, 378, 17, 66, 95, 5, 1, 17, 23, 4
1, 500, 322.0, 0.0, 322.0, 0.0, 'POXY4Z', 290, 404, 14, 65, 111, 14, 6, 14, 24, 21
1, 500, 35.0, 0.0, 35.0, 0.0, '1VRJYT', 292, 406, 19, 71, 87, 9, 4, 14, 33, 4
1, 500, 15.0, 0.0, 15.0, 0.0, 'YUZ1UF', 307, 404, 26, 54, 107, 5, 1, 14, 12, 22
1, 500, 28.0, 0.0, 28.0, 0.0, 'ENFT4I', 292, 404, 19, 63, 85, 10, 6, 7, 31, 2
1, 500, 339.0, 0.0, 339.0, 0.0, 'JTBI3X', 289, 408, 24, 67, 93, 10, 2, 20, 19, 29
1, 500, 36.0, 0.0, 36.0, 0.0, 'F3E6R0', 314, 411, 13, 67, 101, 13, 4, 20, 22, 10
1, 500, 17.0, 0.0, 17.0, 0.0, 'X0HY4M', 308, 401, 20, 56, 95, 7, 1, 14, 22, 21
1, 500, 37.0, 0.0, 37.0, 0.0, 'I97YSM', 300, 370, 16, 63, 101, 5, 7, 20, 49, 6
1, 500, 160.0, 0.0, 160.0, 0.0, 'B8LEVF', 310, 409, 21, 62, 115, 5, 3, 23, 12, 11
1, 500, 39.0, 0.0, 39.0, 0.0, '9H6GBX', 293, 396, 18, 70, 101, 12, 1, 14, 11, 5
1, 500, 28.0, 0.0, 28.0, 0.0, 'AFKE79', 295, 397, 17, 64, 89, 7, 1, 20, 19, 10
1, 500, 18.0, 0.0, 18.0, 0.0, 'O6N51I', 308, 396, 19, 60, 91, 15, 1, 17, 18, 1
1, 500, 500.0, 0.0, 500.0, 0.0, 'BW5ITP', 299, 399, 18, 57, 88, 8, 2, 23, 24, 15
1, 500, 81.0, 0.0, 81.0, 0.0, 'X1C42K', 297, 411, 17, 60, 103, 12, 1, 6, 22, 7
1, 500, 27.0, 0.0, 27.0, 0.0, '7E7KKW', 302, 394, 28, 81, 97, 5, 1, 15, 14, 1
1, 500, 18.0, 0.0, 18.0, 0.0, 'SQCX8J', 298, 386, 17, 70, 112, 9, 2, 22, 11, 1
1, 500, 32.0, 0.0, 32.0, 0.0, 'Q0F8TR', 297, 398, 17, 82, 97, 9, 1, 15, 39, 1
1, 500, 30.0, 0.0, 30.0, 0.0, 'WE3BOD', 306, 396, 30, 65, 103, 13, 1, 14, 18, 13
1, 500, 12.0, 0.0, 12.0, 0.0, 'G3T150', 313, 390, 30, 58, 111, 10, 1, 22, 26, 5
1, 500, 105.0, 0.0, 105.0, 0.0, 'PR3L1V', 313, 390, 17, 62, 108, 11, 1, 17, 13, 31
1, 500, 180.0, 0.0, 180.0, 0.0, 'R462PW', 295, 393, 20, 73, 97, 10, 1, 12, 12, 29
1, 500, 135.0, 0.0, 135.0, 0.0, 'SUZWOV', 292, 422, 15, 56, 96, 7, 6, 10, 19, 9
1, 500, 29.0, 0.0, 29.0, 0.0, '8I6ZX5', 289, 393, 26, 71, 95, 11, 3, 19, 40, 12
1, 500, 79.0, 0.0, 79.0, 0.0, 'A9L678', 281, 374, 22, 81, 113, 6, 2, 18, 17, 9
1, 500, 66.0, 0.0, 66.0, 0.0, '9209D6', 290, 386, 17, 69, 87, 11, 4, 20, 12, 9
1, 500, 23.0, 0.0, 23.0, 0.0, 'CKB1SH', 291, 367, 21, 70, 96, 9, 3, 10, 32, 1
1, 500, 17.0, 0.0, 17.0, 0.0, '8BC5RS', 312, 397, 17, 68, 93, 14, 1, 27, 28, 19
1, 500, 18.0, 0.0, 18.0, 0.0, 'NC8YP9', 285, 393, 12, 76, 110, 14, 1, 17, 9, 9
1, 500, 18.0, 0.0, 18.0, 0.0, 'D7DGKQ', 313, 408, 23, 72, 127, 17, 5, 11, 30, 2
1, 500, 82.0, 0.0, 82.0, 0.0, 'LA5QZV', 293, 391, 24, 68, 99, 11, 7, 10, 27, 15
1, 500, 31.0, 0.0, 31.0, 0.0, '4WIEET', 298, 394, 22, 69, 110, 8, 5, 21, 26, 12
1, 500, 17.0, 0.0, 17.0, 0.0, 'VWQS8X', 288, 403, 28, 74, 107, 18, 3, 25, 10, 7
1, 500, 20.0, 0.0, 20.0, 0.0, 'THQ9W8', 297, 394, 28, 59, 93, 6, 1, 26, 29, 14
1, 500, 21.0, 0.0, 21.0, 0.0, '77DYIF', 302, 400, 27, 47, 81, 7, 9, 18, 10, 28
1, 500, 26.0, 0.0, 26.0, 0.0, 'JXGPNH', 281, 407, 19, 74, 124, 11, 4, 22, 32, 10
1, 500, 500.0, 0.0, 500.0, 0.0, 'G52O3C', 297, 407, 18, 72, 109, 10, 3, 19, 30, 24
1, 500, 94.0, 0.0, 94.0, 0.0, 'R40INM', 306, 430, 9, 73, 108, 5, 2, 22, 14, 4
1, 500, 36.0, 0.0, 36.0, 0.0, 'KW09W9', 293, 398, 19, 66, 81, 7, 1, 12, 30, 10
1, 500, 26.0, 0.0, 26.0, 0.0, 'WRT8CY', 292, 406, 25, 77, 91, 9, 3, 28, 19, 12
1, 500, 21.0, 0.0, 21.0, 0.0, 'GE9BYQ', 305, 374, 22, 60, 97, 5, 2, 9, 33, 13
1, 500, 20.0, 0.0, 20.0, 0.0, 'J9BXCY', 289, 391, 29, 66, 107, 9, 3, 18, 27, 3
1, 500, 10.0, 0.0, 10.0, 0.0, 'ADWMDW', 289, 412, 13, 64, 74, 12, 1, 6, 11, 20
1, 500, 18.0, 0.0, 18.0, 0.0, '1GPFE8', 294, 386, 27, 63, 85, 11, 3, 19, 28, 19
1, 500, 20.0, 0.0, 20.0, 0.0, 'K39KJH', 294, 380, 21, 61, 91, 5, 1, 20, 29, 7
1, 500, 17.0, 0.0, 17.0, 0.0, '6K8KIN', 293, 394, 25, 75, 88, 11, 8, 19, 26, 1
1, 500, 29.0, 0.0, 29.0, 0.0, 'CTX8AW', 305, 393, 22, 54, 99, 12, 1, 13, 28, 8
1, 500, 19.0, 0.0, 19.0, 0.0, 'LA7I71', 290, 383, 19, 69, 108, 5, 1, 14, 10, 1
1, 500, 21.0, 0.0, 21.0, 0.0, 'BJBFXV', 294, 402, 26, 57, 89, 10, 4, 12, 21, 7
1, 500, 21.0, 0.0, 21.0, 0.0, 'B34VZH', 309, 394, 28, 73, 126, 5, 3, 15, 22, 32
1, 500, 10.0, 0.0, 10.0, 0.0, '04EZ4P', 308, 408, 24, 70, 91, 6, 1, 6, 18, 18
1, 500, 23.0, 0.0, 23.0, 0.0, 'N3WEGB', 296, 393, 22, 72, 113, 13, 4, 16, 22, 2
1, 500, 19.0, 0.0, 19.0, 0.0, '35E9S8', 303, 386, 23, 79, 88, 5, 1, 9, 19, 1
1, 500, 83.0, 0.0, 83.0, 0.0, 'FUUJ15', 284, 409, 17, 83, 103, 12, 4, 10, 19, 15
1, 500, 29.0, 0.0, 29.0, 0.0, 'D1A4DF', 306, 377, 19, 62, 100, 9, 5, 15, 30, 1
1, 500, 19.0, 0.0, 19.0, 0.0, 'SPU5WG', 268, 407, 25, 84, 95, 5, 3, 19, 21, 1
1, 500, 210.0, 0.0, 210.0, 0.0, 'BJ0GAF', 300, 406, 22, 56, 97, 5, 4, 14, 11, 23
1, 500, 19.0, 0.0, 19.0, 0.0, 'V75AY8', 302, 398, 20, 76, 97, 16, 1, 18, 17, 4
1, 500, 12.0, 0.0, 12.0, 0.0, '9RL8MR', 299, 402, 25, 64, 114, 16, 1, 19, 20, 3
1, 500, 50.0, 0.0, 50.0, 0.0, 'MHQYDG', 314, 409, 17, 74, 104, 5, 4, 9, 35, 1
1, 500, 108.0, 0.0, 108.0, 0.0, '3H6EKG', 312, 378, 17, 88, 96.80000000000001, 12, 5, 13, 33, 33
1, 500, 376.0, 0.0, 376.0, 0.0, 'ZZWR8N', 286, 414, 14, 69, 103, 11, 5, 23, 13, 18
1, 500, 26.0, 0.0, 26.0, 0.0, 'FIF6JA', 309, 411, 22, 80, 88, 6, 7, 8, 27, 6
1, 500, 14.0, 0.0, 14.0, 0.0, 'H7YH8Z', 292, 394, 19, 60, 92, 19, 1, 11, 33, 1
1, 500, 18.0, 0.0, 18.0, 0.0, '6SF1J3', 288, 391, 19, 69, 97, 18, 1, 11, 15, 15
1, 500, 34.0, 0.0, 34.0, 0.0, 'REXLVJ', 300, 393, 22, 74, 96, 5, 2, 11, 17, 3
1, 500, 31.0, 0.0, 31.0, 0.0, 'AO246O', 294, 403, 22, 80, 111, 9, 9, 23, 29, 1
1, 500, 58.0, 0.0, 58.0, 0.0, 'QP06TL', 309, 377, 24, 52, 106, 8, 3, 7, 19, 29
1, 500, 244.0, 0.0, 244.0, 0.0, 'RQ368F', 307, 397, 19, 61, 106, 5, 3, 9, 30, 16
1, 500, 120.0, 0.0, 120.0, 0.0, '7GC5C6', 282, 383, 16, 68, 110, 9, 4, 25, 22, 21
1, 500, 21.0, 0.0, 21.0, 0.0, 'WWDM6V', 295, 397, 25, 88, 96.80000000000001, 9, 2, 17, 14, 18
1, 500, 500.0, 0.0, 500.0, 0.0, 'K54AVY', 290, 401, 14, 73, 112, 16, 6, 18, 41, 25
1, 500, 92.0, 0.0, 92.0, 0.0, 'HHU0BI', 294, 420, 16, 50, 106, 6, 3, 10, 36, 14
1, 500, 14.0, 0.0, 14.0, 0.0, 'JGYMKJ', 301, 392, 24, 61, 87, 11, 6, 17, 13, 3
1, 500, 54.0, 0.0, 54.0, 0.0, 'S85D4D', 293, 399, 20, 68, 105, 10, 3, 19, 21, 17
1, 500, 41.0, 0.0, 41.0, 0.0, 'WTSDXF', 310, 433, 16, 58, 89, 5, 6, 15, 16, 7
1, 500, 39.0, 0.0, 39.0, 0.0, 'P2SY4P', 288, 391, 17, 67, 102, 5, 2, 19, 49, 1
1, 500, 35.0, 0.0, 35.0, 0.0, 'Z1VZVY', 294, 393, 13, 81, 104, 11, 2, 15, 8, 1
1, 500, 152.0, 0.0, 152.0, 0.0, 'WDPCP1', 305, 400, 18, 65, 71.5, 11, 6, 23, 43, 20
1, 500, 18.0, 0.0, 18.0, 0.0, 'NWQY32', 320, 410, 22, 76, 106, 13, 1, 15, 22, 21
1, 500, 23.0, 0.0, 23.0, 0.0, '4H5LTZ', 294, 406, 21, 83, 103, 15, 1, 18, 25, 1
1, 500, 10.0, 0.0, 10.0, 0.0, '1X3A4C', 297, 404, 21, 60, 88, 12, 1, 15, 22, 22
1, 500, 63.0, 0.0, 63.0, 0.0, 'MQKDUU', 290, 429, 19, 64, 109, 10, 10, 14, 28, 8
1, 500, 260.0, 0.0, 260.0, 0.0, 'YTLKK1', 306, 426, 20, 77, 91, 15, 3, 17, 19, 13
1, 500, 94.0, 0.0, 94.0, 0.0, 'W9XULK', 289, 399, 9, 64, 95, 6, 4, 20, 26, 12
1, 500, 12.0, 0.0, 12.0, 0.0, 'WXQOKH', 286, 386, 18, 77, 97, 16, 1, 17, 32, 4
1, 500, 39.0, 0.0, 39.0, 0.0, 'PM5N02', 294, 399, 25, 68, 87, 15, 5, 15, 51, 16
1, 500, 37.0, 0.0, 37.0, 0.0, 'QDABB2', 295, 395, 14, 62, 86, 11, 3, 15, 28, 3
1, 500, 76.0, 0.0, 76.0, 0.0, 'VL0JQK', 301, 402, 16, 87, 95.7, 11, 3, 13, 15, 9
1, 500, 14.0, 0.0, 14.0, 0.0, 'VL7DWR', 318, 387, 17, 74, 96, 13, 4, 15, 14, 2
1, 500, 51.0, 0.0, 51.0, 0.0, '7A8HKB', 306, 394, 18, 75, 89, 8, 4, 16, 32, 23
1, 500, 12.0, 0.0, 12.0, 0.0, '4GCK3L', 286, 379, 22, 66, 110, 6, 1, 9, 39, 1
1, 500, 28.0, 0.0, 28.0, 0.0, 'IF0QZ8', 305, 383, 20, 47, 102, 5, 1, 19, 19, 13
1, 500, 38.0, 0.0, 38.0, 0.0, 'VHSTY4', 298, 397, 26, 57, 111, 5, 3, 16, 29, 8
1, 500, 68.0, 0.0, 68.0, 0.0, 'MXZ2E8', 304, 395, 21, 67, 102, 9, 1, 17, 48, 23
1, 500, 13.0, 0.0, 13.0, 0.0, '5BT0X6', 308, 404, 14, 68, 105, 15, 1, 17, 24, 3
1, 500, 20.0, 0.0, 20.0, 0.0, 'DO5RYG', 317, 383, 20, 91, 105, 9, 1, 19, 36, 5
1, 500, 88.0, 0.0, 88.0, 0.0, 'QZ0AUX', 308, 400, 14, 88, 106, 5, 1, 17, 15, 7
1, 500, 97.0, 0.0, 97.0, 0.0, 'H0YJO2', 285, 385, 15, 80, 104, 5, 6, 13, 30, 4
1, 500, 22.0, 0.0, 22.0, 0.0, 'S1K35V', 296, 398, 22, 48, 114, 13, 2, 18, 47, 17
1, 500, 129.0, 0.0, 129.0, 0.0, 'PEWNNG', 293, 408, 22, 66, 102, 6, 4, 7, 22, 18
1, 500, 14.0, 0.0, 14.0, 0.0, 'AKY7E8', 306, 377, 23, 63, 115, 13, 1, 12, 49, 1
1, 500, 81.0, 0.0, 81.0, 0.0, 'VEEZDP', 305, 387, 14, 66, 95, 7, 4, 18, 16, 15
1, 500, 85.0, 0.0, 85.0, 0.0, 'DAONUU', 297, 414, 21, 70, 101, 5, 1, 19, 21, 12
1, 500, 42.0, 0.0, 42.0, 0.0, '3S4928', 295, 405, 20, 71, 96, 5, 2, 15, 25, 10
1, 500, 43.0, 0.0, 43.0, 0.0, 'EI49KE', 300, 419, 21, 87, 120, 10, 1, 8, 49, 17
1, 500, 14.0, 0.0, 14.0, 0.0, 'C05LMH', 294, 379, 19, 62, 110, 16, 8, 18, 25, 1
1, 500, 47.0, 0.0, 47.0, 0.0, 'T3YW1O', 293, 402, 18, 69, 107, 10, 2, 14, 43, 1
1, 500, 61.0, 0.0, 61.0, 0.0, 'D9HI8U', 313, 424, 16, 78, 89, 10, 5, 24, 23, 23
1, 500, 14.0, 0.0, 14.0, 0.0, 'FIHQLJ', 288, 394, 19, 65, 107, 9, 5, 22, 1, 9
1, 500, 19.0, 0.0, 19.0, 0.0, '45S4G9', 296, 411, 27, 66, 110, 7, 6, 15, 27, 11
1, 500, 17.0, 0.0, 17.0, 0.0, '6G593I', 288, 403, 19, 91, 100.10000000000001, 10, 8, 13, 29, 1
1, 500, 13.0, 0.0, 13.0, 0.0, 'LZHG7X', 305, 424, 18, 57, 113, 11, 8, 6, 26, 2
1, 500, 28.0, 0.0, 28.0, 0.0, '0T3CWA', 292, 361, 20, 58, 93, 5, 4, 13, 12, 1
1, 500, 38.0, 0.0, 38.0, 0.0, '2TBDB8', 310, 413, 13, 59, 81, 5, 1, 15, 23, 14
1, 500, 22.0, 0.0, 22.0, 0.0, '51YB3F', 296, 390, 26, 65, 96, 23, 5, 8, 32, 1
1, 500, 31.0, 0.0, 31.0, 0.0, 'BEASWH', 303, 403, 20, 85, 93.50000000000001, 5, 1, 12, 25, 14
1, 500, 14.0, 0.0, 14.0, 0.0, 'VQZ7TP', 305, 399, 12, 62, 92, 16, 3, 16, 37, 3
1, 500, 57.0, 0.0, 57.0, 0.0, 'YQ8DJ0', 300, 404, 9, 65, 105, 12, 4, 15, 33, 22
1, 500, 258.0, 0.0, 258.0, 0.0, 'XRHE5C', 293, 410, 14, 79, 86.9, 5, 4, 22, 18, 17
1, 500, 74.0, 0.0, 74.0, 0.0, 'DV72FA', 296, 421, 13, 84, 107, 11, 1, 20, 33, 24
1, 500, 70.0, 0.0, 70.0, 0.0, 'PY8Z3A', 287, 378, 24, 79, 93, 15, 5, 24, 20, 21
1, 500, 94.0, 0.0, 94.0, 0.0, 'WILFAW', 308, 407, 27, 62, 104, 5, 5, 18, 37, 26
1, 500, 18.0, 0.0, 18.0, 0.0, 'BN7PGW', 301, 365, 23, 78, 88, 9, 3, 12, 6, 1
1, 500, 80.0, 0.0, 80.0, 0.0, '9Q908A', 308, 387, 23, 87, 110, 9, 1, 15, 19, 9
1, 500, 16.0, 0.0, 16.0, 0.0, 'ICESBS', 299, 376, 21, 57, 93, 13, 2, 19, 8, 12
1, 500, 22.0, 0.0, 22.0, 0.0, 'T7EU99', 300, 392, 19, 68, 94, 8, 1, 12, 31, 10
1, 500, 28.0, 0.0, 28.0, 0.0, 'VKAY3I', 294, 413, 25, 71, 118, 10, 7, 18, 48, 8
1, 500, 21.0, 0.0, 21.0, 0.0, 'G6S71M', 297, 389, 21, 73, 107, 11, 1, 23, 24, 17
1, 500, 95.0, 0.0, 95.0, 0.0, 'OY25JT', 288, 412, 21, 77, 94, 9, 1, 17, 6, 14
1, 500, 30.0, 0.0, 30.0, 0.0, 'U5G3BD', 293, 413, 28, 83, 91.30000000000001, 9, 3, 14, 36, 6
1, 500, 57.0, 0.0, 57.0, 0.0, 'MIU0TU', 312, 391, 20, 68, 102, 9, 6, 13, 29, 16
1, 500, 78.0, 0.0, 78.0, 0.0, 'LMOE06', 287, 405, 10, 53, 99, 8, 1, 26, 26, 16
1, 500, 74.0, 0.0, 74.0, 0.0, 'T128OI', 322, 397, 20, 75, 96, 10, 7, 21, 53, 12
1, 500, 10.0, 0.0, 10.0, 0.0, 'N04NEU', 301, 409, 28, 77, 98, 8, 1, 19, 35, 1
1, 500, 23.0, 0.0, 23.0, 0.0, 'MJ83MO', 289, 359, 20, 63, 103, 12, 2, 19, 22, 14
1, 500, 19.0, 0.0, 19.0, 0.0, 'FWMQ2F', 293, 405, 22, 45, 98, 16, 1, 11, 26, 6
1, 500, 86.0, 0.0, 86.0, 0.0, '8O06F4', 302, 402, 25, 46, 100, 14, 3, 17, 43, 3
1, 500, 26.0, 0.0, 26.0, 0.0, 'K4EWV5', 313, 406, 24, 71, 111, 5, 5, 24, 18, 7
1, 500, 12.0, 0.0, 12.0, 0.0, 'UR5ST2', 283, 401, 24, 77, 112, 16, 1, 12, 31, 15
1, 500, 18.0, 0.0, 18.0, 0.0, 'IX5XLF', 308, 392, 26, 59, 111, 8, 4, 14, 41, 1
1, 500, 19.0, 0.0, 19.0, 0.0, 'PP0AFF', 306, 408, 21, 62, 113, 9, 1, 11, 20, 1
1, 500, 15.0, 0.0, 15.0, 0.0, 'M396MQ', 287, 406, 21, 78, 107, 10, 1, 11, 8, 13
1, 500, 103.0, 0.0, 103.0, 0.0, 'A4U1T8', 300, 391, 12, 51, 102, 5, 6, 16, 30, 13
1, 500, 27.0, 0.0, 27.0, 0.0, 'IRQ1BW', 314, 401, 24, 73, 97, 6, 1, 22, 26, 1
1, 500, 500.0, 0.0, 500.0, 0.0, '49DJXO', 303, 396, 7, 67, 112, 5, 4, 15, 46, 10
1, 500, 16.0, 0.0, 16.0, 0.0, '85NVE0', 314, 376, 24, 52, 105, 16, 3, 8, 37, 14
1, 500, 114.0, 0.0, 114.0, 0.0, 'HS6SPA', 311, 393, 6, 72, 97, 12, 4, 25, 24, 7
1, 500, 34.0, 0.0, 34.0, 0.0, '6QDJWS', 297, 383, 17, 87, 102, 19, 1, 12, 25, 9
1, 500, 38.0, 0.0, 38.0, 0.0, 'JMYCSD', 298, 391, 17, 67, 85, 7, 3, 9, 9, 22
1, 500, 69.0, 0.0, 69.0, 0.0, 'NMJYIN', 309, 416, 16, 84, 99, 9, 11, 15, 35, 33
1, 500, 18.0, 0.0, 18.0, 0.0, 'ZZYQ8H', 289, 410, 12, 63, 88, 11, 2, 22, 42, 1
1, 500, 25.0, 0.0, 25.0, 0.0, 'YNGLUV', 296, 406, 19, 71, 83, 13, 3, 18, 19, 11
1, 500, 161.0, 0.0, 161.0, 0.0, 'NEOWL4', 295, 395, 16, 75, 119, 17, 6, 12, 16, 11
1, 500, 23.0, 0.0, 23.0, 0.0, 'GYUG5P', 299, 414, 19, 64, 118, 15, 1, 15, 38, 1
1, 500, 15.0, 0.0, 15.0, 0.0, '9LDFCM', 299, 419, 22, 65, 83, 16, 1, 12, 13, 11
1, 500, 30.0, 0.0, 30.0, 0.0, 'VV6IDZ', 312, 373, 16, 81, 104, 19, 1, 14, 19, 12
1, 500, 16.0, 0.0, 16.0, 0.0, 'KBVRWU', 293, 420, 19, 94, 103.4, 10, 1, 7, 6, 15
1, 500, 161.0, 0.0, 161.0, 0.0, '6D96IO', 297, 414, 11, 71, 99, 6, 5, 18, 1, 20
1, 500, 15.0, 0.0, 15.0, 0.0, 'VWCT1J', 310, 384, 25, 77, 84.7, 20, 3, 13, 24, 6
1, 500, 22.0, 0.0, 22.0, 0.0, 'JD8L7P', 301, 397, 28, 63, 90, 11, 3, 19, 27, 4
1, 500, 108.0, 0.0, 108.0, 0.0, '403FW4', 309, 406, 18, 83, 99, 10, 4, 20, 24, 16
1, 500, 11.0, 0.0, 11.0, 0.0, 'ZKD7TT', 308, 379, 23, 65, 94, 14, 1, 14, 14, 19
1, 500, 16.0, 0.0, 16.0, 0.0, '3OQU0R', 285, 396, 15, 67, 83, 5, 8, 11, 1, 7
1, 500, 58.0, 0.0, 58.0, 0.0, 'E3UUXS', 310, 391, 24, 65, 75, 11, 1, 8, 10, 17
1, 500, 30.0, 0.0, 30.0, 0.0, 'O3GX9X', 310, 386, 18, 74, 102, 5, 1, 29, 27, 15
1, 500, 51.0, 0.0, 51.0, 0.0, '4BM9F0', 302, 402, 29, 65, 71.5, 9, 2, 13, 38, 21
1, 500, 136.0, 0.0, 136.0, 0.0, 'I47P3E', 294, 420, 12, 90, 101, 8, 3, 19, 32, 18
1, 500, 21.0, 0.0, 21.0, 0.0, 'YMTA1G', 300, 431, 20, 77, 106, 17, 2, 16, 34, 5
1, 500, 73.0, 0.0, 73.0, 0.0, '867BJH', 313, 406, 20, 80, 102, 5, 4, 4, 19, 8
1, 500, 23.0, 0.0, 23.0, 0.0, 'G58K9F', 282, 405, 31, 63, 90, 10, 2, 14, 22, 28
1, 500, 111.0, 0.0, 111.0, 0.0, 'BU62TS', 291, 413, 19, 69, 113, 5, 6, 6, 29, 29
1, 500, 71.0, 0.0, 71.0, 0.0, 'Q0QG12', 315, 414, 19, 87, 95.7, 10, 2, 7, 21, 19
1, 500, 27.0, 0.0, 27.0, 0.0, 'HI92UW', 295, 403, 24, 60, 106, 20, 1, 19, 38, 11
1, 500, 69.0, 0.0, 69.0, 0.0, 'GZLOCI', 296, 393, 12, 73, 95, 22, 2, 13, 30, 4
1, 500, 9.0, 0.0, 9.0, 0.0, 'AHTGJL', 301, 401, 27, 65, 108, 20, 1, 9, 9, 1
1, 500, 298.0, 0.0, 298.0, 0.0, 'U4W7GE', 288, 384, 18, 78, 85.80000000000001, 8, 6, 14, 1, 27
1, 500, 19.0, 0.0, 19.0, 0.0, 'T4JEZ7', 299, 406, 25, 80, 99, 9, 1, 17, 37, 5
1, 500, 15.0, 0.0, 15.0, 0.0, 'YYUV69', 296, 395, 22, 65, 107, 5, 1, 9, 16, 1
1, 500, 232.0, 0.0, 232.0, 0.0, 'YV3IZ4', 306, 388, 9, 73, 93, 18, 5, 13, 34, 17
1, 500, 139.0, 0.0, 139.0, 0.0, '1L2MVV', 279, 416, 15, 51, 95, 5, 1, 13, 20, 28
1, 500, 21.0, 0.0, 21.0, 0.0, 'QTDIE7', 296, 410, 18, 81, 92, 16, 4, 10, 36, 18
1, 500, 20.0, 0.0, 20.0, 0.0, '7YNEHD', 266, 388, 17, 64, 116, 11, 1, 23, 26, 9
1, 500, 267.0, 0.0, 267.0, 0.0, '9PTGIA', 294, 399, 16, 69, 135, 9, 3, 7, 29, 18
1, 500, 30.0, 0.0, 30.0, 0.0, 'KWLFWZ', 298, 378, 20, 71, 111, 16, 8, 17, 28, 8
1, 500, 25.0, 0.0, 25.0, 0.0, 'OCKI0A', 304, 395, 29, 94, 108, 5, 7, 19, 35, 1
1, 500, 14.0, 0.0, 14.0, 0.0, '8SQPEK', 296, 383, 21, 70, 103, 5, 1, 10, 11, 27
1, 500, 51.0, 0.0, 51.0, 0.0, 'O39YXO', 313, 383, 18, 79, 95, 15, 5, 10, 23, 13
1, 500, 164.0, 0.0, 164.0, 0.0, 'RTWJZ3', 285, 421, 15, 65, 94, 6, 10, 16, 26, 17
1, 500, 33.0, 0.0, 33.0, 0.0, 'XNPY63', 309, 382, 18, 79, 107, 12, 1, 21, 28, 26
1, 500, 16.0, 0.0, 16.0, 0.0, 'H02JZC', 298, 404, 23, 79, 108, 9, 2, 10, 8, 14
1, 500, 25.0, 0.0, 25.0, 0.0, 'Y30K21', 303, 384, 21, 64, 101, 7, 4, 21, 26, 1
1, 500, 34.0, 0.0, 34.0, 0.0, 'S1RJFE', 286, 407, 17, 66, 103, 5, 6, 15, 37, 1
1, 500, 500.0, 0.0, 500.0, 0.0, '40L899', 305, 363, 15, 86, 99, 8, 7, 14, 31, 18
1, 500, 23.0, 0.0, 23.0, 0.0, 'ZLSLPC', 307, 421, 15, 69, 91, 9, 1, 16, 19, 14
1, 500, 17.0, 0.0, 17.0, 0.0, 'M7TAMY', 300, 403, 25, 54, 104, 11, 6, 11, 19, 1
1, 500, 138.0, 0.0, 138.0, 0.0, 'OFXC6C', 318, 401, 16, 73, 88, 8, 1, 8, 38, 8
1, 500, 24.0, 0.0, 24.0, 0.0, 'ZKVD17', 308, 403, 23, 80, 92, 12, 1, 15, 25, 15
1, 500, 15.0, 0.0, 15.0, 0.0, 'RELUSL', 297, 397, 18, 56, 107, 10, 2, 14, 10, 4
1, 500, 31.0, 0.0, 31.0, 0.0, 'WVZX7H', 308, 403, 17, 61, 91, 13, 4, 9, 26, 1
1, 500, 236.0, 0.0, 236.0, 0.0, 'UJ44IT', 298, 389, 13, 54, 92, 6, 5, 21, 14, 22
1, 500, 126.0, 0.0, 126.0, 0.0, 'PUWX5F', 302, 407, 10, 63, 91, 9, 2, 16, 16, 29
1, 500, 63.0, 0.0, 63.0, 0.0, 'G2VA04', 315, 411, 16, 52, 98, 11, 5, 22, 22, 13
1, 500, 21.0, 0.0, 21.0, 0.0, 'AZ6N2U', 319, 399, 21, 64, 114, 10, 3, 26, 34, 1
1, 500, 30.0, 0.0, 30.0, 0.0, 'IMODM8', 303, 390, 25, 62, 112, 10, 1, 15, 25, 9
1, 500, 16.0, 0.0, 16.0, 0.0, 'TT57L9', 300, 410, 18, 77, 117, 22, 1, 18, 27, 8
1, 500, 13.0, 0.0, 13.0, 0.0, 'YUZXR9', 297, 419, 24, 76, 95, 5, 1, 12, 26, 1
1, 500, 11.0, 0.0, 11.0, 0.0, 'XYRGQ7', 312, 386, 9, 77, 106, 7, 6, 14, 19, 25
1, 500, 53.0, 0.0, 53.0, 0.0, '1RA0ML', 308, 421, 11, 67, 83, 7, 1, 17, 18, 1
1, 500, 46.0, 0.0, 46.0, 0.0, '8TPMA5', 278, 413, 21, 74, 107, 10, 5, 12, 43, 1
1, 500, 17.0, 0.0, 17.0, 0.0, 'ZBAB18', 302, 409, 27, 72, 86, 12, 5, 12, 14, 5
1, 500, 37.0, 0.0, 37.0, 0.0, 'NY0KBQ', 304, 393, 18, 69, 115, 5, 4, 12, 14, 9
1, 500, 306.0, 0.0, 306.0, 0.0, '33J14S', 294, 393, 16, 63, 105, 10, 1, 9, 24, 15
1, 500, 24.0, 0.0, 24.0, 0.0, '5MEZO4', 308, 384, 20, 88, 119, 12, 4, 23, 26, 19
1, 500, 36.0, 0.0, 36.0, 0.0, 'OVZSWM', 297, 413, 20, 76, 113, 7, 1, 15, 21, 1
1, 500, 22.0, 0.0, 22.0, 0.0, '6OLJ7A', 303, 399, 21, 65, 90, 5, 5, 13, 16, 31
1, 500, 12.0, 0.0, 12.0, 0.0, '5WU6KZ', 300, 385, 23, 66, 98, 5, 1, 17, 13, 28
1, 500, 24.0, 0.0, 24.0, 0.0, 'K4CVK2', 309, 358, 14, 71, 102, 5, 6, 19, 17, 1
1, 500, 19.0, 0.0, 19.0, 0.0, 'JENUJ4', 280, 415, 29, 72, 103, 5, 5, 15, 25, 3
1, 500, 164.0, 0.0, 164.0, 0.0, 'Q6X6JT', 308, 390, 18, 86, 100, 8, 4, 18, 27, 21
1, 500, 26.0, 0.0, 26.0, 0.0, 'BNB9O9', 292, 396, 25, 79, 88, 5, 4, 13, 18, 16
1, 500, 386.0, 0.0, 386.0, 0.0, '31EX6D', 304, 382, 19, 77, 97, 13, 1, 13, 14, 13
1, 500, 130.0, 0.0, 130.0, 0.0, 'OOCMYJ', 307, 375, 13, 72, 113, 5, 1, 15, 38, 16
1, 500, 35.0, 0.0, 35.0, 0.0, '86K2VT', 304, 388, 18, 60, 91, 7, 1, 18, 15, 9
1, 500, 397.0, 0.0, 397.0, 0.0, 'SIGDP1', 302, 372, 25, 67, 103, 6, 4, 18, 40, 30
1, 500, 34.0, 0.0, 34.0, 0.0, 'SK1UXV', 283, 408, 21, 70, 102, 5, 5, 9, 18, 5
1, 500, 15.0, 0.0, 15.0, 0.0, 'A5M75V', 277, 402, 24, 62, 123, 12, 1, 18, 23, 1
1, 500, 14.0, 0.0, 14.0, 0.0, 'UCQPV4', 272, 390, 15, 70, 102, 17, 1, 9, 28, 1
1, 500, 69.0, 0.0, 69.0, 0.0, '0ESXGD', 309, 399, 23, 82, 91, 6, 2, 13, 38, 21
1, 500, 26.0, 0.0, 26.0, 0.0, 'HE15EA', 309, 404, 20, 75, 101, 9, 6, 15, 31, 5
1, 500, 18.0, 0.0, 18.0, 0.0, 'KLWN47', 288, 382, 30, 72, 98, 15, 3, 15, 34, 1
1, 500, 76.0, 0.0, 76.0, 0.0, 'DNSKXU', 293, 406, 20, 66, 105, 14, 1, 5, 27, 5
1, 500, 500.0, 0.0, 500.0, 0.0, 'RAWWXV', 313, 402, 19, 63, 98, 5, 1, 12, 19, 27
1, 500, 21.0, 0.0, 21.0, 0.0, '4UIMHH', 299, 402, 29, 80, 95, 7, 1, 8, 33, 11
1, 500, 20.0, 0.0, 20.0, 0.0, 'XQ5O3K', 313, 390, 21, 75, 97, 11, 1, 25, 30, 1
1, 500, 39.0, 0.0, 39.0, 0.0, '61LYST', 308, 396, 17, 81, 93, 13, 1, 13, 33, 13
1, 500, 19.0, 0.0, 19.0, 0.0, 'XSS2EB', 294, 381, 17, 65, 120, 13, 3, 18, 12, 10
1, 500, 11.0, 0.0, 11.0, 0.0, 'GAICLK', 298, 389, 17, 52, 98, 9, 6, 9, 11, 5
1, 500, 30.0, 0.0, 30.0, 0.0, 'VZXZFV', 307, 377, 20, 65, 94, 5, 4, 22, 17, 1
1, 500, 18.0, 0.0, 18.0, 0.0, 'ZHRGA3', 296, 409, 24, 72, 90, 5, 4, 16, 17, 10
1, 500, 24.0, 0.0, 24.0, 0.0, '64WK66', 298, 409, 25, 70, 109, 14, 1, 10, 17, 18
1, 500, 500.0, 0.0, 500.0, 0.0, 'I8Y9TG', 308, 388, 16, 50, 105, 5, 3, 15, 52, 13
1, 500, 18.0, 0.0, 18.0, 0.0, 'B890IE', 330, 399, 25, 85, 93.50000000000001, 26, 1, 12, 24, 17
1, 500, 78.0, 0.0, 78.0, 0.0, 'EYDYJ6', 300, 402, 25, 79, 92, 8, 2, 22, 41, 16
1, 500, 19.0, 0.0, 19.0, 0.0, '2EYFDX', 306, 384, 17, 69, 101, 12, 3, 13, 35, 1
1, 500, 500.0, 0.0, 500.0, 0.0, 'XKWPT5', 307, 403, 14, 90, 99.00000000000001, 20, 3, 9, 22, 33
1, 500, 24.0, 0.0, 24.0, 0.0, 'Q9JJKY', 301, 408, 22, 55, 124, 8, 1, 20, 16, 2
1, 500, 43.0, 0.0, 43.0, 0.0, '21FAK8', 292, 391, 12, 63, 105, 18, 2, 19, 29, 16
1, 500, 122.0, 0.0, 122.0, 0.0, '07KLQJ', 286, 396, 22, 78, 89, 13, 1, 9, 29, 19
1, 500, 159.0, 0.0, 159.0, 0.0, '0UUS1O', 312, 403, 11, 79, 100, 15, 2, 15, 18, 10
1, 500, 51.0, 0.0, 51.0, 0.0, 'Z6TMT9', 287, 398, 18, 65, 109, 15, 3, 13, 23, 16
1, 500, 305.0, 0.0, 305.0, 0.0, 'BNPS45', 284, 397, 15, 106, 116.60000000000001, 11, 1, 14, 17, 25
1, 500, 36.0, 0.0, 36.0, 0.0, 'WVVKXY', 313, 392, 21, 61, 113, 7, 1, 17, 24, 1
1, 500, 42.0, 0.0, 42.0, 0.0, 'R3FSQG', 284, 395, 16, 66, 96, 17, 3, 18, 40, 16
1, 500, 26.0, 0.0, 26.0, 0.0, '6T71IC', 293, 421, 21, 86, 98, 11, 1, 8, 25, 1
1, 500, 94.0, 0.0, 94.0, 0.0, 'MZ3K5I', 309, 390, 5, 72, 107, 8, 1, 17, 29, 12
1, 500, 21.0, 0.0, 21.0, 0.0, 'NLHAZQ', 294, 397, 26, 77, 89, 16, 3, 12, 26, 1
1, 500, 143.0, 0.0, 143.0, 0.0, 'WJXIFW', 314, 396, 19, 71, 78.10000000000001, 13, 6, 27, 33, 20
1, 500, 70.0, 0.0, 70.0, 0.0, 'OYV2WI', 294, 390, 13, 86, 94.60000000000001, 13, 3, 7, 43, 20
1, 500, 168.0, 0.0, 168.0, 0.0, 'V57LB7', 312, 416, 16, 49, 81, 5, 5, 18, 19, 31
1, 500, 19.0, 0.0, 19.0, 0.0, '4CBXLY', 319, 420, 16, 72, 119, 6, 1, 19, 14, 25
1, 500, 9.0, 0.0, 9.0, 0.0, 'EGF5UE', 337, 376, 31, 68, 110, 15, 1, 11, 10, 11
1, 500, 266.0, 0.0, 266.0, 0.0, '4EHG6P', 309, 383, 21, 67, 104, 6, 7, 10, 20, 21
1, 500, 82.0, 0.0, 82.0, 0.0, 'V6655Z', 304, 407, 15, 79, 107, 9, 2, 9, 18, 4
1, 500, 120.0, 0.0, 120.0, 0.0, '8GA3K1', 316, 386, 22, 80, 104, 6, 6, 18, 44, 13
1, 500, 11.0, 0.0, 11.0, 0.0, 'Q59M6O', 292, 401, 29, 55, 96, 5, 1, 19, 33, 9
1, 500, 31.0, 0.0, 31.0, 0.0, 'T7V60C', 295, 401, 20, 83, 95, 6, 5, 21, 13, 1
1, 500, 18.0, 0.0, 18.0, 0.0, 'SQKXXI', 291, 365, 28, 71, 115, 13, 5, 8, 27, 13
1, 500, 30.0, 0.0, 30.0, 0.0, 'R4W8EO', 305, 415, 13, 79, 102, 12, 1, 17, 37, 3
1, 500, 13.0, 0.0, 13.0, 0.0, 'SWCLLE', 308, 405, 32, 62, 107, 6, 3, 15, 20, 19
1, 500, 41.0, 0.0, 41.0, 0.0, 'DTBFPN', 296, 404, 19, 93, 106, 7, 1, 17, 34, 14
1, 500, 137.0, 0.0, 137.0, 0.0, '53CCRE', 291, 390, 21, 52, 110, 5, 3, 9, 28, 24
1, 500, 148.0, 0.0, 148.0, 0.0, 'BQJ2ZD', 289, 375, 8, 76, 89, 8, 1, 20, 44, 28
1, 500, 29.0, 0.0, 29.0, 0.0, '3SAOH9', 307, 405, 16, 59, 77, 12, 1, 23, 19, 3
1, 500, 26.0, 0.0, 26.0, 0.0, 'JIKFFJ', 297, 439, 22, 72, 97, 11, 1, 16, 28, 20
1, 500, 35.0, 0.0, 35.0, 0.0, 'ZMLO3X', 281, 406, 17, 78, 106, 10, 1, 13, 30, 9
1, 500, 11.0, 0.0, 11.0, 0.0, 'W0OHER', 300, 410, 35, 81, 89.10000000000001, 10, 3, 15, 1, 19
1, 500, 16.0, 0.0, 16.0, 0.0, '9HV32F', 311, 393, 27, 83, 96, 12, 8, 25, 19, 3
1, 500, 24.0, 0.0, 24.0, 0.0, 'CB034K', 316, 395, 17, 79, 106, 9, 3, 20, 35, 1
1, 500, 33.0, 0.0, 33.0, 0.0, '0HOJYT', 296, 383, 26, 78, 101, 5, 1, 21, 33, 6
1, 500, 14.0, 0.0, 14.0, 0.0, '7MEMEJ', 310, 396, 22, 61, 99, 14, 1, 10, 36, 15
1, 500, 30.0, 0.0, 30.0, 0.0, 'G5N5ZX', 293, 403, 20, 59, 103, 5, 1, 15, 19, 15
1, 500, 25.0, 0.0, 25.0, 0.0, 'DYWYVO', 282, 416, 22, 77, 102, 10, 10, 16, 27, 4
1, 500, 18.0, 0.0, 18.0, 0.0, '0EEH0X', 309, 408, 19, 70, 112, 13, 7, 14, 29, 5
1, 500, 77.0, 0.0, 77.0, 0.0, '6KWXFK', 293, 400, 12, 76, 85, 11, 3, 12, 21, 12
1, 500, 19.0, 0.0, 19.0, 0.0, 'HHA56F', 313, 396, 22, 64, 104, 8, 10, 21, 9, 1
1, 500, 12.0, 0.0, 12.0, 0.0, 'ZRU69M', 320, 412, 28, 84, 104, 7, 1, 6, 12, 8
1, 500, 23.0, 0.0, 23.0, 0.0, 'BZ5Q0I', 295, 419, 27, 72, 104, 9, 1, 18, 17, 5
1, 500, 24.0, 0.0, 24.0, 0.0, '1FRSQK', 307, 401, 19, 59, 95, 12, 5, 20, 27, 6
1, 500, 74.0, 0.0, 74.0, 0.0, '03NUII', 324, 397, 24, 59, 101, 5, 2, 18, 21, 24
1, 500, 17.0, 0.0, 17.0, 0.0, '4NILJN', 298, 384, 21, 58, 93, 11, 5, 21, 25, 9
1, 500, 13.0, 0.0, 13.0, 0.0, '5BNHQV', 314, 402, 25, 67, 93, 14, 1, 7, 27, 1
1, 500, 31.0, 0.0, 31.0, 0.0, 'MAK291', 301, 424, 21, 70, 104, 7, 11, 19, 9, 11
1, 500, 26.0, 0.0, 26.0, 0.0, 'R4SD5S', 303, 401, 20, 86, 94.60000000000001, 10, 6, 18, 20, 11
1, 500, 22.0, 0.0, 22.0, 0.0, 'YPQXN0', 296, 389, 18, 77, 97, 6, 3, 16, 30, 3
1, 500, 36.0, 0.0, 36.0, 0.0, 'D2UO4U', 292, 420, 18, 66, 124, 9, 5, 18, 24, 3
1, 500, 28.0, 0.0, 28.0, 0.0, 'G5318G', 298, 398, 24, 88, 98, 12, 2, 18, 25, 17
1, 500, 32.0, 0.0, 32.0, 0.0, 'N9E7WZ', 282, 399, 24, 74, 91, 9, 5, 15, 32, 7
1, 500, 14.0, 0.0, 14.0, 0.0, 'YR7K7Q', 308, 407, 16, 71, 108, 16, 3, 20, 10, 1
1, 500, 16.0, 0.0, 16.0, 0.0, 'QBSRUV', 312, 413, 14, 67, 88, 16, 6, 26, 21, 7
1, 500, 17.0, 0.0, 17.0, 0.0, '8JTVG2', 305, 401, 25, 79, 96, 20, 1, 16, 36, 24
1, 500, 34.0, 0.0, 34.0, 0.0, '8PTCWE', 310, 412, 16, 53, 109, 5, 2, 22, 15, 10
1, 500, 40.0, 0.0, 40.0, 0.0, '48V7IS', 301, 391, 20, 62, 103, 7, 5, 15, 12, 6
1, 500, 13.0, 0.0, 13.0, 0.0, 'LTO0PF', 309, 419, 24, 64, 102, 9, 1, 18, 29, 1
1, 500, 20.0, 0.0, 20.0, 0.0, '8W68H5', 319, 380, 16, 72, 98, 13, 4, 9, 23, 1
1, 500, 23.0, 0.0, 23.0, 0.0, 'QZEXDM', 306, 406, 26, 69, 91, 8, 4, 17, 18, 2
1, 500, 26.0, 0.0, 26.0, 0.0, 'V32D2Z', 309, 406, 26, 81, 114, 12, 2, 20, 35, 12
1, 500, 12.0, 0.0, 12.0, 0.0, 'EJ5UTR', 305, 410, 21, 85, 93.50000000000001, 14, 5, 16, 17, 1
1, 500, 30.0, 0.0, 30.0, 0.0, 'CG8PTR', 282, 390, 7, 56, 102, 5, 8, 8, 5, 9
1, 500, 25.0, 0.0, 25.0, 0.0, '8JAU0V', 295, 390, 24, 68, 92, 11, 1, 8, 33, 19
1, 500, 241.0, 0.0, 241.0, 0.0, 'UFQSWF', 289, 414, 11, 61, 93, 5, 1, 17, 10, 15
1, 500, 38.0, 0.0, 38.0, 0.0, 'OZ4SRE', 306, 374, 18, 72, 90, 7, 6, 21, 19, 7
1, 500, 12.0, 0.0, 12.0, 0.0, 'MRVOBQ', 301, 379, 21, 74, 103, 21, 5, 6, 40, 12
1, 500, 32.0, 0.0, 32.0, 0.0, 'MF274L', 319, 401, 22, 73, 99, 13, 2, 21, 19, 26
1, 500, 38.0, 0.0, 38.0, 0.0, '6F1YHG', 306, 412, 17, 75, 90, 17, 2, 15, 47, 9
1, 500, 32.0, 0.0, 32.0, 0.0, 'LVHHTV', 308, 405, 16, 81, 107, 17, 1, 16, 26, 11
1, 500, 15.0, 0.0, 15.0, 0.0, 'OZLOFG', 289, 393, 25, 67, 100, 11, 1, 15, 18, 4
1, 500, 24.0, 0.0, 24.0, 0.0, 'I04T19', 301, 411, 19, 83, 92, 6, 2, 21, 5, 1
1, 500, 83.0, 0.0, 83.0, 0.0, 'BIFTTO', 292, 414, 25, 68, 82, 10, 3, 16, 29, 9
1, 500, 37.0, 0.0, 37.0, 0.0, 'TTA1NN', 301, 382, 15, 70, 94, 14, 3, 22, 21, 11
1, 500, 27.0, 0.0, 27.0, 0.0, 'QEE1GT', 305, 411, 25, 72, 116, 5, 4, 17, 24, 1
1, 500, 101.0, 0.0, 101.0, 0.0, 'OTFEEH', 298, 414, 23, 63, 103, 5, 3, 20, 33, 20
1, 500, 24.0, 0.0, 24.0, 0.0, '55PONG', 285, 382, 21, 79, 86.9, 5, 2, 14, 20, 8
1, 500, 54.0, 0.0, 54.0, 0.0, 'GXDTSC', 299, 392, 14, 60, 107, 13, 6, 10, 36, 14
1, 500, 48.0, 0.0, 48.0, 0.0, '3D63XL', 307, 414, 21, 88, 96.80000000000001, 7, 8, 6, 33, 3
1, 500, 29.0, 0.0, 29.0, 0.0, 'G2A9CF', 270, 414, 21, 42, 108, 10, 1, 7, 18, 8
1, 500, 23.0, 0.0, 23.0, 0.0, 'OZE2Z2', 305, 403, 17, 60, 75, 5, 2, 20, 36, 1
1, 500, 19.0, 0.0, 19.0, 0.0, 'F9UOMX', 291, 365, 19, 54, 92, 11, 1, 17, 29, 1
1, 500, 16.0, 0.0, 16.0, 0.0, '450Q4M', 295, 397, 24, 54, 101, 18, 2, 8, 28, 32
1, 500, 53.0, 0.0, 53.0, 0.0, '0XO346', 289, 403, 23, 74, 91, 13, 1, 13, 32, 18
1, 500, 33.0, 0.0, 33.0, 0.0, 'EIEK7I', 300, 394, 20, 74, 93, 9, 5, 17, 28, 1
1, 500, 13.0, 0.0, 13.0, 0.0, 'BRI12J', 308, 409, 27, 64, 93, 7, 1, 21, 22, 5
1, 500, 65.0, 0.0, 65.0, 0.0, 'G7595J', 301, 406, 21, 59, 109, 7, 5, 16, 17, 1
1, 500, 20.0, 0.0, 20.0, 0.0, 'DWAVXV', 273, 381, 22, 62, 85, 5, 6, 10, 9, 4
1, 500, 11.0, 0.0, 11.0, 0.0, '4SM0DL', 290, 417, 21, 62, 82, 13, 1, 13, 14, 12
1, 500, 41.0, 0.0, 41.0, 0.0, 'YCJLON', 298, 402, 27, 71, 99, 20, 4, 9, 35, 34
1, 500, 40.0, 0.0, 40.0, 0.0, 'JXVC0C', 298, 382, 18, 64, 116, 9, 1, 10, 26, 9
1, 500, 188.0, 0.0, 188.0, 0.0, 'HU11FX', 301, 402, 21, 66, 109, 6, 1, 12, 11, 19
1, 500, 122.0, 0.0, 122.0, 0.0, 'SJFMVL', 302, 393, 22, 75, 92, 9, 7, 23, 21, 21
1, 500, 130.0, 0.0, 130.0, 0.0, '7U17LZ', 307, 406, 20, 85, 100, 5, 1, 13, 34, 10
1, 500, 30.0, 0.0, 30.0, 0.0, '7PVRDA', 290, 403, 23, 68, 103, 5, 2, 16, 44, 1
1, 500, 149.0, 0.0, 149.0, 0.0, 'NIFALR', 301, 404, 14, 58, 89, 5, 1, 13, 36, 22
1, 500, 56.0, 0.0, 56.0, 0.0, 'IJWH9N', 295, 416, 21, 54, 86, 5, 4, 9, 37, 7
1, 500, 106.0, 0.0, 106.0, 0.0, '8YW6GH', 289, 428, 13, 62, 93, 8, 4, 22, 22, 9
1, 500, 36.0, 0.0, 36.0, 0.0, 'EFBT65', 300, 426, 12, 52, 100, 9, 1, 13, 27, 3
1, 500, 38.0, 0.0, 38.0, 0.0, 'AB75ZU', 290, 402, 19, 80, 101, 11, 8, 25, 17, 5
1, 500, 32.0, 0.0, 32.0, 0.0, '0YRS10', 295, 401, 21, 66, 98, 14, 3, 14, 18, 11
1, 500, 15.0, 0.0, 15.0, 0.0, 'LX2Y01', 311, 398, 9, 55, 122, 17, 1, 14, 23, 7
1, 500, 72.0, 0.0, 72.0, 0.0, 'D1RQJ3', 314, 402, 15, 71, 96, 5, 5, 16, 41, 10
1, 500, 13.0, 0.0, 13.0, 0.0, '0THFJB', 314, 386, 23, 70, 106, 10, 1, 11, 18, 21
1, 500, 24.0, 0.0, 24.0, 0.0, '3STM3D', 295, 400, 21, 63, 101, 6, 4, 5, 11, 5
1, 500, 13.0, 0.0, 13.0, 0.0, 'MKDF3W', 313, 370, 21, 64, 97, 8, 1, 8, 38, 11
1, 500, 203.0, 0.0, 203.0, 0.0, 'GM739J', 305, 384, 18, 62, 92, 9, 7, 14, 31, 19
1, 500, 13.0, 0.0, 13.0, 0.0, 'FQWL19', 289, 391, 21, 70, 115, 11, 7, 9, 20, 6
1, 500, 17.0, 0.0, 17.0, 0.0, '0VLBMT', 290, 426, 24, 74, 93, 10, 1, 21, 11, 10
1, 500, 16.0, 0.0, 16.0, 0.0, '4K3XQ8', 312, 385, 30, 79, 106, 7, 1, 12, 12, 3
1, 500, 160.0, 0.0, 160.0, 0.0, 'TPYFM9', 307, 411, 14, 60, 120, 15, 1, 8, 26, 10
1, 500, 20.0, 0.0, 20.0, 0.0, 'U9P46K', 300, 394, 23, 67, 86, 12, 4, 15, 34, 1
1, 500, 37.0, 0.0, 37.0, 0.0, '00V4O9', 298, 392, 25, 71, 106, 5, 4, 9, 27, 6
1, 500, 16.0, 0.0, 16.0, 0.0, 'CK2B0Y', 284, 394, 27, 83, 91.30000000000001, 9, 1, 11, 17, 4
1, 500, 59.0, 0.0, 59.0, 0.0, '0OZYFR', 313, 371, 27, 78, 89, 9, 3, 12, 16, 15
1, 500, 69.0, 0.0, 69.0, 0.0, 'KEL4T0', 294, 394, 16, 83, 113, 11, 4, 15, 23, 17
1, 500, 248.0, 0.0, 248.0, 0.0, '34973K', 278, 386, 17, 60, 97, 11, 2, 25, 21, 25
1, 500, 74.0, 0.0, 74.0, 0.0, 'M02CKC', 307, 375, 16, 92, 101.2, 9, 3, 12, 24, 13
1, 500, 12.0, 0.0, 12.0, 0.0, '9LY8YZ', 308, 398, 22, 70, 93, 12, 2, 1, 41, 25
1, 500, 31.0, 0.0, 31.0, 0.0, 'FBQUT1', 305, 433, 16, 68, 81, 6, 2, 14, 14, 3
1, 500, 160.0, 0.0, 160.0, 0.0, 'TOHLR0', 318, 428, 24, 74, 110, 7, 4, 12, 18, 16
1, 500, 68.0, 0.0, 68.0, 0.0, '06EGL4', 293, 385, 7, 65, 100, 5, 5, 7, 13, 34
1, 500, 23.0, 0.0, 23.0, 0.0, 'H8AJ1M', 298, 395, 23, 50, 94, 15, 1, 15, 39, 27
1, 500, 61.0, 0.0, 61.0, 0.0, 'N2ME10', 304, 425, 25, 52, 82, 13, 1, 9, 18, 21
1, 500, 31.0, 0.0, 31.0, 0.0, 'A78MR6', 310, 396, 19, 86, 98, 8, 5, 12, 26, 8
1, 500, 174.0, 0.0, 174.0, 0.0, 'ICP29M', 301, 381, 19, 72, 94, 14, 6, 16, 26, 33
1, 500, 81.0, 0.0, 81.0, 0.0, 'S0DY87', 302, 416, 9, 85, 109, 12, 1, 17, 25, 4
1, 500, 335.0, 0.0, 335.0, 0.0, 'P2P83S', 299, 415, 19, 76, 83.60000000000001, 7, 1, 11, 42, 19
1, 500, 14.0, 0.0, 14.0, 0.0, 'EKKYEH', 298, 383, 13, 55, 88, 12, 9, 14, 24, 9
1, 500, 30.0, 0.0, 30.0, 0.0, 'L8WMHF', 290, 439, 14, 55, 112, 6, 4, 19, 45, 1
1, 500, 63.0, 0.0, 63.0, 0.0, 'LX3UQ9', 303, 403, 30, 76, 93, 10, 6, 18, 8, 22
1, 500, 112.0, 0.0, 112.0, 0.0, 'NKSNY7', 290, 384, 21, 57, 101, 5, 1, 8, 36, 10
1, 500, 156.0, 0.0, 156.0, 0.0, 'OCHKFM', 293, 404, 16, 82, 107, 5, 3, 19, 27, 18
1, 500, 13.0, 0.0, 13.0, 0.0, 'ZB8G69', 302, 392, 20, 82, 102, 11, 4, 19, 8, 6
1, 500, 40.0, 0.0, 40.0, 0.0, '7RA7QM', 300, 414, 12, 73, 80.30000000000001, 5, 5, 17, 22, 1
1, 500, 14.0, 0.0, 14.0, 0.0, '8HA6RR', 297, 368, 25, 62, 103, 16, 4, 11, 17, 5
1, 500, 16.0, 0.0, 16.0, 0.0, '1TNJ7J', 309, 378, 18, 68, 98, 16, 2, 17, 8, 1
1, 500, 25.0, 0.0, 25.0, 0.0, 'M8Q9O5', 309, 410, 22, 72, 111, 11, 1, 11, 35, 24
1, 500, 19.0, 0.0, 19.0, 0.0, 'SIQ6KB', 316, 407, 20, 68, 122, 14, 3, 14, 16, 7
1, 500, 18.0, 0.0, 18.0, 0.0, 'BJCMTH', 292, 402, 13, 70, 95, 11, 1, 3, 24, 1
1, 500, 63.0, 0.0, 63.0, 0.0, 'XXYQ22', 308, 387, 19, 76, 101, 14, 9, 15, 19, 12
1, 500, 41.0, 0.0, 41.0, 0.0, 'F69W4V', 294, 387, 31, 71, 105, 8, 3, 16, 23, 13
1, 500, 164.0, 0.0, 164.0, 0.0, '9DD55L', 298, 399, 20, 49, 100, 5, 2, 9, 39, 19
1, 500, 28.0, 0.0, 28.0, 0.0, 'M2LKOB', 287, 421, 26, 76, 89, 8, 4, 20, 45, 1
1, 500, 22.0, 0.0, 22.0, 0.0, 'RZXMNT', 287, 353, 19, 61, 110, 9, 1, 20, 26, 2
1, 500, 17.0, 0.0, 17.0, 0.0, 'HBTSE9', 297, 391, 19, 79, 110, 16, 2, 25, 12, 4
1, 500, 284.0, 0.0, 284.0, 0.0, 'CXTGJN', 304, 378, 17, 62, 93, 9, 2, 13, 20, 20
1, 500, 7.0, 0.0, 7.0, 0.0, 'JJO2OD', 303, 387, 18, 91, 100.10000000000001, 5, 7, 6, 36, 18
1, 500, 4.0, 0.0, 4.0, 0.0, '6BZQJI', 291, 393, 16, 59, 100, 15, 2, 1, 44, 5
1, 500, 13.0, 0.0, 13.0, 0.0, 'NF9CGB', 312, 397, 12, 67, 104, 12, 1, 21, 39, 1
1, 500, 32.0, 0.0, 32.0, 0.0, '0JC52K', 309, 402, 25, 73, 96, 13, 1, 13, 17, 29
1, 500, 22.0, 0.0, 22.0, 0.0, 'D1KPLO', 294, 401, 20, 66, 91, 5, 3, 20, 41, 1
1, 500, 20.0, 0.0, 20.0, 0.0, 'FB2SUC', 285, 418, 18, 48, 128, 5, 1, 18, 22, 12
1, 500, 11.0, 0.0, 11.0, 0.0, 'KKBV3C', 291, 395, 25, 68, 103, 11, 1, 16, 5, 1
1, 500, 23.0, 0.0, 23.0, 0.0, 'ABB8WE', 298, 385, 19, 75, 100, 5, 4, 12, 12, 1
1, 500, 34.0, 0.0, 34.0, 0.0, '3DPIZ0', 304, 425, 24, 75, 85, 9, 1, 14, 27, 16
1, 500, 41.0, 0.0, 41.0, 0.0, 'TVKI4L', 295, 421, 13, 61, 80, 12, 2, 7, 11, 5
1, 500, 16.0, 0.0, 16.0, 0.0, 'L2X1Y5', 303, 378, 22, 67, 73.7, 11, 1, 12, 10, 6
1, 500, 46.0, 0.0, 46.0, 0.0, 'Z79NRA', 300, 414, 16, 77, 102, 11, 4, 17, 38, 16
1, 500, 17.0, 0.0, 17.0, 0.0, '08WPDA', 309, 415, 22, 73, 111, 5, 1, 14, 27, 1
1, 500, 214.0, 0.0, 214.0, 0.0, 'WGHW8X', 300, 392, 13, 68, 89, 11, 1, 12, 25, 28
1, 500, 46.0, 0.0, 46.0, 0.0, 'PX5B2G', 280, 388, 18, 71, 84, 6, 6, 16, 34, 8
1, 500, 32.0, 0.0, 32.0, 0.0, 'FDY11W', 287, 393, 20, 77, 116, 8, 1, 10, 15, 13
1, 500, 26.0, 0.0, 26.0, 0.0, 'VJFRSF', 292, 411, 26, 62, 100, 5, 6, 16, 26, 1
1, 500, 40.0, 0.0, 40.0, 0.0, 'F8BCK3', 298, 433, 25, 66, 96, 14, 3, 18, 28, 14
1, 500, 21.0, 0.0, 21.0, 0.0, 'I4A66I', 306, 378, 27, 68, 92, 15, 2, 11, 22, 3
1, 500, 25.0, 0.0, 25.0, 0.0, '09017B', 292, 442, 17, 58, 97, 9, 1, 10, 41, 12
1, 500, 18.0, 0.0, 18.0, 0.0, '4HQACF', 316, 401, 20, 80, 109, 19, 1, 20, 37, 21
1, 500, 12.0, 0.0, 12.0, 0.0, '67HT2B', 303, 414, 19, 68, 99, 13, 1, 13, 29, 12
1, 500, 182.0, 0.0, 182.0, 0.0, 'QJKQF4', 301, 411, 16, 65, 98, 14, 2, 19, 23, 23
1, 500, 48.0, 0.0, 48.0, 0.0, 'YTUKAN', 298, 405, 25, 75, 92, 5, 4, 11, 33, 17
1, 500, 105.0, 0.0, 105.0, 0.0, '8284DR', 289, 385, 28, 78, 90, 10, 1, 12, 41, 19
1, 500, 46.0, 0.0, 46.0, 0.0, 'X67SU1', 301, 401, 24, 75, 93, 6, 4, 13, 13, 5
1, 500, 13.0, 0.0, 13.0, 0.0, 'SJ0BES', 299, 404, 28, 72, 112, 13, 3, 19, 41, 11
1, 500, 19.0, 0.0, 19.0, 0.0, 'KTVDDH', 303, 387, 19, 77, 111, 15, 5, 20, 31, 14
1, 500, 103.0, 0.0, 103.0, 0.0, 'DMT3L5', 292, 406, 23, 57, 111, 12, 10, 12, 33, 26
1, 500, 77.0, 0.0, 77.0, 0.0, 'F90JD5', 308, 416, 15, 62, 99, 5, 1, 13, 16, 10
1, 500, 63.0, 0.0, 63.0, 0.0, 'V808C8', 312, 410, 19, 76, 93, 9, 3, 21, 40, 12
1, 500, 72.0, 0.0, 72.0, 0.0, 'BCV1Y1', 309, 401, 19, 68, 83, 5, 7, 9, 24, 7
1, 500, 18.0, 0.0, 18.0, 0.0, 'BRW83X', 278, 416, 26, 64, 86, 11, 6, 13, 43, 4
1, 500, 129.0, 0.0, 129.0, 0.0, 'GW2M1S', 296, 389, 13, 74, 106, 12, 11, 18, 19, 35
1, 500, 38.0, 0.0, 38.0, 0.0, 'PR8UJ7', 313, 394, 21, 73, 90, 10, 3, 15, 28, 12
1, 500, 30.0, 0.0, 30.0, 0.0, 'ZPE9RC', 307, 377, 12, 86, 94.60000000000001, 9, 5, 17, 26, 10
1, 500, 33.0, 0.0, 33.0, 0.0, '3NUQ5Q', 302, 399, 25, 66, 108, 17, 2, 16, 35, 1
1, 500, 85.0, 0.0, 85.0, 0.0, '89H47R', 307, 387, 15, 78, 109, 16, 7, 15, 35, 11
1, 500, 15.0, 0.0, 15.0, 0.0, 'KVMPIY', 289, 384, 24, 72, 108, 20, 4, 21, 14, 10
1, 500, 59.0, 0.0, 59.0, 0.0, 'Q52KIO', 304, 394, 10, 64, 90, 10, 5, 13, 6, 1
1, 500, 36.0, 0.0, 36.0, 0.0, '4GMGTF', 327, 416, 17, 59, 110, 8, 3, 30, 15, 10
1, 500, 15.0, 0.0, 15.0, 0.0, 'IX1M0W', 293, 377, 21, 58, 100, 12, 3, 14, 28, 5
1, 500, 450.0, 0.0, 450.0, 0.0, '9KC3MH', 291, 411, 20, 70, 100, 13, 2, 17, 33, 14
1, 500, 103.0, 0.0, 103.0, 0.0, 'A5QV56', 300, 410, 15, 63, 93, 5, 2, 18, 17, 7
1, 500, 20.0, 0.0, 20.0, 0.0, 'D67FHJ', 301, 401, 25, 78, 112, 6, 2, 11, 14, 1
1, 500, 19.0, 0.0, 19.0, 0.0, 'ECRQZ6', 302, 401, 28, 65, 109, 5, 1, 23, 27, 1
1, 500, 168.0, 0.0, 168.0, 0.0, 'ASX9IM', 286, 408, 11, 74, 90, 8, 1, 16, 13, 18
1, 500, 34.0, 0.0, 34.0, 0.0, 'G1AQRP', 305, 398, 15, 75, 83, 5, 9, 16, 17, 4
1, 500, 12.0, 0.0, 12.0, 0.0, '2CNROA', 306, 391, 19, 78, 85.80000000000001, 5, 1, 14, 14, 1
1, 500, 178.0, 0.0, 178.0, 0.0, '9ETZ20', 292, 391, 16, 75, 107, 13, 7, 17, 35, 19
1, 500, 28.0, 0.0, 28.0, 0.0, '833OBM', 295, 405, 20, 72, 90, 9, 1, 17, 24, 2
1, 500, 16.0, 0.0, 16.0, 0.0, 'OKKN6O', 299, 392, 23, 69, 101, 7, 1, 25, 13, 19
1, 500, 16.0, 0.0, 16.0, 0.0, 'PL7P7H', 297, 393, 25, 71, 108, 15, 2, 21, 24, 1
1, 500, 27.0, 0.0, 27.0, 0.0, 'OLV42N', 304, 404, 24, 61, 110, 7, 3, 25, 27, 1
1, 500, 19.0, 0.0, 19.0, 0.0, 'IJKYB2', 301, 375, 16, 73, 102, 17, 1, 20, 26, 8
1, 500, 475.0, 0.0, 475.0, 0.0, 'CPHCX7', 305, 396, 20, 60, 104, 17, 1, 12, 26, 18
1, 500, 8.0, 0.0, 8.0, 0.0, '3WDVOV', 316, 370, 17, 61, 109, 20, 5, 7, 16, 21
1, 500, 50.0, 0.0, 50.0, 0.0, 'MXWX5O', 287, 392, 25, 65, 102, 5, 1, 14, 32, 7
1, 500, 54.0, 0.0, 54.0, 0.0, 'JHHCSH', 307, 411, 21, 66, 87, 6, 5, 10, 34, 1
1, 500, 87.0, 0.0, 87.0, 0.0, 'T7BCCI', 286, 415, 20, 69, 83, 5, 4, 21, 26, 16
1, 500, 23.0, 0.0, 23.0, 0.0, 'KL0B8Y', 301, 370, 25, 58, 83, 11, 2, 20, 26, 10
1, 500, 37.0, 0.0, 37.0, 0.0, '75I04A', 301, 416, 23, 85, 111, 12, 2, 9, 30, 15
1, 500, 10.0, 0.0, 10.0, 0.0, 'MPI388', 305, 388, 24, 68, 86, 11, 1, 10, 7, 1
1, 500, 28.0, 0.0, 28.0, 0.0, 'EAGJFP', 299, 397, 21, 77, 85, 5, 1, 13, 30, 23
1, 500, 15.0, 0.0, 15.0, 0.0, 'DUCG7E', 330, 409, 25, 61, 106, 9, 2, 12, 23, 10
1, 500, 31.0, 0.0, 31.0, 0.0, '7ZJDX1', 304, 387, 15, 80, 92, 7, 6, 22, 45, 1
1, 500, 385.0, 0.0, 385.0, 0.0, '2BUTMY', 297, 416, 15, 68, 102, 7, 1, 19, 19, 27
1, 500, 121.0, 0.0, 121.0, 0.0, 'FVWO96', 285, 390, 19, 74, 107, 15, 2, 24, 29, 25
1, 500, 93.0, 0.0, 93.0, 0.0, 'F0SFNS', 301, 439, 18, 47, 99, 8, 3, 20, 13, 19
1, 500, 22.0, 0.0, 22.0, 0.0, 'AERPRI', 300, 379, 21, 54, 109, 9, 5, 5, 18, 3
1, 500, 120.0, 0.0, 120.0, 0.0, 'W95IIB', 308, 377, 10, 66, 99, 8, 3, 12, 13, 15
1, 500, 151.0, 0.0, 151.0, 0.0, 'VMTMTO', 287, 407, 13, 69, 117, 8, 3, 15, 5, 11
1, 500, 20.0, 0.0, 20.0, 0.0, 'PP3JH3', 287, 392, 26, 83, 101, 18, 7, 14, 34, 4
1, 500, 21.0, 0.0, 21.0, 0.0, 'BVJY4V', 277, 399, 24, 47, 100, 7, 1, 18, 13, 9
1, 500, 10.0, 0.0, 10.0, 0.0, 'DB46IN', 293, 396, 17, 80, 107, 19, 3, 14, 24, 1
1, 500, 19.0, 0.0, 19.0, 0.0, 'AO62K8', 306, 399, 29, 74, 121, 13, 2, 19, 17, 11
1, 500, 23.0, 0.0, 23.0, 0.0, 'IFIPQQ', 317, 412, 25, 74, 83, 11, 8, 12, 19, 6
1, 500, 210.0, 0.0, 210.0, 0.0, '9CTURM', 290, 413, 18, 74, 110, 7, 1, 24, 20, 15
1, 500, 21.0, 0.0, 21.0, 0.0, '0BM0DC', 301, 395, 18, 71, 110, 10, 1, 2, 5, 1
1, 500, 12.0, 0.0, 12.0, 0.0, '82Z26S', 316, 398, 25, 52, 88, 14, 5, 18, 30, 10
1, 500, 43.0, 0.0, 43.0, 0.0, 'W6SI3F', 306, 419, 21, 68, 84, 20, 6, 22, 38, 14
1, 500, 213.0, 0.0, 213.0, 0.0, 'HNXBV1', 291, 404, 25, 77, 89, 5, 5, 14, 8, 29
1, 500, 112.0, 0.0, 112.0, 0.0, '3ZE67L', 285, 429, 18, 59, 89, 5, 4, 13, 22, 16
1, 500, 53.0, 0.0, 53.0, 0.0, 'IGW7PN', 303, 405, 20, 65, 90, 14, 8, 16, 35, 8
1, 500, 49.0, 0.0, 49.0, 0.0, 'G7EO6F', 307, 386, 21, 79, 86.9, 10, 2, 10, 29, 18
1, 500, 13.0, 0.0, 13.0, 0.0, 'ZLATGH', 294, 386, 22, 55, 102, 9, 1, 27, 37, 1
1, 500, 21.0, 0.0, 21.0, 0.0, 'C0IXMB', 306, 390, 12, 57, 88, 12, 1, 29, 11, 6
1, 500, 16.0, 0.0, 16.0, 0.0, 'Q7GR2Q', 307, 388, 20, 48, 102, 5, 2, 22, 8, 1
1, 500, 192.0, 0.0, 192.0, 0.0, 'LTZW1X', 297, 397, 16, 80, 94, 13, 5, 16, 18, 11
1, 500, 91.0, 0.0, 91.0, 0.0, 'DM9FEJ', 301, 369, 15, 69, 100, 11, 9, 18, 32, 17
1, 500, 69.0, 0.0, 69.0, 0.0, 'OG96ZD', 302, 406, 22, 89, 98, 11, 11, 12, 40, 12
1, 500, 25.0, 0.0, 25.0, 0.0, 'JEMSNI', 283, 389, 23, 75, 104, 11, 4, 18, 35, 10
1, 500, 118.0, 0.0, 118.0, 0.0, 'IM94HS', 301, 409, 17, 69, 89, 5, 4, 24, 44, 17
1, 500, 21.0, 0.0, 21.0, 0.0, 'A41AV4', 313, 394, 15, 56, 106, 8, 1, 19, 1, 23
1, 500, 76.0, 0.0, 76.0, 0.0, 'O2DZ25', 300, 415, 22, 57, 105, 13, 4, 11, 32, 12
1, 500, 18.0, 0.0, 18.0, 0.0, 'G0CYRP', 300, 388, 18, 52, 115, 11, 6, 12, 30, 2
1, 500, 108.0, 0.0, 108.0, 0.0, 'ULTYIU', 308, 383, 15, 93, 115, 7, 3, 16, 29, 3
1, 500, 237.0, 0.0, 237.0, 0.0, 'ZX2R4P', 297, 383, 15, 65, 99, 12, 4, 17, 20, 32
1, 500, 249.0, 0.0, 249.0, 0.0, 'A99F8T', 309, 396, 21, 63, 97, 9, 4, 22, 28, 11
1, 500, 40.0, 0.0, 40.0, 0.0, 'H7ZFYH', 307, 392, 19, 74, 102, 8, 5, 10, 46, 2
1, 500, 40.0, 0.0, 40.0, 0.0, '67EPAK', 300, 409, 23, 86, 94.60000000000001, 8, 3, 14, 21, 19
1, 500, 41.0, 0.0, 41.0, 0.0, 'Q41OJI', 313, 397, 15, 81, 98, 5, 1, 17, 23, 15
1, 500, 117.0, 0.0, 117.0, 0.0, '12NGF6', 317, 408, 17, 66, 117, 18, 8, 22, 35, 27
1, 500, 80.0, 0.0, 80.0, 0.0, 'G10A2F', 307, 381, 15, 74, 99, 16, 1, 17, 42, 7
1, 500, 29.0, 0.0, 29.0, 0.0, '0GWGDG', 310, 400, 24, 66, 93, 10, 1, 8, 36, 15
1, 500, 24.0, 0.0, 24.0, 0.0, 'KHSRH7', 287, 407, 24, 89, 107, 9, 5, 20, 28, 3
1, 500, 24.0, 0.0, 24.0, 0.0, 'M20PLL', 316, 387, 23, 88, 101, 12, 6, 17, 24, 4
1, 500, 23.0, 0.0, 23.0, 0.0, '6Q7OUG', 308, 382, 23, 78, 85.80000000000001, 6, 2, 26, 28, 10
1, 500, 500.0, 0.0, 500.0, 0.0, 'ENMKOM', 300, 423, 15, 57, 103, 5, 4, 21, 31, 19
1, 500, 104.0, 0.0, 104.0, 0.0, '0F2319', 300, 400, 25, 82, 104, 5, 1, 18, 10, 13
1, 500, 75.0, 0.0, 75.0, 0.0, 'BS4AYB', 300, 399, 18, 81, 101, 5, 4, 10, 32, 1
1, 500, 27.0, 0.0, 27.0, 0.0, 'BVOOSB', 300, 373, 25, 68, 79, 5, 3, 9, 51, 11
1, 500, 21.0, 0.0, 21.0, 0.0, 'SHWDCK', 291, 384, 24, 58, 95, 10, 7, 24, 27, 5
1, 500, 15.0, 0.0, 15.0, 0.0, 'RU3R79', 306, 410, 22, 73, 104, 10, 7, 5, 26, 23
1, 500, 42.0, 0.0, 42.0, 0.0, '143Q6E', 306, 390, 16, 76, 85, 5, 1, 11, 31, 1
1, 500, 19.0, 0.0, 19.0, 0.0, 'O04STK', 297, 393, 9, 72, 104, 6, 7, 16, 14, 7
1, 500, 27.0, 0.0, 27.0, 0.0, 'J4N80M', 290, 417, 17, 62, 111, 12, 7, 16, 23, 8
1, 500, 82.0, 0.0, 82.0, 0.0, 'XFZWHJ', 299, 413, 11, 67, 99, 15, 1, 13, 5, 11
1, 500, 25.0, 0.0, 25.0, 0.0, 'OGGNY7', 301, 404, 18, 71, 108, 8, 1, 14, 17, 1
1, 500, 39.0, 0.0, 39.0, 0.0, '9J5JIK', 312, 411, 16, 62, 112, 12, 2, 8, 35, 4
1, 500, 100.0, 0.0, 100.0, 0.0, 'JFDH6B', 304, 410, 13, 81, 89.10000000000001, 9, 1, 11, 32, 1
1, 500, 142.0, 0.0, 142.0, 0.0, '2YARQA', 298, 426, 10, 53, 108, 14, 1, 21, 31, 13
1, 500, 18.0, 0.0, 18.0, 0.0, 'GTIMQ3', 295, 359, 17, 60, 90, 5, 8, 25, 17, 2
1, 500, 31.0, 0.0, 31.0, 0.0, 'IT5BFQ', 300, 405, 18, 81, 118, 14, 2, 11, 17, 1
1, 500, 78.0, 0.0, 78.0, 0.0, 'W60DDQ', 296, 383, 16, 74, 97, 7, 5, 16, 19, 31
