1, 500, 21.0, 0.0, 21.0, 0.0, 'DICDGZ', 301, 374, 24, 79, 114, 16, 3, 15, 22, 2
1, 500, 38.0, 0.0, 38.0, 0.0, 'Z5AQI2', 292, 385, 25, 68, 98, 5, 4, 13, 13, 21
1, 500, 35.0, 0.0, 35.0, 0.0, 'DJZWLQ', 304, 390, 16, 82, 100, 16, 7, 16, 36, 8
1, 500, 63.0, 0.0, 63.0, 0.0, 'EOXHPL', 291, 381, 28, 86, 94.60000000000001, 6, 1, 14, 20, 13
1, 500, 17.0, 0.0, 17.0, 0.0, 'WIIBN7', 290, 388, 13, 75, 116, 15, 1, 18, 11, 1
1, 500, 114.0, 0.0, 114.0, 0.0, 'T42HM7', 304, 393, 25, 72, 102, 12, 5, 19, 26, 34
1, 500, 81.0, 0.0, 81.0, 0.0, '2N5CNY', 311, 424, 15, 58, 96, 7, 1, 24, 27, 9
1, 500, 35.0, 0.0, 35.0, 0.0, '1T9VSM', 286, 433, 27, 74, 112, 11, 4, 16, 14, 23
1, 500, 173.0, 0.0, 173.0, 0.0, 'FPE6FO', 304, 417, 11, 77, 97, 10, 1, 12, 9, 26
1, 500, 171.0, 0.0, 171.0, 0.0, 'PTXB4H', 303, 412, 12, 62, 106, 6, 4, 14, 36, 9
1, 500, 17.0, 0.0, 17.0, 0.0, 'GS9KLO', 294, 395, 13, 74, 104, 12, 1, 20, 1, 17
1, 500, 12.0, 0.0, 12.0, 0.0, 'ASDV7E', 315, 425, 15, 73, 99, 20, 3, 19, 13, 1
1, 500, 26.0, 0.0, 26.0, 0.0, 'YDNKCR', 312, 390, 21, 78, 95, 6, 1, 22, 4, 9
1, 500, 23.0, 0.0, 23.0, 0.0, 'Z4YFFF', 286, 404, 15, 63, 86, 7, 1, 15, 36, 1
1, 500, 22.0, 0.0, 22.0, 0.0, '5FH00P', 308, 417, 27, 59, 88, 9, 1, 11, 23, 5
1, 500, 20.0, 0.0, 20.0, 0.0, 'MRNS0M', 288, 374, 25, 73, 105, 11, 1, 8, 21, 17
1, 500, 41.0, 0.0, 41.0, 0.0, '9HLVMG', 291, 405, 19, 80, 90, 10, 2, 14, 37, 9
1, 500, 13.0, 0.0, 13.0, 0.0, '206Q66', 295, 396, 19, 64, 103, 9, 1, 9, 25, 1
1, 500, 94.0, 0.0, 94.0, 0.0, '4KKHGU', 308, 383, 16, 64, 88, 5, 1, 16, 10, 14
1, 500, 108.0, 0.0, 108.0, 0.0, 'UG5NAX', 302, 406, 14, 83, 91.30000000000001, 10, 2, 18, 24, 14
1, 500, 129.0, 0.0, 129.0, 0.0, 'SS46EP', 298, 382, 20, 62, 104, 18, 6, 18, 23, 16
1, 500, 7.0, 0.0, 7.0, 0.0, 'YGGUQI', 301, 419, 25, 83, 91.30000000000001, 19, 6, 15, 3, 12
1, 500, 190.0, 0.0, 190.0, 0.0, '35JVY2', 296, 411, 14, 70, 92, 10, 5, 17, 40, 14
1, 500, 23.0, 0.0, 23.0, 0.0, '9BN5MT', 302, 376, 22, 70, 103, 15, 2, 17, 48, 5
1, 500, 39.0, 0.0, 39.0, 0.0, 'A7AAKZ', 299, 400, 22, 61, 92, 11, 3, 10, 58, 10
1, 500, 106.0, 0.0, 106.0, 0.0, 'RMIX11', 294, 406, 17, 87, 98, 8, 8, 12, 10, 5
1, 500, 45.0, 0.0, 45.0, 0.0, '9PSSKI', 329, 397, 17, 65, 118, 5, 5, 22, 22, 2
1, 500, 10.0, 0.0, 10.0, 0.0, 'X9GC8G', 292, 389, 23, 86, 111, 23, 5, 19, 24, 1
1, 500, 9.0, 0.0, 9.0, 0.0, 'VNTQTC', 303, 397, 21, 58, 97, 16, 5, 10, 19, 1
1, 500, 35.0, 0.0, 35.0, 0.0, 'WXTHB3', 295, 392, 12, 69, 90, 13, 4, 8, 36, 4
1, 500, 500.0, 0.0, 500.0, 0.0, '6WK300', 278, 424, 22, 53, 106, 13, 7, 14, 26, 19
1, 500, 74.0, 0.0, 74.0, 0.0, 'IBA5G0', 299, 390, 15, 66, 102, 10, 6, 22, 32, 7
1, 500, 17.0, 0.0, 17.0, 0.0, 'L2WZXV', 315, 390, 21, 57, 86, 11, 1, 17, 35, 14
1, 500, 15.0, 0.0, 15.0, 0.0, 'NHX9SS', 310, 413, 16, 74, 120, 7, 1, 16, 1, 1
1, 500, 24.0, 0.0, 24.0, 0.0, 'RUV11E', 294, 391, 26, 65, 92, 5, 4, 15, 24, 7
1, 500, 113.0, 0.0, 113.0, 0.0, '36ERJ8', 312, 383, 16, 65, 86, 8, 4, 13, 38, 5
1, 500, 10.0, 0.0, 10.0, 0.0, 'XCQM7G', 274, 372, 20, 85, 104, 7, 1, 14, 19, 7
1, 500, 7.0, 0.0, 7.0, 0.0, 'BC2R0I', 317, 417, 27, 50, 90, 18, 1, 12, 15, 10
1, 500, 19.0, 0.0, 19.0, 0.0, 'Z6WM9N', 307, 384, 25, 68, 91, 11, 1, 23, 31, 4
1, 500, 24.0, 0.0, 24.0, 0.0, '64ZTAN', 300, 388, 16, 63, 99, 5, 4, 18, 12, 2
1, 500, 22.0, 0.0, 22.0, 0.0, '9J5NY0', 296, 398, 20, 57, 100, 8, 7, 19, 19, 1
1, 500, 55.0, 0.0, 55.0, 0.0, 'SBPIFC', 293, 402, 16, 71, 105, 6, 5, 13, 42, 7
1, 500, 69.0, 0.0, 69.0, 0.0, 'W7CHZE', 299, 413, 26, 66, 100, 7, 8, 26, 33, 11
1, 500, 20.0, 0.0, 20.0, 0.0, 'WPHOEZ', 295, 393, 26, 72, 122, 5, 4, 33, 14, 1
1, 500, 33.0, 0.0, 33.0, 0.0, 'R0UCWE', 289, 422, 16, 62, 95, 7, 6, 11, 25, 4
1, 500, 19.0, 0.0, 19.0, 0.0, 'ZQ9333', 297, 395, 20, 88, 103, 16, 1, 19, 29, 10
1, 500, 18.0, 0.0, 18.0, 0.0, 'N8RWSH', 294, 397, 28, 64, 103, 5, 11, 17, 12, 13
1, 500, 424.0, 0.0, 424.0, 0.0, 'GUUNW0', 290, 400, 17, 77, 91, 12, 1, 20, 37, 14
1, 500, 15.0, 0.0, 15.0, 0.0, 'MKGW3N', 311, 409, 20, 82, 90.2, 16, 1, 16, 17, 1
1, 500, 140.0, 0.0, 140.0, 0.0, 'VSQLFY', 292, 401, 18, 72, 100, 11, 1, 21, 20, 22
1, 500, 72.0, 0.0, 72.0, 0.0, 'Q95CL4', 298, 402, 17, 82, 103, 9, 5, 4, 19, 5
1, 500, 22.0, 0.0, 22.0, 0.0, 'OZH4PB', 308, 393, 15, 79, 97, 13, 4, 19, 25, 1
1, 500, 18.0, 0.0, 18.0, 0.0, 'P2SNRP', 302, 420, 28, 74, 106, 14, 2, 16, 30, 9
1, 500, 50.0, 0.0, 50.0, 0.0, 'QNNJRT', 298, 406, 18, 53, 80, 5, 4, 17, 23, 9
1, 500, 22.0, 0.0, 22.0, 0.0, 'L878LG', 297, 388, 19, 74, 104, 11, 4, 27, 26, 4
1, 500, 20.0, 0.0, 20.0, 0.0, 'LURRS1', 291, 405, 19, 74, 114, 15, 1, 17, 21, 2
1, 500, 36.0, 0.0, 36.0, 0.0, 'W3115R', 310, 397, 16, 79, 92, 7, 2, 5, 24, 2
1, 500, 12.0, 0.0, 12.0, 0.0, '87LADW', 310, 392, 16, 83, 92, 14, 1, 14, 19, 9
1, 500, 13.0, 0.0, 13.0, 0.0, 'SLJ797', 307, 410, 24, 72, 96, 7, 1, 14, 19, 24
1, 500, 18.0, 0.0, 18.0, 0.0, '4IE8F3', 289, 406, 17, 84, 99, 5, 1, 15, 3, 7
1, 500, 96.0, 0.0, 96.0, 0.0, 'UJ4Q8T', 298, 430, 17, 70, 106, 15, 1, 17, 40, 27
1, 500, 39.0, 0.0, 39.0, 0.0, 'BUH2LW', 288, 393, 17, 65, 116, 6, 10, 17, 27, 1
1, 500, 47.0, 0.0, 47.0, 0.0, 'BUYTAY', 296, 402, 20, 80, 88.0, 5, 1, 17, 33, 5
1, 500, 112.0, 0.0, 112.0, 0.0, 'SCB7L8', 288, 388, 21, 82, 90.2, 5, 1, 27, 33, 8
1, 500, 58.0, 0.0, 58.0, 0.0, 'IKCJWA', 303, 398, 13, 91, 100.10000000000001, 17, 2, 19, 32, 13
1, 500, 118.0, 0.0, 118.0, 0.0, '911JTE', 304, 410, 20, 60, 96, 16, 2, 9, 33, 16
1, 500, 10.0, 0.0, 10.0, 0.0, 'LOJ1FL', 307, 408, 19, 78, 117, 14, 5, 6, 9, 18
1, 500, 15.0, 0.0, 15.0, 0.0, 'X7FYM6', 296, 395, 29, 80, 114, 18, 3, 15, 32, 14
1, 500, 81.0, 0.0, 81.0, 0.0, 'AM182V', 288, 392, 18, 76, 100, 6, 5, 12, 12, 18
1, 500, 197.0, 0.0, 197.0, 0.0, 'APMMC5', 310, 394, 7, 68, 93, 15, 1, 18, 31, 20
1, 500, 23.0, 0.0, 23.0, 0.0, 'HH9Y3O', 299, 390, 17, 73, 87, 5, 4, 14, 9, 1
1, 500, 20.0, 0.0, 20.0, 0.0, '9F0XIU', 295, 419, 25, 57, 115, 5, 5, 17, 18, 1
1, 500, 35.0, 0.0, 35.0, 0.0, 'B7SXMZ', 321, 391, 21, 71, 96, 9, 1, 10, 33, 12
1, 500, 23.0, 0.0, 23.0, 0.0, 'HRTTQD', 305, 381, 13, 80, 97, 5, 1, 12, 15, 1
1, 500, 500.0, 0.0, 500.0, 0.0, 'W4L5JQ', 304, 401, 24, 81, 97, 19, 6, 24, 15, 18
1, 500, 32.0, 0.0, 32.0, 0.0, 'J11QB2', 307, 423, 11, 63, 91, 6, 4, 17, 28, 1
1, 500, 31.0, 0.0, 31.0, 0.0, '9C7SBZ', 275, 386, 20, 52, 91, 5, 1, 20, 29, 1
1, 500, 24.0, 0.0, 24.0, 0.0, 'XUY4XO', 294, 395, 17, 54, 99, 17, 1, 21, 15, 19
1, 500, 14.0, 0.0, 14.0, 0.0, 'E9L2QV', 296, 407, 16, 78, 90, 14, 4, 13, 14, 10
1, 500, 65.0, 0.0, 65.0, 0.0, 'OEEMAK', 279, 397, 20, 84, 95, 9, 1, 28, 26, 20
1, 500, 12.0, 0.0, 12.0, 0.0, 'QEQGHQ', 288, 412, 21, 80, 101, 8, 1, 20, 15, 13
1, 500, 29.0, 0.0, 29.0, 0.0, 'GW4FOR', 286, 382, 7, 70, 99, 11, 1, 21, 33, 1
1, 500, 11.0, 0.0, 11.0, 0.0, '9N7GFG', 291, 379, 22, 62, 83, 19, 1, 14, 14, 16
1, 500, 127.0, 0.0, 127.0, 0.0, 'EU2MHM', 299, 387, 17, 42, 110, 5, 6, 12, 30, 13
1, 500, 28.0, 0.0, 28.0, 0.0, 'PO3OT6', 306, 387, 13, 78, 101, 10, 1, 22, 24, 1
1, 500, 30.0, 0.0, 30.0, 0.0, 'K7AEH9', 305, 408, 16, 63, 103, 5, 1, 2, 15, 10
1, 500, 27.0, 0.0, 27.0, 0.0, 'IMVIL6', 274, 405, 25, 92, 107, 7, 5, 20, 34, 5
1, 500, 31.0, 0.0, 31.0, 0.0, 'OZEPW7', 300, 403, 18, 58, 98, 11, 8, 18, 17, 1
1, 500, 40.0, 0.0, 40.0, 0.0, 'F9TG25', 300, 384, 19, 74, 93, 6, 1, 17, 20, 14
1, 500, 26.0, 0.0, 26.0, 0.0, '7K8Q7Y', 303, 397, 17, 80, 103, 7, 3, 16, 16, 1
1, 500, 37.0, 0.0, 37.0, 0.0, 'PKJYSN', 286, 401, 12, 87, 105, 13, 6, 18, 20, 15
1, 500, 18.0, 0.0, 18.0, 0.0, 'D95SE5', 314, 421, 29, 70, 89, 12, 1, 19, 23, 15
1, 500, 89.0, 0.0, 89.0, 0.0, '0TK5CO', 309, 380, 18, 74, 105, 7, 3, 27, 2, 16
1, 500, 35.0, 0.0, 35.0, 0.0, 'IMTEKD', 291, 403, 16, 60, 100, 10, 4, 19, 27, 1
1, 500, 133.0, 0.0, 133.0, 0.0, 'NYIDQN', 305, 383, 21, 83, 107, 5, 6, 19, 41, 13
1, 500, 41.0, 0.0, 41.0, 0.0, 'U54FK0', 278, 380, 26, 80, 92, 5, 1, 6, 30, 10
1, 500, 73.0, 0.0, 73.0, 0.0, 'L9DDMX', 289, 393, 18, 65, 88, 10, 3, 22, 31, 1
1, 500, 225.0, 0.0, 225.0, 0.0, 'WG9LYX', 297, 397, 27, 75, 96, 5, 1, 8, 27, 18
1, 500, 15.0, 0.0, 15.0, 0.0, '5U3BJO', 314, 399, 23, 53, 86, 19, 1, 7, 17, 1
1, 500, 45.0, 0.0, 45.0, 0.0, 'ZIAQU8', 322, 397, 21, 77, 91, 7, 1, 15, 36, 8
1, 500, 32.0, 0.0, 32.0, 0.0, '5YVHXQ', 289, 382, 19, 62, 110, 11, 1, 11, 34, 15
1, 500, 18.0, 0.0, 18.0, 0.0, 'CR6NGO', 300, 373, 17, 76, 112, 8, 1, 13, 9, 1
1, 500, 28.0, 0.0, 28.0, 0.0, 'B095N2', 294, 396, 24, 83, 107, 7, 1, 22, 30, 4
1, 500, 41.0, 0.0, 41.0, 0.0, '8EB7EO', 289, 401, 17, 78, 94, 5, 1, 28, 35, 1
1, 500, 28.0, 0.0, 28.0, 0.0, 'SEFTRT', 297, 406, 22, 80, 101, 18, 3, 11, 40, 1
1, 500, 30.0, 0.0, 30.0, 0.0, 'QKO6H7', 297, 396, 26, 76, 95, 14, 4, 19, 17, 14
1, 500, 52.0, 0.0, 52.0, 0.0, 'KXVRY2', 290, 393, 15, 81, 102, 12, 6, 15, 30, 1
1, 500, 22.0, 0.0, 22.0, 0.0, 'UMNNJ5', 308, 389, 21, 62, 101, 16, 3, 16, 14, 13
1, 500, 52.0, 0.0, 52.0, 0.0, '1WQGB4', 300, 384, 17, 77, 95, 5, 1, 13, 35, 13
1, 500, 29.0, 0.0, 29.0, 0.0, 'TAFZ2J', 305, 392, 15, 74, 102, 19, 1, 18, 21, 16
1, 500, 53.0, 0.0, 53.0, 0.0, 'U5KFPC', 290, 410, 19, 65, 95, 9, 6, 17, 32, 1
1, 500, 500.0, 0.0, 500.0, 0.0, 'H9CM48', 307, 346, 16, 75, 97, 7, 3, 12, 29, 16
1, 500, 28.0, 0.0, 28.0, 0.0, 'QXZJN2', 296, 399, 19, 53, 100, 7, 5, 10, 1, 11
1, 500, 76.0, 0.0, 76.0, 0.0, '6HN2E2', 315, 418, 13, 61, 106, 10, 5, 23, 33, 9
1, 500, 18.0, 0.0, 18.0, 0.0, 'TB719C', 286, 411, 21, 63, 100, 19, 3, 18, 20, 4
1, 500, 39.0, 0.0, 39.0, 0.0, 'NEDD4V', 295, 401, 15, 64, 100, 7, 1, 9, 38, 13
1, 500, 26.0, 0.0, 26.0, 0.0, 'A2KYQ7', 298, 367, 16, 57, 108, 5, 1, 16, 22, 1
1, 500, 12.0, 0.0, 12.0, 0.0, 'LVIF9B', 299, 430, 20, 66, 84, 7, 2, 2, 14, 25
1, 500, 20.0, 0.0, 20.0, 0.0, 'OS6DP9', 298, 413, 17, 73, 92, 11, 8, 16, 35, 11
1, 500, 37.0, 0.0, 37.0, 0.0, 'EU3DCU', 298, 403, 20, 61, 105, 11, 1, 11, 29, 1
1, 500, 88.0, 0.0, 88.0, 0.0, 'SQ04NM', 308, 421, 22, 71, 102, 5, 1, 18, 17, 10
1, 500, 26.0, 0.0, 26.0, 0.0, '02DOBT', 287, 364, 16, 69, 89, 5, 1, 18, 34, 8
1, 500, 33.0, 0.0, 33.0, 0.0, 'BD1HWC', 308, 380, 16, 72, 95, 11, 1, 18, 39, 6
1, 500, 44.0, 0.0, 44.0, 0.0, 'NUGXFF', 310, 408, 18, 83, 97, 9, 1, 12, 29, 13
1, 500, 15.0, 0.0, 15.0, 0.0, 'ZEX1B3', 318, 369, 29, 63, 106, 12, 3, 9, 14, 7
1, 500, 112.0, 0.0, 112.0, 0.0, '8LQJZA', 296, 394, 19, 75, 102, 8, 4, 17, 21, 14
1, 500, 18.0, 0.0, 18.0, 0.0, '3YIPRJ', 285, 389, 17, 85, 101, 14, 1, 16, 11, 7
1, 500, 12.0, 0.0, 12.0, 0.0, '87W2Z8', 289, 420, 26, 64, 93, 18, 1, 17, 33, 1
1, 500, 65.0, 0.0, 65.0, 0.0, 'C5NQKR', 288, 392, 14, 70, 112, 12, 7, 18, 24, 14
1, 500, 15.0, 0.0, 15.0, 0.0, 'PPD265', 315, 395, 15, 74, 115, 14, 1, 19, 12, 3
1, 500, 9.0, 0.0, 9.0, 0.0, 'MZOT5M', 278, 412, 19, 71, 90, 19, 9, 14, 4, 18
1, 500, 20.0, 0.0, 20.0, 0.0, 'VNW863', 277, 391, 18, 78, 102, 5, 1, 15, 18, 1
1, 500, 29.0, 0.0, 29.0, 0.0, 'BQSFD3', 306, 420, 16, 72, 95, 15, 1, 8, 24, 19
1, 500, 60.0, 0.0, 60.0, 0.0, 'QVHUMB', 291, 397, 17, 81, 94, 11, 6, 14, 14, 20
1, 500, 49.0, 0.0, 49.0, 0.0, 'LR1BVY', 299, 405, 23, 87, 103, 9, 5, 10, 28, 10
1, 500, 108.0, 0.0, 108.0, 0.0, '4GWH8C', 295, 391, 14, 79, 93, 10, 1, 23, 42, 12
1, 500, 14.0, 0.0, 14.0, 0.0, 'X1Y7UY', 305, 420, 17, 87, 110, 13, 1, 16, 26, 17
1, 500, 500.0, 0.0, 500.0, 0.0, 'C2PA4Z', 311, 403, 13, 70, 102, 8, 4, 17, 27, 26
1, 500, 28.0, 0.0, 28.0, 0.0, 'L33WQX', 286, 410, 12, 89, 98, 8, 4, 17, 24, 1
1, 500, 126.0, 0.0, 126.0, 0.0, '8KT7SW', 286, 388, 18, 74, 98, 7, 1, 15, 28, 10
1, 500, 38.0, 0.0, 38.0, 0.0, 'EF7Q90', 314, 393, 13, 65, 120, 5, 1, 13, 22, 4
1, 500, 112.0, 0.0, 112.0, 0.0, 'PMY888', 298, 399, 22, 58, 86, 7, 6, 11, 29, 11
1, 500, 500.0, 0.0, 500.0, 0.0, 'LJYJOF', 299, 380, 16, 63, 84, 10, 6, 18, 38, 24
1, 500, 40.0, 0.0, 40.0, 0.0, '2S2I7O', 307, 416, 20, 83, 91.30000000000001, 6, 4, 13, 31, 1
1, 500, 43.0, 0.0, 43.0, 0.0, 'TH3H1D', 293, 411, 21, 60, 120, 9, 3, 11, 37, 13
1, 500, 29.0, 0.0, 29.0, 0.0, 'MWD32W', 280, 400, 15, 71, 102, 12, 2, 13, 26, 1
1, 500, 8.0, 0.0, 8.0, 0.0, 'XE431W', 315, 377, 14, 58, 94, 14, 3, 17, 4, 3
1, 500, 19.0, 0.0, 19.0, 0.0, 'XJOYVD', 280, 407, 24, 76, 98, 14, 9, 29, 6, 3
1, 500, 45.0, 0.0, 45.0, 0.0, 'TKYPJI', 311, 401, 19, 62, 116, 11, 5, 18, 9, 13
1, 500, 16.0, 0.0, 16.0, 0.0, 'IH1NH6', 294, 408, 19, 84, 92.4, 19, 5, 11, 5, 1
1, 500, 5.0, 0.0, 5.0, 0.0, 'PMX6FJ', 320, 394, 11, 76, 111, 17, 11, 16, 8, 9
1, 500, 152.0, 0.0, 152.0, 0.0, '9CL5IN', 290, 404, 11, 64, 104, 10, 5, 18, 31, 14
1, 500, 237.0, 0.0, 237.0, 0.0, 'PU2522', 289, 387, 15, 60, 95, 9, 6, 16, 38, 19
1, 500, 71.0, 0.0, 71.0, 0.0, 'KJ1TJW', 302, 394, 5, 55, 81, 16, 3, 14, 14, 7
1, 500, 24.0, 0.0, 24.0, 0.0, '9KM41H', 302, 407, 23, 64, 111, 5, 6, 20, 29, 12
1, 500, 161.0, 0.0, 161.0, 0.0, 'FQBEK7', 311, 407, 23, 82, 90.2, 14, 4, 15, 37, 21
1, 500, 60.0, 0.0, 60.0, 0.0, 'DFSDVJ', 294, 407, 19, 87, 95.7, 13, 6, 11, 42, 11
1, 500, 185.0, 0.0, 185.0, 0.0, '1VNHJA', 302, 405, 16, 55, 109, 11, 7, 22, 14, 22
1, 500, 12.0, 0.0, 12.0, 0.0, 'M68PND', 293, 405, 12, 48, 99, 13, 7, 19, 13, 1
1, 500, 45.0, 0.0, 45.0, 0.0, 'M0PMZ0', 281, 396, 12, 62, 101, 12, 1, 19, 39, 1
1, 500, 13.0, 0.0, 13.0, 0.0, '98BEK8', 290, 376, 19, 63, 87, 21, 1, 16, 11, 13
1, 500, 13.0, 0.0, 13.0, 0.0, 'M8MAAY', 308, 398, 27, 62, 85, 12, 1, 12, 31, 12
1, 500, 18.0, 0.0, 18.0, 0.0, 'S91R55', 294, 410, 27, 66, 91, 16, 3, 16, 19, 1
1, 500, 15.0, 0.0, 15.0, 0.0, 'NTF221', 289, 411, 22, 68, 104, 14, 1, 19, 17, 4
1, 500, 21.0, 0.0, 21.0, 0.0, '07OMQC', 299, 406, 25, 73, 97, 17, 6, 20, 15, 19
1, 500, 98.0, 0.0, 98.0, 0.0, 'E21EWU', 317, 382, 22, 91, 100.10000000000001, 5, 1, 5, 4, 29
1, 500, 75.0, 0.0, 75.0, 0.0, 'ODWIK0', 298, 378, 23, 66, 112, 12, 4, 15, 17, 10
1, 500, 15.0, 0.0, 15.0, 0.0, 'LYR8D2', 298, 398, 25, 73, 92, 5, 1, 14, 10, 1
1, 500, 25.0, 0.0, 25.0, 0.0, 'DYJYUR', 292, 389, 19, 62, 103, 7, 6, 15, 30, 1
1, 500, 15.0, 0.0, 15.0, 0.0, 'EPF12T', 303, 427, 22, 74, 115, 7, 1, 22, 27, 6
1, 500, 68.0, 0.0, 68.0, 0.0, 'HM9AT6', 306, 433, 10, 76, 107, 11, 9, 12, 24, 15
1, 500, 12.0, 0.0, 12.0, 0.0, 'Q3NOIN', 281, 372, 19, 73, 108, 22, 3, 17, 19, 6
1, 500, 11.0, 0.0, 11.0, 0.0, 'D8OG8G', 296, 389, 15, 66, 103, 12, 7, 18, 19, 1
1, 500, 137.0, 0.0, 137.0, 0.0, 'KR2ZV6', 292, 403, 14, 53, 93, 6, 1, 27, 28, 9
1, 500, 110.0, 0.0, 110.0, 0.0, 'ZBCCNU', 289, 413, 10, 83, 91.30000000000001, 19, 4, 19, 19, 23
1, 500, 98.0, 0.0, 98.0, 0.0, 'R16H5P', 300, 398, 23, 62, 91, 15, 1, 17, 48, 16
1, 500, 44.0, 0.0, 44.0, 0.0, 'SZTJAI', 297, 432, 11, 71, 111, 9, 7, 23, 22, 1
1, 500, 64.0, 0.0, 64.0, 0.0, 'N8PBM5', 288, 397, 9, 61, 93, 5, 8, 21, 34, 1
1, 500, 233.0, 0.0, 233.0, 0.0, 'ING4FZ', 304, 407, 18, 69, 94, 7, 3, 26, 16, 23
1, 500, 18.0, 0.0, 18.0, 0.0, '763V9N', 289, 378, 29, 67, 114, 15, 4, 17, 57, 2
1, 500, 20.0, 0.0, 20.0, 0.0, 'YKH2BD', 309, 411, 26, 53, 101, 12, 2, 11, 23, 7
1, 500, 6.0, 0.0, 6.0, 0.0, '1USOEN', 295, 431, 21, 71, 95, 17, 6, 10, 1, 1
1, 500, 252.0, 0.0, 252.0, 0.0, 'BJ20IE', 295, 389, 19, 65, 118, 9, 1, 19, 19, 18
1, 500, 10.0, 0.0, 10.0, 0.0, 'NS99K8', 297, 369, 22, 79, 99, 16, 1, 13, 28, 3
1, 500, 224.0, 0.0, 224.0, 0.0, '28TXS9', 297, 395, 13, 60, 89, 13, 7, 10, 21, 14
1, 500, 300.0, 0.0, 300.0, 0.0, '9EUVDO', 293, 400, 21, 80, 126, 5, 1, 23, 24, 15
1, 500, 19.0, 0.0, 19.0, 0.0, 'JN9Y5W', 303, 389, 16, 65, 99, 15, 6, 21, 27, 4
1, 500, 26.0, 0.0, 26.0, 0.0, 'EENX67', 282, 389, 25, 35, 103, 19, 6, 13, 36, 23
1, 500, 24.0, 0.0, 24.0, 0.0, 'HR32OU', 308, 389, 22, 58, 93, 6, 2, 19, 20, 18
1, 500, 22.0, 0.0, 22.0, 0.0, 'QQE1ZC', 299, 396, 27, 56, 109, 11, 3, 16, 32, 13
1, 500, 29.0, 0.0, 29.0, 0.0, '7HXU0S', 305, 389, 15, 67, 82, 9, 1, 20, 14, 1
1, 500, 17.0, 0.0, 17.0, 0.0, 'DDEIVT', 296, 397, 27, 77, 103, 13, 2, 19, 10, 8
1, 500, 21.0, 0.0, 21.0, 0.0, '5EGD3G', 301, 384, 22, 56, 94, 11, 6, 12, 11, 14
1, 500, 60.0, 0.0, 60.0, 0.0, 'M9NN5C', 291, 411, 29, 77, 85, 5, 7, 18, 20, 15
1, 500, 26.0, 0.0, 26.0, 0.0, 'TCA0GK', 317, 382, 24, 69, 97, 8, 4, 12, 17, 18
1, 500, 27.0, 0.0, 27.0, 0.0, 'EOOF3R', 286, 369, 17, 58, 101, 13, 1, 18, 42, 14
1, 500, 80.0, 0.0, 80.0, 0.0, 'PDHFPU', 309, 398, 24, 59, 85, 7, 5, 18, 29, 8
1, 500, 22.0, 0.0, 22.0, 0.0, 'JOGN7U', 295, 415, 15, 88, 96.80000000000001, 13, 2, 13, 19, 12
1, 500, 29.0, 0.0, 29.0, 0.0, 'QCIA96', 301, 397, 20, 68, 102, 10, 2, 18, 43, 2
1, 500, 14.0, 0.0, 14.0, 0.0, '6LPI62', 304, 425, 30, 68, 115, 7, 6, 11, 8, 5
1, 500, 23.0, 0.0, 23.0, 0.0, 'SILQ46', 302, 398, 21, 76, 91, 11, 1, 27, 32, 8
1, 500, 32.0, 0.0, 32.0, 0.0, 'XS9WAL', 305, 406, 19, 75, 97, 17, 1, 8, 29, 4
1, 500, 30.0, 0.0, 30.0, 0.0, 'YAVM0G', 295, 412, 25, 72, 104, 8, 5, 12, 24, 5
1, 500, 12.0, 0.0, 12.0, 0.0, 'ERDCA4', 284, 371, 21, 84, 115, 15, 8, 22, 13, 6
1, 500, 67.0, 0.0, 67.0, 0.0, 'K9QSKU', 301, 382, 17, 57, 93, 15, 3, 11, 39, 18
1, 500, 19.0, 0.0, 19.0, 0.0, 'OLNDJU', 289, 401, 18, 67, 98, 9, 1, 18, 30, 1
1, 500, 83.0, 0.0, 83.0, 0.0, 'TAZ5SF', 314, 390, 14, 72, 88, 5, 4, 11, 32, 19
1, 500, 19.0, 0.0, 19.0, 0.0, '28H84Q', 300, 404, 27, 73, 94, 13, 2, 14, 21, 1
1, 500, 13.0, 0.0, 13.0, 0.0, 'DEWAAJ', 290, 403, 23, 61, 87, 5, 1, 12, 8, 23
1, 500, 124.0, 0.0, 124.0, 0.0, 'VNRR1O', 294, 396, 21, 67, 121, 9, 5, 17, 26, 5
1, 500, 67.0, 0.0, 67.0, 0.0, '43M1QT', 309, 404, 11, 77, 96, 8, 1, 13, 25, 14
1, 500, 14.0, 0.0, 14.0, 0.0, 'VKZSB2', 277, 419, 17, 69, 92, 17, 1, 8, 22, 19
1, 500, 35.0, 0.0, 35.0, 0.0, 'JS2ZT5', 302, 425, 14, 62, 100, 5, 1, 8, 34, 1
1, 500, 14.0, 0.0, 14.0, 0.0, 'EZHDLU', 323, 412, 18, 88, 108, 20, 3, 17, 29, 2
1, 500, 25.0, 0.0, 25.0, 0.0, 'GTIPFG', 306, 393, 27, 68, 104, 8, 4, 14, 19, 2
1, 500, 55.0, 0.0, 55.0, 0.0, 'LH593Y', 296, 380, 16, 64, 94, 19, 3, 20, 26, 26
1, 500, 14.0, 0.0, 14.0, 0.0, 'H6LYIJ', 306, 389, 27, 72, 96, 19, 4, 11, 18, 17
1, 500, 23.0, 0.0, 23.0, 0.0, '4ZO8R5', 277, 401, 16, 87, 95.7, 5, 2, 19, 24, 3
1, 500, 66.0, 0.0, 66.0, 0.0, 'E11E3T', 284, 425, 24, 74, 106, 8, 11, 18, 36, 8
1, 500, 69.0, 0.0, 69.0, 0.0, 'IMW4KU', 290, 399, 25, 76, 101, 6, 2, 12, 19, 20
1, 500, 14.0, 0.0, 14.0, 0.0, 'F3ZFWE', 289, 393, 27, 69, 103, 8, 1, 7, 20, 13
1, 500, 26.0, 0.0, 26.0, 0.0, 'P6WI81', 311, 416, 17, 76, 96, 5, 5, 14, 7, 10
1, 500, 23.0, 0.0, 23.0, 0.0, '3VCQ0G', 312, 365, 22, 74, 84, 8, 1, 28, 20, 11
1, 500, 13.0, 0.0, 13.0, 0.0, 'I60DTO', 281, 387, 16, 54, 88, 10, 1, 23, 31, 10
1, 500, 220.0, 0.0, 220.0, 0.0, 'HROA9F', 304, 392, 16, 74, 98, 8, 4, 24, 15, 12
1, 500, 21.0, 0.0, 21.0, 0.0, 'LFIFTU', 293, 400, 15, 62, 110, 14, 2, 13, 26, 21
1, 500, 285.0, 0.0, 285.0, 0.0, '7YSIKI', 289, 416, 11, 68, 110, 10, 1, 14, 26, 19
1, 500, 29.0, 0.0, 29.0, 0.0, 'JRJM6S', 287, 398, 22, 83, 94, 5, 2, 14, 24, 11
1, 500, 31.0, 0.0, 31.0, 0.0, 'I69J26', 298, 411, 23, 82, 112, 10, 4, 9, 23, 1
1, 500, 21.0, 0.0, 21.0, 0.0, 'MLX61Q', 297, 384, 18, 81, 100, 5, 2, 17, 30, 6
1, 500, 20.0, 0.0, 20.0, 0.0, 'SPTF5R', 297, 404, 18, 63, 91, 17, 2, 16, 39, 1
1, 500, 17.0, 0.0, 17.0, 0.0, '7MKUML', 311, 404, 15, 66, 97, 14, 1, 13, 23, 1
1, 500, 258.0, 0.0, 258.0, 0.0, 'JCAXCH', 294, 362, 13, 83, 113, 10, 1, 9, 31, 13
1, 500, 500.0, 0.0, 500.0, 0.0, '1RCNQL', 305, 388, 14, 74, 117, 6, 1, 13, 35, 35
1, 500, 149.0, 0.0, 149.0, 0.0, 'R8DJE4', 313, 400, 13, 74, 93, 14, 2, 23, 12, 25
1, 500, 16.0, 0.0, 16.0, 0.0, '8XD45X', 303, 387, 22, 80, 90, 5, 1, 12, 25, 13
1, 500, 162.0, 0.0, 162.0, 0.0, 'ITVU0W', 306, 416, 17, 78, 85.80000000000001, 5, 4, 6, 17, 14
1, 500, 23.0, 0.0, 23.0, 0.0, '67VGX7', 303, 433, 21, 69, 101, 5, 4, 20, 42, 1
1, 500, 44.0, 0.0, 44.0, 0.0, '6ZYY5Y', 291, 401, 14, 72, 91, 5, 1, 15, 13, 3
1, 500, 123.0, 0.0, 123.0, 0.0, 'KER7MZ', 305, 413, 20, 63, 106, 13, 4, 14, 33, 14
1, 500, 81.0, 0.0, 81.0, 0.0, 'IGMB14', 304, 397, 16, 75, 100, 5, 6, 25, 40, 19
1, 500, 48.0, 0.0, 48.0, 0.0, 'VPVHRO', 305, 398, 26, 64, 107, 12, 3, 9, 21, 17
1, 500, 72.0, 0.0, 72.0, 0.0, 'HT4O9Z', 307, 405, 9, 66, 109, 12, 5, 11, 22, 21
1, 500, 139.0, 0.0, 139.0, 0.0, 'LQRO6R', 306, 404, 18, 99, 108.9, 9, 4, 13, 26, 17
1, 500, 500.0, 0.0, 500.0, 0.0, 'UM0FIN', 289, 414, 18, 63, 95, 14, 3, 13, 19, 29
1, 500, 24.0, 0.0, 24.0, 0.0, '5Z2NZK', 295, 378, 21, 64, 84, 5, 1, 15, 23, 13
1, 500, 116.0, 0.0, 116.0, 0.0, 'L1DNQG', 300, 394, 19, 67, 93, 5, 5, 11, 24, 18
1, 500, 211.0, 0.0, 211.0, 0.0, '2P10EU', 289, 396, 15, 90, 99.00000000000001, 8, 2, 19, 30, 27
1, 500, 32.0, 0.0, 32.0, 0.0, 'MXXCHG', 313, 374, 16, 77, 96, 8, 3, 14, 9, 9
1, 500, 82.0, 0.0, 82.0, 0.0, 'G1WPY9', 302, 421, 13, 67, 93, 9, 4, 8, 25, 17
1, 500, 500.0, 0.0, 500.0, 0.0, 'L0QFIZ', 271, 385, 10, 78, 111, 15, 2, 11, 29, 25
1, 500, 25.0, 0.0, 25.0, 0.0, 'IVWXN8', 299, 405, 26, 73, 98, 11, 6, 23, 28, 17
1, 500, 390.0, 0.0, 390.0, 0.0, 'IGH667', 309, 406, 12, 69, 83, 9, 3, 25, 21, 15
1, 500, 25.0, 0.0, 25.0, 0.0, '57OHSZ', 298, 401, 26, 78, 91, 11, 1, 21, 28, 5
1, 500, 33.0, 0.0, 33.0, 0.0, 'SP3JDX', 300, 407, 20, 81, 98, 16, 3, 12, 27, 7
1, 500, 140.0, 0.0, 140.0, 0.0, 'YHW1TF', 284, 382, 13, 73, 114, 17, 1, 16, 29, 24
1, 500, 22.0, 0.0, 22.0, 0.0, 'R4IIGU', 311, 403, 17, 74, 104, 5, 1, 19, 10, 13
1, 500, 71.0, 0.0, 71.0, 0.0, 'SRVL77', 298, 383, 16, 81, 101, 14, 5, 12, 17, 27
1, 500, 22.0, 0.0, 22.0, 0.0, 'MN3J3Z', 292, 424, 29, 69, 119, 9, 2, 14, 47, 14
1, 500, 69.0, 0.0, 69.0, 0.0, 'O4GSHR', 285, 416, 10, 67, 107, 5, 3, 13, 31, 11
1, 500, 149.0, 0.0, 149.0, 0.0, 'N2T4WC', 299, 400, 13, 55, 117, 9, 6, 18, 21, 32
1, 500, 11.0, 0.0, 11.0, 0.0, 'KN2LUU', 307, 407, 23, 83, 103, 18, 6, 10, 19, 11
1, 500, 12.0, 0.0, 12.0, 0.0, '3J0JOR', 297, 393, 25, 73, 102, 5, 1, 17, 24, 4
1, 500, 75.0, 0.0, 75.0, 0.0, 'C1NKPK', 280, 393, 24, 59, 109, 10, 3, 19, 15, 37
1, 500, 24.0, 0.0, 24.0, 0.0, 'W0PMSQ', 303, 412, 24, 62, 102, 5, 1, 17, 24, 9
1, 500, 192.0, 0.0, 192.0, 0.0, 'FC2CSE', 295, 405, 7, 71, 115, 5, 2, 7, 6, 6
1, 500, 34.0, 0.0, 34.0, 0.0, '7FJ904', 292, 419, 15, 63, 86, 6, 4, 13, 38, 5
1, 500, 17.0, 0.0, 17.0, 0.0, 'SNH6D1', 300, 371, 31, 50, 94, 11, 2, 21, 16, 16
1, 500, 181.0, 0.0, 181.0, 0.0, 'TWEKWB', 305, 391, 21, 75, 94, 12, 4, 14, 22, 16
1, 500, 18.0, 0.0, 18.0, 0.0, 'G5OGKA', 307, 405, 23, 68, 106, 9, 1, 21, 27, 6
1, 500, 20.0, 0.0, 20.0, 0.0, 'N5W932', 294, 379, 26, 82, 107, 6, 1, 16, 22, 1
1, 500, 500.0, 0.0, 500.0, 0.0, 'IFIKRK', 289, 426, 13, 76, 97, 12, 1, 19, 10, 16
1, 500, 16.0, 0.0, 16.0, 0.0, '8LBI6U', 311, 406, 14, 75, 102, 12, 1, 25, 10, 4
1, 500, 53.0, 0.0, 53.0, 0.0, '6USORH', 302, 411, 15, 80, 117, 5, 1, 21, 39, 12
1, 500, 22.0, 0.0, 22.0, 0.0, 'Z3I7HJ', 283, 395, 25, 69, 102, 10, 1, 10, 11, 2
1, 500, 500.0, 0.0, 500.0, 0.0, '2883JP', 315, 403, 11, 78, 102, 5, 1, 15, 28, 17
1, 500, 474.0, 0.0, 474.0, 0.0, '4XPH3M', 300, 383, 24, 83, 119, 16, 12, 13, 38, 23
1, 500, 44.0, 0.0, 44.0, 0.0, 'UWQU65', 295, 404, 20, 74, 104, 5, 3, 9, 33, 15
1, 500, 92.0, 0.0, 92.0, 0.0, '559HDV', 312, 405, 17, 55, 84, 9, 5, 10, 22, 8
1, 500, 68.0, 0.0, 68.0, 0.0, '69HVAL', 316, 382, 19, 72, 103, 10, 6, 15, 35, 12
1, 500, 49.0, 0.0, 49.0, 0.0, '2USI3K', 304, 392, 20, 71, 91, 9, 3, 15, 26, 25
1, 500, 102.0, 0.0, 102.0, 0.0, 'UZG0DA', 298, 395, 11, 55, 101, 9, 1, 25, 25, 25
1, 500, 12.0, 0.0, 12.0, 0.0, '890HAJ', 303, 400, 21, 79, 104, 18, 6, 16, 29, 4
1, 500, 51.0, 0.0, 51.0, 0.0, 'Y7JW9H', 287, 390, 17, 86, 98, 5, 4, 15, 34, 3
1, 500, 22.0, 0.0, 22.0, 0.0, 'TT2LSX', 318, 390, 12, 54, 91, 11, 6, 11, 15, 5
1, 500, 9.0, 0.0, 9.0, 0.0, 'I0FS3M', 322, 384, 30, 78, 89, 15, 1, 17, 29, 20
1, 500, 198.0, 0.0, 198.0, 0.0, 'J688NO', 305, 405, 13, 70, 99, 6, 1, 17, 11, 11
1, 500, 40.0, 0.0, 40.0, 0.0, 'J3EH08', 305, 412, 10, 79, 116, 13, 5, 9, 41, 1
1, 500, 15.0, 0.0, 15.0, 0.0, '8V0TCK', 320, 402, 14, 60, 115, 11, 1, 16, 16, 1
1, 500, 13.0, 0.0, 13.0, 0.0, '2CG63J', 310, 416, 25, 73, 95, 12, 8, 5, 39, 11
1, 500, 20.0, 0.0, 20.0, 0.0, '4X7QNZ', 288, 384, 19, 88, 100, 6, 1, 19, 18, 5
1, 500, 21.0, 0.0, 21.0, 0.0, '2TFDQ1', 307, 383, 20, 71, 87, 8, 2, 6, 23, 12
1, 500, 35.0, 0.0, 35.0, 0.0, 'U30A48', 301, 421, 18, 74, 98, 19, 3, 12, 41, 1
1, 500, 119.0, 0.0, 119.0, 0.0, 'X483M9', 285, 391, 15, 73, 108, 21, 2, 12, 24, 17
1, 500, 21.0, 0.0, 21.0, 0.0, '2LAK14', 281, 397, 23, 74, 84, 8, 3, 17, 9, 14
1, 500, 11.0, 0.0, 11.0, 0.0, '6TZ64U', 302, 396, 29, 62, 113, 15, 1, 17, 30, 1
1, 500, 73.0, 0.0, 73.0, 0.0, 'FD34MR', 310, 380, 11, 56, 114, 9, 11, 5, 22, 9
1, 500, 30.0, 0.0, 30.0, 0.0, '8K3T6C', 290, 406, 27, 84, 117, 13, 5, 15, 29, 1
1, 500, 24.0, 0.0, 24.0, 0.0, 'DKZO3Z', 307, 411, 20, 67, 93, 7, 2, 11, 21, 1
1, 500, 9.0, 0.0, 9.0, 0.0, '02STBV', 296, 394, 26, 69, 108, 18, 1, 12, 10, 1
1, 500, 9.0, 0.0, 9.0, 0.0, '1903W5', 315, 370, 18, 77, 93, 22, 1, 10, 23, 2
1, 500, 52.0, 0.0, 52.0, 0.0, 'HDSP2I', 280, 396, 11, 71, 104, 9, 1, 18, 38, 4
1, 500, 39.0, 0.0, 39.0, 0.0, '77Q9NE', 306, 388, 16, 64, 120, 20, 1, 26, 30, 22
1, 500, 51.0, 0.0, 51.0, 0.0, 'YPZ1JU', 290, 419, 30, 70, 99, 10, 5, 12, 24, 24
1, 500, 23.0, 0.0, 23.0, 0.0, '6U91M8', 305, 416, 28, 75, 103, 11, 5, 27, 6, 13
1, 500, 146.0, 0.0, 146.0, 0.0, 'U1ZFLU', 307, 398, 23, 70, 77.0, 14, 2, 17, 37, 10
1, 500, 263.0, 0.0, 263.0, 0.0, '1HZBVM', 304, 410, 19, 84, 92.4, 5, 1, 18, 10, 34
1, 500, 88.0, 0.0, 88.0, 0.0, 'ZVODHU', 292, 402, 14, 47, 129, 5, 3, 14, 27, 1
1, 500, 190.0, 0.0, 190.0, 0.0, 'Y04KQR', 296, 426, 16, 66, 92, 5, 7, 15, 16, 14
1, 500, 36.0, 0.0, 36.0, 0.0, 'L8H0HZ', 300, 387, 8, 90, 114, 5, 2, 18, 46, 1
1, 500, 12.0, 0.0, 12.0, 0.0, 'PRSOEO', 297, 428, 23, 66, 106, 5, 1, 17, 16, 17
1, 500, 20.0, 0.0, 20.0, 0.0, 'JVCOIY', 298, 382, 31, 75, 97, 5, 1, 24, 10, 17
1, 500, 15.0, 0.0, 15.0, 0.0, 'BLA31U', 289, 394, 28, 62, 102, 13, 1, 16, 18, 3
1, 500, 120.0, 0.0, 120.0, 0.0, 'P6U6SE', 294, 378, 17, 59, 109, 12, 4, 19, 31, 8
1, 500, 66.0, 0.0, 66.0, 0.0, '3ST0CV', 288, 407, 7, 81, 89.10000000000001, 15, 2, 10, 26, 7
1, 500, 28.0, 0.0, 28.0, 0.0, 'CL2MBJ', 291, 391, 25, 61, 96, 5, 2, 19, 19, 6
1, 500, 158.0, 0.0, 158.0, 0.0, '490FMB', 309, 415, 16, 82, 101, 11, 5, 17, 39, 16
1, 500, 26.0, 0.0, 26.0, 0.0, 'UG82GD', 291, 380, 19, 65, 102, 9, 7, 10, 16, 18
1, 500, 19.0, 0.0, 19.0, 0.0, '2C0XT6', 315, 377, 21, 60, 95, 7, 1, 11, 38, 1
1, 500, 500.0, 0.0, 500.0, 0.0, 'CIQTGP', 312, 375, 19, 66, 92, 19, 6, 12, 16, 34
1, 500, 71.0, 0.0, 71.0, 0.0, 'IK56ZP', 291, 399, 20, 64, 80, 13, 7, 14, 43, 21
1, 500, 9.0, 0.0, 9.0, 0.0, 'EIO2S0', 296, 412, 28, 51, 111, 5, 1, 17, 22, 6
1, 500, 13.0, 0.0, 13.0, 0.0, 'OLZCCY', 290, 411, 21, 64, 96, 5, 1, 23, 32, 14
1, 500, 20.0, 0.0, 20.0, 0.0, 'LPA73E', 301, 371, 24, 80, 88, 13, 1, 19, 21, 6
1, 500, 18.0, 0.0, 18.0, 0.0, 'FOYHHI', 295, 413, 30, 61, 106, 8, 7, 16, 21, 3
1, 500, 17.0, 0.0, 17.0, 0.0, '8A33FS', 306, 412, 17, 61, 111, 11, 9, 17, 24, 15
1, 500, 109.0, 0.0, 109.0, 0.0, 'JCYE5D', 305, 418, 22, 84, 92.4, 13, 1, 18, 30, 12
1, 500, 59.0, 0.0, 59.0, 0.0, 'YOQUH3', 284, 388, 18, 60, 87, 13, 3, 13, 20, 21
1, 500, 27.0, 0.0, 27.0, 0.0, 'W40UM6', 305, 425, 25, 65, 127, 11, 1, 19, 25, 1
1, 500, 28.0, 0.0, 28.0, 0.0, 'QJF1ZO', 292, 410, 15, 78, 119, 7, 1, 11, 14, 8
1, 500, 11.0, 0.0, 11.0, 0.0, 'FZPGWH', 288, 411, 28, 64, 111, 10, 3, 20, 11, 16
1, 500, 221.0, 0.0, 221.0, 0.0, 'R94FZL', 314, 413, 15, 54, 110, 6, 1, 12, 17, 30
1, 500, 13.0, 0.0, 13.0, 0.0, 'ZU3K2T', 278, 361, 26, 79, 93, 12, 1, 13, 3, 1
1, 500, 66.0, 0.0, 66.0, 0.0, 'A5FV1Z', 291, 402, 16, 90, 99.00000000000001, 20, 3, 13, 22, 16
1, 500, 125.0, 0.0, 125.0, 0.0, 'G0YQWW', 293, 389, 11, 77, 104, 10, 3, 15, 34, 41
1, 500, 20.0, 0.0, 20.0, 0.0, 'H0DKZW', 297, 384, 19, 51, 107, 13, 6, 18, 30, 10
1, 500, 12.0, 0.0, 12.0, 0.0, 'HUSZWI', 299, 410, 16, 55, 100, 16, 6, 13, 16, 1
1, 500, 21.0, 0.0, 21.0, 0.0, 'EUGLHB', 291, 361, 24, 69, 109, 12, 1, 19, 27, 7
1, 500, 17.0, 0.0, 17.0, 0.0, 'G6AWB5', 309, 399, 25, 67, 105, 14, 1, 18, 32, 3
1, 500, 165.0, 0.0, 165.0, 0.0, 'NE99EF', 316, 386, 12, 84, 122, 5, 1, 21, 28, 7
1, 500, 28.0, 0.0, 28.0, 0.0, 'GPPM9K', 303, 419, 17, 66, 102, 16, 3, 24, 27, 15
1, 500, 49.0, 0.0, 49.0, 0.0, 'O2OLJK', 310, 382, 14, 83, 101, 8, 1, 17, 25, 8
1, 500, 18.0, 0.0, 18.0, 0.0, 'CPUXL4', 294, 413, 17, 68, 98, 7, 1, 14, 15, 10
1, 500, 43.0, 0.0, 43.0, 0.0, '53SOPS', 311, 394, 17, 57, 103, 7, 6, 17, 28, 6
1, 500, 22.0, 0.0, 22.0, 0.0, '9FGUQN', 279, 397, 22, 62, 96, 11, 2, 10, 24, 5
1, 500, 23.0, 0.0, 23.0, 0.0, '49NWLU', 315, 391, 20, 72, 97, 16, 2, 15, 34, 1
1, 500, 500.0, 0.0, 500.0, 0.0, 'FB6MMM', 293, 384, 15, 84, 112, 7, 2, 11, 37, 26
1, 500, 28.0, 0.0, 28.0, 0.0, 'ZS9S01', 307, 406, 22, 76, 96, 9, 4, 16, 24, 9
1, 500, 32.0, 0.0, 32.0, 0.0, 'EHK64M', 305, 409, 18, 52, 81, 7, 2, 13, 29, 20
1, 500, 159.0, 0.0, 159.0, 0.0, 'BWJEWQ', 308, 396, 19, 68, 92, 13, 2, 19, 28, 11
1, 500, 27.0, 0.0, 27.0, 0.0, 'L0XX0S', 303, 397, 27, 74, 89, 11, 3, 12, 32, 5
1, 500, 27.0, 0.0, 27.0, 0.0, 'QNPWIL', 307, 392, 22, 62, 110, 13, 1, 20, 43, 1
1, 500, 23.0, 0.0, 23.0, 0.0, '4NQ2T9', 295, 383, 18, 34, 102, 27, 1, 15, 45, 29
1, 500, 92.0, 0.0, 92.0, 0.0, 'T4ZRF1', 308, 399, 6, 65, 100, 10, 4, 9, 15, 7
1, 500, 19.0, 0.0, 19.0, 0.0, 'M2DM97', 288, 397, 21, 84, 100, 10, 3, 23, 15, 1
1, 500, 69.0, 0.0, 69.0, 0.0, '7YVLGW', 318, 435, 15, 52, 103, 10, 1, 19, 12, 8
1, 500, 232.0, 0.0, 232.0, 0.0, '2WJZH5', 285, 399, 6, 51, 93, 11, 3, 13, 27, 24
1, 500, 27.0, 0.0, 27.0, 0.0, 'KEZHSQ', 305, 394, 27, 69, 100, 9, 6, 12, 38, 11
1, 500, 30.0, 0.0, 30.0, 0.0, 'GPWGXO', 293, 421, 18, 69, 89, 5, 1, 18, 10, 4
1, 500, 30.0, 0.0, 30.0, 0.0, '8BSQW5', 306, 392, 29, 84, 93, 5, 4, 21, 24, 6
1, 500, 14.0, 0.0, 14.0, 0.0, 'GDS1HG', 294, 418, 17, 62, 100, 12, 1, 17, 14, 17
1, 500, 22.0, 0.0, 22.0, 0.0, 'R9TFLR', 301, 416, 24, 55, 107, 5, 4, 22, 18, 9
1, 500, 20.0, 0.0, 20.0, 0.0, '22KNHP', 304, 385, 23, 67, 100, 15, 7, 9, 22, 19
1, 500, 25.0, 0.0, 25.0, 0.0, 'ZLR99C', 296, 403, 24, 64, 89, 8, 5, 26, 26, 17
1, 500, 67.0, 0.0, 67.0, 0.0, 'VVL35F', 297, 429, 17, 75, 85, 12, 1, 15, 22, 8
1, 500, 24.0, 0.0, 24.0, 0.0, '7VCMG1', 307, 418, 19, 71, 83, 9, 1, 23, 24, 2
1, 500, 102.0, 0.0, 102.0, 0.0, 'WEZA6C', 318, 397, 16, 54, 95, 5, 4, 13, 23, 9
1, 500, 96.0, 0.0, 96.0, 0.0, 'Q3ZTQY', 309, 407, 17, 71, 105, 5, 4, 15, 42, 13
1, 500, 38.0, 0.0, 38.0, 0.0, '235SCV', 303, 386, 20, 60, 93, 10, 3, 16, 43, 11
1, 500, 184.0, 0.0, 184.0, 0.0, 'LVWNLL', 312, 405, 17, 67, 120, 5, 4, 13, 18, 20
1, 500, 29.0, 0.0, 29.0, 0.0, 'TRU2LA', 314, 402, 21, 69, 98, 5, 5, 18, 34, 1
1, 500, 17.0, 0.0, 17.0, 0.0, 'DUWQOX', 298, 411, 23, 81, 103, 12, 1, 24, 17, 7
1, 500, 31.0, 0.0, 31.0, 0.0, '7U9TV8', 312, 403, 10, 80, 95, 12, 1, 5, 32, 2
1, 500, 36.0, 0.0, 36.0, 0.0, '181Y5O', 307, 376, 24, 67, 78, 10, 2, 14, 14, 20
1, 500, 16.0, 0.0, 16.0, 0.0, 'LVX43B', 308, 396, 18, 45, 94, 10, 4, 12, 1, 3
1, 500, 31.0, 0.0, 31.0, 0.0, '2C4DIP', 324, 379, 18, 66, 101, 7, 3, 10, 29, 15
1, 500, 44.0, 0.0, 44.0, 0.0, '28RMD0', 295, 414, 22, 69, 106, 5, 1, 11, 29, 15
1, 500, 64.0, 0.0, 64.0, 0.0, '1KMIT6', 293, 391, 16, 73, 103, 5, 4, 19, 14, 18
1, 500, 31.0, 0.0, 31.0, 0.0, '0IU55E', 296, 389, 18, 80, 106, 5, 1, 9, 22, 1
1, 500, 27.0, 0.0, 27.0, 0.0, 'WIDC1M', 276, 374, 30, 66, 79, 5, 5, 12, 25, 19
1, 500, 25.0, 0.0, 25.0, 0.0, '7RGH12', 297, 356, 19, 64, 102, 11, 5, 15, 3, 5
1, 500, 23.0, 0.0, 23.0, 0.0, 'ZXC50F', 315, 419, 18, 71, 115, 5, 3, 15, 23, 1
1, 500, 16.0, 0.0, 16.0, 0.0, 'IM7GNL', 291, 409, 16, 73, 101, 5, 1, 18, 18, 1
1, 500, 81.0, 0.0, 81.0, 0.0, 'WMN8JZ', 291, 414, 17, 78, 86, 5, 1, 6, 15, 26
1, 500, 14.0, 0.0, 14.0, 0.0, 'EEWVRX', 289, 393, 28, 71, 101, 18, 5, 20, 29, 1
1, 500, 70.0, 0.0, 70.0, 0.0, '2ZRVFL', 282, 409, 12, 84, 92.4, 5, 6, 20, 35, 24
1, 500, 30.0, 0.0, 30.0, 0.0, 'EU37DU', 288, 385, 12, 91, 113, 11, 7, 12, 35, 10
1, 500, 24.0, 0.0, 24.0, 0.0, 'P1CKKU', 309, 407, 20, 78, 95, 5, 2, 11, 10, 1
1, 500, 62.0, 0.0, 62.0, 0.0, 'GHMK0A', 293, 403, 26, 64, 98, 5, 1, 18, 15, 14
1, 500, 22.0, 0.0, 22.0, 0.0, '0LYPPG', 295, 391, 23, 60, 100, 9, 1, 9, 36, 10
1, 500, 38.0, 0.0, 38.0, 0.0, '6CYCOV', 318, 408, 19, 46, 115, 5, 4, 16, 10, 23
1, 500, 15.0, 0.0, 15.0, 0.0, 'BJMUAK', 295, 399, 21, 67, 105, 15, 3, 18, 25, 12
1, 500, 18.0, 0.0, 18.0, 0.0, 'GGQ7WN', 299, 389, 18, 79, 103, 5, 1, 20, 18, 10
1, 500, 42.0, 0.0, 42.0, 0.0, 'HD03DR', 300, 389, 9, 65, 97, 13, 2, 12, 30, 1
1, 500, 31.0, 0.0, 31.0, 0.0, 'PMI45C', 296, 392, 23, 80, 111, 7, 3, 13, 30, 5
1, 500, 30.0, 0.0, 30.0, 0.0, '56XATY', 290, 391, 18, 64, 98, 5, 1, 11, 34, 1
1, 500, 189.0, 0.0, 189.0, 0.0, 'KHF1OV', 288, 406, 25, 68, 99, 7, 6, 9, 28, 13
1, 500, 11.0, 0.0, 11.0, 0.0, 'C8MPSX', 282, 391, 22, 67, 91, 9, 1, 19, 25, 15
1, 500, 19.0, 0.0, 19.0, 0.0, 'SS6OF5', 298, 415, 19, 62, 121, 13, 2, 11, 12, 5
1, 500, 34.0, 0.0, 34.0, 0.0, 'RDV0CP', 296, 421, 21, 80, 89, 5, 2, 11, 23, 7
1, 500, 103.0, 0.0, 103.0, 0.0, 'RFCB0G', 302, 396, 13, 85, 96, 8, 1, 22, 25, 15
1, 500, 17.0, 0.0, 17.0, 0.0, '1UQ2IH', 299, 396, 35, 72, 101, 16, 4, 9, 36, 3
1, 500, 12.0, 0.0, 12.0, 0.0, 'FUT0LK', 288, 406, 33, 64, 125, 5, 1, 19, 22, 8
1, 500, 28.0, 0.0, 28.0, 0.0, '7WB1PQ', 294, 386, 22, 64, 95, 12, 2, 10, 25, 10
1, 500, 29.0, 0.0, 29.0, 0.0, 'CLJQXW', 301, 406, 27, 91, 102, 12, 7, 10, 25, 12
1, 500, 22.0, 0.0, 22.0, 0.0, '94T1UW', 296, 372, 26, 68, 96, 18, 3, 19, 31, 2
1, 500, 37.0, 0.0, 37.0, 0.0, '7WBZTR', 284, 400, 19, 81, 94, 5, 7, 18, 26, 1
1, 500, 7.0, 0.0, 7.0, 0.0, 'GPTJVY', 319, 401, 19, 64, 110, 22, 8, 13, 22, 6
1, 500, 15.0, 0.0, 15.0, 0.0, '79CI2O', 312, 402, 20, 72, 109, 5, 5, 15, 12, 1
1, 500, 18.0, 0.0, 18.0, 0.0, 'KGEECV', 301, 418, 19, 41, 97, 13, 1, 5, 22, 13
1, 500, 31.0, 0.0, 31.0, 0.0, 'ZQKNXC', 302, 389, 22, 55, 109, 7, 4, 15, 19, 11
1, 500, 12.0, 0.0, 12.0, 0.0, '4U2PNY', 292, 385, 26, 59, 101, 16, 4, 21, 30, 1
1, 500, 27.0, 0.0, 27.0, 0.0, 'SSYEWW', 309, 411, 19, 66, 89, 10, 1, 14, 25, 1
1, 500, 45.0, 0.0, 45.0, 0.0, 'RFT9DG', 297, 408, 24, 68, 104, 6, 5, 17, 49, 18
1, 500, 93.0, 0.0, 93.0, 0.0, 'VNDPFQ', 290, 410, 10, 86, 96, 11, 1, 23, 25, 4
1, 500, 44.0, 0.0, 44.0, 0.0, 'BJNQBJ', 315, 398, 16, 75, 93, 6, 1, 20, 29, 7
1, 500, 72.0, 0.0, 72.0, 0.0, 'MUDB1L', 306, 412, 20, 80, 105, 17, 2, 10, 36, 12
1, 500, 27.0, 0.0, 27.0, 0.0, 'NKWRKX', 313, 367, 25, 73, 100, 11, 2, 12, 30, 1
1, 500, 21.0, 0.0, 21.0, 0.0, '7T75XF', 298, 400, 26, 58, 88, 9, 5, 16, 21, 15
1, 500, 25.0, 0.0, 25.0, 0.0, 'MNB9YS', 308, 390, 17, 71, 104, 8, 1, 11, 17, 6
1, 500, 62.0, 0.0, 62.0, 0.0, '6CP5SG', 311, 407, 22, 96, 105.60000000000001, 5, 6, 25, 23, 13
1, 500, 15.0, 0.0, 15.0, 0.0, '8QB7GK', 305, 416, 13, 63, 117, 15, 9, 20, 32, 14
1, 500, 17.0, 0.0, 17.0, 0.0, '8YWM1M', 303, 422, 21, 67, 85, 15, 1, 28, 1, 15
1, 500, 33.0, 0.0, 33.0, 0.0, 'RL70JY', 284, 396, 14, 65, 110, 5, 1, 16, 15, 2
1, 500, 186.0, 0.0, 186.0, 0.0, 'H37LZW', 311, 390, 26, 64, 100, 7, 6, 11, 32, 15
1, 500, 39.0, 0.0, 39.0, 0.0, 'QDMZIA', 312, 424, 22, 66, 89, 22, 5, 30, 21, 19
1, 500, 13.0, 0.0, 13.0, 0.0, 'S3VOM3', 293, 394, 22, 55, 110, 5, 1, 11, 15, 19
1, 500, 23.0, 0.0, 23.0, 0.0, 'EN0QO3', 299, 394, 15, 69, 99, 12, 2, 17, 24, 1
1, 500, 27.0, 0.0, 27.0, 0.0, 'ZL2SI6', 299, 378, 23, 73, 96, 6, 1, 14, 43, 1
1, 500, 500.0, 0.0, 500.0, 0.0, 'P086YP', 293, 405, 18, 71, 94, 18, 1, 16, 26, 31
1, 500, 20.0, 0.0, 20.0, 0.0, 'UKRKO6', 296, 395, 23, 75, 86, 5, 1, 14, 16, 7
1, 500, 287.0, 0.0, 287.0, 0.0, 'XDVY7Q', 303, 433, 19, 66, 91, 14, 4, 16, 26, 16
1, 500, 130.0, 0.0, 130.0, 0.0, 'ITYXHX', 295, 407, 17, 74, 113, 5, 5, 6, 20, 1
1, 500, 34.0, 0.0, 34.0, 0.0, 'W3IKOL', 296, 379, 22, 53, 88, 5, 4, 23, 45, 8
1, 500, 12.0, 0.0, 12.0, 0.0, 'RHQOZC', 312, 393, 23, 43, 100, 14, 4, 15, 17, 14
1, 500, 34.0, 0.0, 34.0, 0.0, 'J0JUOC', 315, 412, 26, 72, 107, 19, 3, 12, 40, 23
1, 500, 29.0, 0.0, 29.0, 0.0, 'VX308T', 301, 406, 12, 87, 114, 13, 1, 14, 22, 4
1, 500, 61.0, 0.0, 61.0, 0.0, 'H4KRNI', 292, 415, 19, 76, 85, 7, 1, 15, 28, 19
1, 500, 305.0, 0.0, 305.0, 0.0, '8QR7L9', 314, 394, 17, 83, 106, 8, 3, 16, 33, 10
1, 500, 406.0, 0.0, 406.0, 0.0, '6KDD86', 301, 371, 17, 69, 92, 6, 1, 15, 14, 19
1, 500, 21.0, 0.0, 21.0, 0.0, 'JILR1T', 298, 412, 17, 63, 87, 12, 3, 18, 27, 11
1, 500, 143.0, 0.0, 143.0, 0.0, 'EC1KYS', 307, 388, 20, 69, 94, 11, 1, 19, 38, 26
1, 500, 26.0, 0.0, 26.0, 0.0, 'NQVQYV', 307, 392, 14, 54, 101, 15, 1, 13, 22, 19
1, 500, 93.0, 0.0, 93.0, 0.0, 'HQQF0U', 317, 398, 13, 71, 92, 18, 4, 11, 45, 8
1, 500, 122.0, 0.0, 122.0, 0.0, 'A6IJRZ', 279, 421, 16, 84, 92.4, 10, 4, 17, 22, 6
1, 500, 29.0, 0.0, 29.0, 0.0, '9XCK1S', 301, 393, 19, 68, 103, 8, 1, 12, 17, 14
1, 500, 500.0, 0.0, 500.0, 0.0, 'EBAELG', 297, 417, 19, 70, 87, 11, 4, 17, 16, 28
1, 500, 9.0, 0.0, 9.0, 0.0, '9YFL3N', 290, 364, 14, 67, 103, 8, 5, 8, 11, 9
1, 500, 36.0, 0.0, 36.0, 0.0, 'FILSIK', 304, 418, 23, 66, 99, 5, 1, 19, 27, 23
1, 500, 13.0, 0.0, 13.0, 0.0, 'ZC28NQ', 310, 404, 21, 64, 107, 17, 2, 14, 16, 5
1, 500, 41.0, 0.0, 41.0, 0.0, 'XLIU75', 283, 379, 23, 51, 102, 10, 2, 20, 26, 8
1, 500, 26.0, 0.0, 26.0, 0.0, 'SCMLWZ', 287, 399, 20, 55, 99, 15, 1, 12, 27, 12
1, 500, 18.0, 0.0, 18.0, 0.0, 'Q8JX3D', 280, 389, 27, 65, 103, 11, 1, 19, 10, 3
1, 500, 5.0, 0.0, 5.0, 0.0, 'Z3759T', 294, 398, 14, 84, 99, 6, 7, 4, 24, 13
1, 500, 50.0, 0.0, 50.0, 0.0, '7OW7UK', 300, 397, 25, 66, 95, 9, 6, 11, 39, 9
1, 500, 93.0, 0.0, 93.0, 0.0, 'ADTPB4', 294, 412, 20, 65, 112, 6, 4, 19, 36, 7
1, 500, 29.0, 0.0, 29.0, 0.0, 'F7XXSS', 308, 432, 19, 72, 102, 15, 5, 10, 32, 17
1, 500, 34.0, 0.0, 34.0, 0.0, 'SQ5M8J', 290, 404, 11, 60, 108, 9, 1, 7, 32, 11
1, 500, 25.0, 0.0, 25.0, 0.0, 'IOJKXH', 296, 397, 24, 75, 93, 16, 2, 11, 19, 2
1, 500, 27.0, 0.0, 27.0, 0.0, 'IQYUU9', 304, 422, 22, 74, 90, 5, 1, 29, 20, 8
1, 500, 21.0, 0.0, 21.0, 0.0, 'JAS0X3', 309, 406, 19, 52, 93, 13, 2, 14, 15, 23
1, 500, 54.0, 0.0, 54.0, 0.0, '9A7KA0', 292, 400, 23, 57, 114, 11, 7, 18, 30, 16
1, 500, 166.0, 0.0, 166.0, 0.0, 'MV58VH', 323, 406, 22, 65, 87, 5, 1, 18, 36, 27
1, 500, 19.0, 0.0, 19.0, 0.0, 'EECWYD', 307, 419, 19, 69, 98, 8, 2, 20, 20, 22
1, 500, 26.0, 0.0, 26.0, 0.0, 'BS9APE', 290, 400, 18, 58, 95, 12, 1, 13, 25, 15
1, 500, 17.0, 0.0, 17.0, 0.0, 'LWOC09', 288, 409, 14, 70, 105, 5, 1, 12, 26, 9
1, 500, 21.0, 0.0, 21.0, 0.0, '9E37BZ', 297, 403, 23, 72, 85, 17, 1, 14, 18, 1
1, 500, 191.0, 0.0, 191.0, 0.0, '2RKP1R', 287, 389, 16, 55, 99, 5, 5, 15, 3, 21
1, 500, 13.0, 0.0, 13.0, 0.0, 'GSM8OO', 295, 381, 24, 72, 103, 9, 1, 11, 22, 20
1, 500, 26.0, 0.0, 26.0, 0.0, '9KQVNR', 306, 434, 22, 69, 108, 7, 1, 13, 23, 1
1, 500, 39.0, 0.0, 39.0, 0.0, 'OJ703H', 290, 371, 20, 71, 107, 8, 5, 16, 30, 19
1, 500, 59.0, 0.0, 59.0, 0.0, 'DDQQLE', 292, 393, 13, 68, 95, 7, 3, 15, 31, 8
1, 500, 500.0, 0.0, 500.0, 0.0, 'DPJMCA', 294, 403, 15, 77, 99, 8, 3, 9, 26, 37
1, 500, 69.0, 0.0, 69.0, 0.0, 'EYE0U5', 298, 411, 25, 60, 98, 6, 4, 9, 35, 19
1, 500, 250.0, 0.0, 250.0, 0.0, 'BBB3XP', 298, 414, 24, 63, 105, 5, 1, 11, 27, 25
1, 500, 27.0, 0.0, 27.0, 0.0, 'WF718Y', 321, 426, 24, 75, 89, 17, 1, 16, 51, 9
1, 500, 190.0, 0.0, 190.0, 0.0, 'WW2MXV', 305, 410, 10, 57, 100, 5, 8, 4, 35, 19
1, 500, 15.0, 0.0, 15.0, 0.0, '261MIA', 305, 415, 18, 66, 116, 14, 1, 12, 21, 7
1, 500, 17.0, 0.0, 17.0, 0.0, 'ROZ13T', 301, 391, 21, 71, 93, 18, 6, 23, 41, 11
1, 500, 71.0, 0.0, 71.0, 0.0, 'E18MW9', 312, 389, 17, 74, 102, 15, 1, 13, 16, 13
1, 500, 178.0, 0.0, 178.0, 0.0, 'F8UZ1Q', 294, 386, 20, 74, 113, 10, 4, 19, 28, 15
1, 500, 59.0, 0.0, 59.0, 0.0, 'J1ZVAY', 312, 399, 20, 67, 91, 16, 4, 12, 25, 11
1, 500, 21.0, 0.0, 21.0, 0.0, '5UKY7X', 298, 428, 30, 64, 112, 7, 5, 11, 29, 22
1, 500, 247.0, 0.0, 247.0, 0.0, 'ISU81L', 302, 387, 23, 68, 95, 14, 5, 17, 39, 13
1, 500, 18.0, 0.0, 18.0, 0.0, '215I03', 312, 396, 15, 62, 93, 16, 1, 16, 23, 9
1, 500, 7.0, 0.0, 7.0, 0.0, 'L88SO9', 303, 387, 24, 68, 99, 18, 4, 7, 36, 23
1, 500, 26.0, 0.0, 26.0, 0.0, '7FJC9J', 270, 405, 14, 66, 102, 15, 2, 10, 27, 5
1, 500, 70.0, 0.0, 70.0, 0.0, 'EBU5TG', 304, 386, 19, 84, 92.4, 13, 2, 12, 20, 21
1, 500, 33.0, 0.0, 33.0, 0.0, '3XRJL4', 298, 417, 16, 83, 97, 5, 5, 18, 25, 4
1, 500, 19.0, 0.0, 19.0, 0.0, 'TNWHZ0', 314, 406, 25, 70, 111, 13, 1, 15, 13, 1
1, 500, 172.0, 0.0, 172.0, 0.0, 'ZU82RO', 300, 360, 14, 55, 99, 5, 3, 9, 19, 10
1, 500, 11.0, 0.0, 11.0, 0.0, 'AKGBJF', 300, 393, 23, 81, 89.10000000000001, 12, 2, 3, 8, 16
1, 500, 20.0, 0.0, 20.0, 0.0, 'BSCE09', 296, 402, 20, 75, 111, 14, 2, 24, 19, 27
1, 500, 25.0, 0.0, 25.0, 0.0, 'C5GUTD', 296, 404, 16, 76, 99, 10, 3, 8, 24, 3
1, 500, 175.0, 0.0, 175.0, 0.0, '3UEFCZ', 293, 409, 18, 66, 91, 19, 2, 22, 14, 21
1, 500, 31.0, 0.0, 31.0, 0.0, 'DSXZJ1', 295, 407, 19, 75, 99, 5, 1, 12, 10, 25
1, 500, 166.0, 0.0, 166.0, 0.0, '6P7JV1', 304, 380, 14, 54, 118, 8, 3, 26, 24, 16
1, 500, 58.0, 0.0, 58.0, 0.0, 'PVV35L', 295, 393, 22, 71, 97, 5, 2, 19, 28, 16
1, 500, 8.0, 0.0, 8.0, 0.0, 'IS9CZ6', 300, 408, 26, 60, 113, 14, 7, 21, 14, 18
1, 500, 77.0, 0.0, 77.0, 0.0, 'OKO5DW', 308, 434, 20, 87, 106, 5, 2, 13, 44, 3
1, 500, 104.0, 0.0, 104.0, 0.0, '66RQQ4', 305, 395, 15, 75, 105, 5, 4, 17, 26, 11
1, 500, 120.0, 0.0, 120.0, 0.0, '6Q0MKH', 310, 390, 10, 80, 110, 5, 5, 18, 27, 12
1, 500, 500.0, 0.0, 500.0, 0.0, 'W1RQBU', 315, 385, 5, 85, 115, 5, 6, 19, 28, 13
1, 500, 120.0, 0.0, 120.0, 0.0, 'PUTT3Q', 320, 380, 5, 90, 120, 5, 7, 20, 29, 14
1, 500, 42.0, 0.0, 42.0, 0.0, 'O5IEKE', 325, 375, 5, 95, 125, 5, 8, 21, 30, 15
1, 500, 31.0, 0.0, 31.0, 0.0, 'V7VAVY', 330, 370, 5, 100, 130, 5, 9, 22, 31, 16
1, 500, 131.0, 0.0, 131.0, 0.0, '9GUSZB', 325, 365, 5, 105, 135, 5, 10, 23, 32, 17
1, 500, 89.0, 0.0, 89.0, 0.0, 'RMUJKC', 320, 360, 5, 110, 140, 5, 11, 24, 33, 18
1, 500, 24.0, 0.0, 24.0, 0.0, 'LX42LE', 315, 355, 5, 115, 135, 5, 12, 25, 34, 19
1, 500, 32.0, 0.0, 32.0, 0.0, 'CFVWL4', 310, 350, 5, 120, 132.0, 5, 13, 26, 35, 20
1, 500, 20.0, 0.0, 20.0, 0.0, 'T78L8G', 305, 355, 5, 125, 138.0, 5, 14, 27, 36, 21
1, 500, 42.0, 0.0, 42.0, 0.0, '3MN4K5', 300, 360, 5, 130, 143.0, 5, 15, 28, 37, 22
1, 500, 21.0, 0.0, 21.0, 0.0, 'TIXDOO', 295, 365, 5, 135, 148.0, 5, 14, 29, 38, 23
1, 500, 39.0, 0.0, 39.0, 0.0, 'XS74EA', 290, 370, 5, 130, 143.0, 5, 13, 28, 39, 24
1, 500, 31.0, 0.0, 31.0, 0.0, 'OKOEB7', 285, 375, 5, 125, 138.0, 5, 12, 27, 40, 25
1, 500, 34.0, 0.0, 34.0, 0.0, '4UMRLW', 280, 380, 5, 120, 132.0, 5, 11, 26, 41, 26
1, 500, 60.0, 0.0, 60.0, 0.0, 'XGE4DO', 275, 385, 5, 115, 127.0, 5, 10, 25, 42, 27
1, 500, 84.0, 0.0, 84.0, 0.0, 'FVHIIB', 280, 390, 5, 110, 121.0, 5, 9, 24, 43, 28
1, 500, 147.0, 0.0, 147.0, 0.0, '2GWU7J', 285, 395, 5, 105, 116.0, 5, 8, 23, 44, 29
1, 500, 58.0, 0.0, 58.0, 0.0, 'KLXI4A', 290, 400, 5, 100, 110.0, 5, 7, 22, 45, 30
1, 500, 73.0, 0.0, 73.0, 0.0, '6FV206', 295, 405, 5, 95, 105.0, 5, 6, 21, 46, 31
1, 500, 500.0, 0.0, 500.0, 0.0, '7YL9Z9', 300, 410, 5, 90, 99.0, 5, 5, 20, 47, 32
1, 500, 184.0, 0.0, 184.0, 0.0, '5696ZR', 305, 415, 5, 85, 94.0, 5, 4, 19, 48, 33
1, 500, 124.0, 0.0, 124.0, 0.0, 'JUL38O', 310, 420, 5, 80, 88.0, 5, 3, 18, 49, 34
1, 500, 288.0, 0.0, 288.0, 0.0, 'VHG9BH', 315, 425, 5, 75, 82.0, 5, 2, 17, 50, 35
1, 500, 121.0, 0.0, 121.0, 0.0, 'IRI7YN', 320, 430, 5, 70, 77.0, 5, 1, 16, 51, 36
1, 500, 128.0, 0.0, 128.0, 0.0, 'R9F0M1', 325, 435, 5, 65, 72.0, 5, 1, 15, 52, 37
1, 500, 130.0, 0.0, 130.0, 0.0, 'Q2WV8V', 320, 440, 5, 60, 66.0, 5, 1, 14, 53, 38
1, 500, 168.0, 0.0, 168.0, 0.0, 'M7P43U', 315, 435, 5, 55, 61.0, 5, 1, 13, 54, 39
1, 500, 234.0, 0.0, 234.0, 0.0, 'U7MPTO', 310, 430, 5, 50, 55.0, 5, 1, 12, 55, 40
1, 500, 108.0, 0.0, 108.0, 0.0, 'CTSKJQ', 305, 425, 5, 45, 50.0, 5, 1, 11, 56, 41
1, 500, 310.0, 0.0, 310.0, 0.0, '4MF6IH', 300, 420, 5, 40, 44.0, 5, 1, 10, 57, 42
1, 500, 200.0, 0.0, 200.0, 0.0, 'R4SJ6E', 295, 415, 5, 35, 38.0, 5, 1, 9, 58, 43
1, 500, 149.0, 0.0, 149.0, 0.0, 'QJ001I', 290, 410, 5, 30, 33.0, 5, 1, 8, 59, 44
1, 500, 500.0, 0.0, 500.0, 0.0, 'DXDDQ0', 285, 405, 5, 25, 28.0, 5, 1, 7, 60, 45
1, 500, 182.0, 0.0, 182.0, 0.0, '8HWARQ', 280, 400, 5, 25, 28.0, 5, 1, 6, 61, 46
1, 500, 157.0, 0.0, 157.0, 0.0, '94Z38W', 275, 395, 5, 25, 28.0, 5, 1, 5, 62, 47
1, 500, 233.0, 0.0, 233.0, 0.0, '2EY9NJ', 280, 390, 5, 25, 28.0, 5, 1, 4, 63, 48
1, 500, 123.0, 0.0, 123.0, 0.0, 'Q3H19V', 285, 385, 5, 25, 28.0, 5, 1, 3, 64, 49
1, 500, 55.0, 0.0, 55.0, 0.0, 'OJGNDY', 290, 390, 5, 25, 28.0, 5, 1, 2, 65, 50
1, 500, 118.0, 0.0, 118.0, 0.0, 'PJIRX3', 295, 395, 5, 25, 28.0, 5, 1, 1, 66, 51
1, 500, 317.0, 0.0, 317.0, 0.0, '3F9YEK', 300, 400, 5, 25, 30, 5, 1, 2, 67, 52
1, 500, 181.0, 0.0, 181.0, 0.0, 'T275G8', 305, 405, 5, 25, 35, 5, 1, 3, 68, 53
1, 500, 134.0, 0.0, 134.0, 0.0, '18H617', 310, 410, 5, 25, 40, 5, 1, 4, 69, 54
1, 500, 159.0, 0.0, 159.0, 0.0, '469PBW', 315, 415, 5, 25, 45, 5, 1, 5, 68, 55
1, 500, 358.0, 0.0, 358.0, 0.0, '273M9Y', 320, 420, 5, 25, 50, 5, 1, 6, 67, 56
1, 500, 156.0, 0.0, 156.0, 0.0, 'CEV56Y', 325, 425, 5, 25, 55, 5, 1, 7, 66, 57
1, 500, 500.0, 0.0, 500.0, 0.0, 'HIVNM6', 320, 430, 5, 25, 60, 5, 1, 8, 65, 58
1, 500, 157.0, 0.0, 157.0, 0.0, 'ZB2D4G', 325, 435, 5, 25, 65, 5, 1, 9, 64, 59
1, 500, 500.0, 0.0, 500.0, 0.0, 'FCUMQI', 320, 440, 5, 25, 70, 5, 1, 10, 63, 60
1, 500, 500.0, 0.0, 500.0, 0.0, 'Z5DF2R', 325, 445, 5, 25, 75, 5, 1, 11, 62, 61
1, 500, 500.0, 0.0, 500.0, 0.0, 'G3N6HL', 330, 450, 5, 25, 80, 5, 1, 12, 61, 62
1, 500, 181.0, 0.0, 181.0, 0.0, 'IENVQ0', 335, 455, 5, 25, 85, 5, 1, 13, 62, 63
1, 500, 163.0, 0.0, 163.0, 0.0, 'P37XEF', 340, 460, 5, 25, 90, 5, 1, 14, 61, 64
1, 500, 500.0, 0.0, 500.0, 0.0, 'HDBA1F', 335, 465, 5, 25, 95, 5, 1, 15, 60, 65
1, 500, 142.0, 0.0, 142.0, 0.0, 'K9U3CY', 340, 470, 5, 25, 100, 5, 1, 16, 59, 66
1, 500, 176.0, 0.0, 176.0, 0.0, 'K24TU3', 335, 475, 5, 25, 105, 5, 1, 17, 58, 67
1, 500, 500.0, 0.0, 500.0, 0.0, '9XC3U8', 330, 480, 5, 25, 110, 5, 1, 18, 57, 68
1, 500, 500.0, 0.0, 500.0, 0.0, 'G6WXEY', 325, 485, 5, 25, 115, 5, 1, 19, 56, 69
1, 500, 500.0, 0.0, 500.0, 0.0, 'WS49C0', 320, 490, 5, 25, 120, 5, 1, 20, 55, 70
1, 500, 409.0, 0.0, 409.0, 0.0, '8LWEKL', 315, 495, 5, 25, 125, 5, 1, 21, 54, 71
1, 500, 500.0, 0.0, 500.0, 0.0, 'NU5JHT', 310, 500, 5, 25, 130, 5, 1, 22, 53, 72
1, 500, 208.0, 0.0, 208.0, 0.0, 'L3ISTS', 305, 505, 5, 25, 135, 5, 1, 23, 52, 73
1, 500, 170.0, 0.0, 170.0, 0.0, 'NT9D8O', 300, 510, 5, 25, 140, 5, 1, 24, 51, 74
1, 500, 500.0, 0.0, 500.0, 0.0, '13Y630', 305, 515, 5, 25, 145, 5, 1, 25, 50, 75
1, 500, 260.0, 0.0, 260.0, 0.0, '3IZOZ4', 310, 520, 5, 25, 150, 5, 1, 26, 49, 76
1, 500, 500.0, 0.0, 500.0, 0.0, 'JQ4C8A', 315, 525, 5, 25, 155, 5, 1, 25, 48, 77
1, 500, 44.0, 0.0, 44.0, 0.0, 'SQ3MSC', 320, 530, 5, 25, 160, 5, 1, 26, 47, 78
1, 500, 274.0, 0.0, 274.0, 0.0, '4GC4IJ', 325, 525, 5, 25, 165, 5, 1, 25, 46, 79
1, 500, 227.0, 0.0, 227.0, 0.0, 'RBAUU5', 330, 520, 5, 25, 170, 5, 1, 24, 45, 80
1, 500, 229.0, 0.0, 229.0, 0.0, '0E129W', 335, 515, 5, 25, 165, 5, 1, 23, 44, 81
1, 500, 500.0, 0.0, 500.0, 0.0, '2L09E6', 340, 510, 5, 25, 160, 5, 1, 22, 43, 82
1, 500, 131.0, 0.0, 131.0, 0.0, 'WYDMIW', 345, 505, 5, 25, 155, 5, 1, 21, 42, 83
1, 500, 30.0, 0.0, 30.0, 0.0, '7MZS84', 340, 500, 5, 25, 150, 5, 1, 20, 43, 84
1, 500, 500.0, 0.0, 500.0, 0.0, 'G1RG9Q', 335, 495, 5, 25, 145, 5, 1, 19, 44, 85
1, 500, 156.0, 0.0, 156.0, 0.0, '1I9U3B', 330, 490, 5, 25, 140, 5, 1, 18, 45, 86
1, 500, 146.0, 0.0, 146.0, 0.0, 'VQBDUE', 325, 485, 5, 25, 135, 5, 1, 19, 46, 87
1, 500, 187.0, 0.0, 187.0, 0.0, 'EAY31A', 320, 480, 5, 25, 130, 5, 1, 20, 47, 88
1, 500, 500.0, 0.0, 500.0, 0.0, '41081D', 315, 475, 5, 25, 125, 5, 1, 21, 48, 89
1, 500, 125.0, 0.0, 125.0, 0.0, '8HWBDG', 310, 470, 5, 25, 120, 5, 1, 22, 49, 90
1, 500, 217.0, 0.0, 217.0, 0.0, 'MMT5BV', 305, 465, 5, 25, 115, 5, 1, 21, 50, 91
1, 500, 500.0, 0.0, 500.0, 0.0, '735J8T', 300, 460, 5, 25, 110, 5, 1, 20, 51, 92
1, 500, 147.0, 0.0, 147.0, 0.0, '5C45EH', 295, 455, 5, 25, 105, 5, 1, 19, 52, 93
1, 500, 133.0, 0.0, 133.0, 0.0, 'JCUUCK', 300, 450, 5, 25, 100, 5, 1, 18, 53, 94
1, 500, 500.0, 0.0, 500.0, 0.0, 'GL9A9T', 305, 445, 5, 25, 95, 5, 1, 17, 54, 95
1, 500, 159.0, 0.0, 159.0, 0.0, '6X4P34', 310, 440, 5, 25, 90, 5, 1, 16, 55, 96
1, 500, 115.0, 0.0, 115.0, 0.0, 'YB9PYG', 315, 435, 5, 25, 85, 5, 1, 15, 56, 97
1, 500, 293.0, 0.0, 293.0, 0.0, 'UL9F03', 320, 440, 5, 25, 80, 5, 1, 14, 57, 98
1, 500, 116.0, 0.0, 116.0, 0.0, 'WZQ543', 325, 445, 5, 25, 75, 5, 1, 13, 58, 99
1, 500, 107.0, 0.0, 107.0, 0.0, 'PBXOMY', 320, 450, 5, 25, 70, 5, 1, 12, 59, 100
1, 500, 328.0, 0.0, 328.0, 0.0, 'PZPB6T', 315, 455, 5, 25, 65, 5, 1, 11, 60, 101
1, 500, 134.0, 0.0, 134.0, 0.0, 'A7DA12', 310, 460, 5, 25, 60, 5, 1, 10, 61, 102
1, 500, 109.0, 0.0, 109.0, 0.0, 'X281GO', 305, 465, 5, 25, 55, 5, 1, 9, 62, 103
1, 500, 298.0, 0.0, 298.0, 0.0, 'AH4KS5', 310, 470, 5, 25, 50, 5, 1, 8, 63, 104
1, 500, 199.0, 0.0, 199.0, 0.0, '2CLM5A', 315, 475, 5, 25, 45, 5, 1, 7, 64, 105
1, 500, 160.0, 0.0, 160.0, 0.0, '3B6EXH', 320, 480, 5, 25, 50, 5, 1, 8, 65, 106
1, 500, 184.0, 0.0, 184.0, 0.0, 'FTFDLZ', 315, 475, 5, 25, 55, 5, 1, 9, 66, 107
1, 500, 130.0, 0.0, 130.0, 0.0, 'AKZ23Y', 310, 470, 5, 25, 60, 5, 1, 10, 67, 108
1, 500, 66.0, 0.0, 66.0, 0.0, 'KOMGAA', 315, 465, 5, 25, 65, 5, 1, 11, 68, 109
1, 500, 500.0, 0.0, 500.0, 0.0, 'LSE9GO', 320, 460, 5, 25, 70, 5, 1, 12, 69, 110
1, 500, 253.0, 0.0, 253.0, 0.0, 'KUTB2O', 325, 455, 5, 25, 75, 5, 1, 13, 70, 111
1, 500, 500.0, 0.0, 500.0, 0.0, 'V3ATO6', 330, 450, 5, 25, 80, 5, 1, 14, 71, 112
1, 500, 110.0, 0.0, 110.0, 0.0, 'WKQ4JV', 335, 445, 5, 25, 85, 5, 1, 15, 72, 113
1, 500, 171.0, 0.0, 171.0, 0.0, 'HJCNVY', 330, 440, 5, 25, 90, 5, 1, 16, 73, 114
1, 500, 240.0, 0.0, 240.0, 0.0, 'F1AU1X', 325, 445, 5, 25, 95, 5, 1, 17, 74, 115
1, 500, 150.0, 0.0, 150.0, 0.0, 'THAQ6Z', 320, 450, 5, 25, 100, 5, 1, 18, 75, 116
1, 500, 130.0, 0.0, 130.0, 0.0, 'DKPU1M', 315, 455, 5, 25, 105, 5, 1, 19, 76, 117
1, 500, 197.0, 0.0, 197.0, 0.0, 'TD01WL', 310, 460, 5, 25, 110, 5, 1, 20, 77, 118
1, 500, 133.0, 0.0, 133.0, 0.0, 'GSIA6S', 305, 465, 5, 25, 115, 5, 1, 21, 78, 119
1, 500, 370.0, 0.0, 370.0, 0.0, 'D8B4WR', 310, 470, 5, 25, 120, 5, 1, 20, 79, 120
1, 500, 500.0, 0.0, 500.0, 0.0, 'S17CZU', 315, 475, 5, 25, 125, 5, 1, 19, 80, 121
1, 500, 140.0, 0.0, 140.0, 0.0, '2OPNRS', 310, 480, 5, 25, 130, 5, 1, 18, 81, 122
1, 500, 500.0, 0.0, 500.0, 0.0, 'SFUO57', 315, 485, 5, 25, 135, 5, 1, 19, 82, 123
1, 500, 184.0, 0.0, 184.0, 0.0, 'ZP0MO7', 320, 490, 5, 25, 140, 5, 1, 18, 83, 124
1, 500, 500.0, 0.0, 500.0, 0.0, '22SR8S', 325, 495, 5, 25, 145, 5, 1, 19, 84, 125
1, 500, 130.0, 0.0, 130.0, 0.0, '1CS11F', 330, 500, 5, 25, 150, 5, 1, 20, 85, 126
1, 500, 338.0, 0.0, 338.0, 0.0, 'KUZU1A', 335, 505, 5, 25, 155, 5, 1, 21, 86, 127
1, 500, 500.0, 0.0, 500.0, 0.0, 'OOHCQG', 340, 510, 5, 25, 160, 5, 1, 22, 87, 128
1, 500, 500.0, 0.0, 500.0, 0.0, 'D1ROHP', 345, 515, 5, 25, 165, 5, 1, 23, 88, 129
1, 500, 134.0, 0.0, 134.0, 0.0, 'T04QDQ', 350, 520, 5, 25, 170, 5, 1, 24, 89, 130
1, 500, 500.0, 0.0, 500.0, 0.0, 'RBSMWN', 355, 525, 5, 25, 175, 5, 1, 25, 90, 131
1, 500, 200.0, 0.0, 200.0, 0.0, 'ADCC10', 360, 530, 5, 25, 180, 5, 1, 26, 91, 132
1, 500, 500.0, 0.0, 500.0, 0.0, '02U2L7', 355, 535, 5, 25, 185, 5, 1, 27, 92, 133
1, 500, 500.0, 0.0, 500.0, 0.0, '8L6QUH', 360, 540, 5, 25, 190, 5, 1, 28, 93, 134
1, 500, 351.0, 0.0, 351.0, 0.0, 'B0OQ1E', 365, 545, 5, 25, 195, 5, 1, 29, 94, 135
1, 500, 236.0, 0.0, 236.0, 0.0, '6TMJXK', 370, 550, 5, 25, 200, 5, 1, 30, 95, 136
1, 500, 500.0, 0.0, 500.0, 0.0, '9EM2N6', 365, 555, 5, 25, 205, 5, 1, 31, 96, 137
1, 500, 132.0, 0.0, 132.0, 0.0, 'YFBS1M', 370, 560, 5, 25, 210, 5, 1, 32, 97, 138
1, 500, 500.0, 0.0, 500.0, 0.0, 'Y6BW8G', 365, 565, 5, 25, 215, 5, 1, 31, 98, 139
1, 500, 500.0, 0.0, 500.0, 0.0, 'LS63YB', 360, 570, 5, 25, 220, 5, 1, 30, 99, 140
1, 500, 149.0, 0.0, 149.0, 0.0, 'AD7PSE', 355, 575, 5, 25, 225, 5, 1, 29, 100, 141
1, 500, 500.0, 0.0, 500.0, 0.0, 'WVWA12', 350, 580, 5, 25, 230, 5, 1, 30, 101, 142
1, 500, 500.0, 0.0, 500.0, 0.0, 'WD3G88', 345, 585, 5, 25, 235, 5, 1, 31, 102, 143
1, 500, 207.0, 0.0, 207.0, 0.0, 'VVJC9P', 340, 590, 5, 25, 240, 5, 1, 30, 103, 144
1, 500, 500.0, 0.0, 500.0, 0.0, 'MYR7B8', 345, 595, 5, 25, 245, 5, 1, 31, 104, 145
1, 500, 375.0, 0.0, 375.0, 0.0, '39EZ6D', 340, 600, 5, 25, 250, 5, 1, 32, 105, 146
1, 500, 500.0, 0.0, 500.0, 0.0, '7CB13Z', 335, 605, 5, 25, 255, 5, 1, 33, 106, 147
1, 500, 500.0, 0.0, 500.0, 0.0, 'K95JZ8', 330, 610, 5, 25, 260, 5, 1, 34, 107, 148
1, 500, 500.0, 0.0, 500.0, 0.0, 'B12HDC', 325, 615, 5, 25, 265, 5, 1, 35, 108, 149
1, 500, 500.0, 0.0, 500.0, 0.0, 'V5UZK5', 320, 620, 5, 25, 270, 5, 1, 36, 109, 150
1, 500, 500.0, 0.0, 500.0, 0.0, 'VN24SH', 315, 625, 5, 25, 275, 5, 1, 35, 110, 151
1, 500, 500.0, 0.0, 500.0, 0.0, '9E2XEF', 310, 630, 5, 25, 280, 5, 1, 34, 111, 152
1, 500, 463.0, 0.0, 463.0, 0.0, 'J4E4CQ', 305, 635, 5, 25, 285, 5, 1, 33, 112, 153
1, 500, 500.0, 0.0, 500.0, 0.0, '9NS753', 300, 640, 5, 25, 290, 5, 1, 32, 113, 154
1, 500, 500.0, 0.0, 500.0, 0.0, 'UG1Z4N', 295, 645, 5, 25, 295, 5, 1, 31, 114, 155
1, 500, 500.0, 0.0, 500.0, 0.0, 'B4VY18', 290, 650, 5, 25, 300, 5, 1, 30, 115, 156
1, 500, 500.0, 0.0, 500.0, 0.0, 'IPE4O6', 285, 655, 5, 25, 305, 5, 1, 29, 116, 157
1, 500, 500.0, 0.0, 500.0, 0.0, '07KR2T', 280, 660, 5, 25, 310, 5, 1, 28, 117, 158
1, 500, 500.0, 0.0, 500.0, 0.0, 'PPTV6Y', 275, 665, 5, 25, 315, 5, 1, 27, 118, 159
1, 500, 500.0, 0.0, 500.0, 0.0, 'X5LWXL', 270, 670, 5, 25, 320, 5, 1, 26, 119, 160
1, 500, 500.0, 0.0, 500.0, 0.0, 'LH45KS', 265, 675, 5, 25, 325, 5, 1, 25, 120, 161
1, 500, 500.0, 0.0, 500.0, 0.0, 'Z3S0U1', 260, 680, 5, 25, 330, 5, 1, 24, 121, 162
1, 500, 500.0, 0.0, 500.0, 0.0, 'Q1WUDH', 255, 685, 5, 25, 335, 5, 1, 23, 122, 163
1, 5000, 5000.0, 0.0, 5000.0, 0.0, 'ZT3I3V', 255, 685, 5, 25, 335.0, 5, 1, 23, 122, 163
