1, 500, 65.0, 0.0, 65.0, 0.0, 'X2RELO', 593, 806, 28, 127, 214, 16, 2, 11, 14, 17
1, 500, 36.0, 0.0, 36.0, 0.0, 'UPPGAH', 602, 786, 38, 140, 217, 24, 1, 15, 18, 9
1, 500, 47.0, 0.0, 47.0, 0.0, 'DV2ATB', 601, 801, 35, 159, 180, 21, 2, 19, 19, 21
1, 500, 16.0, 0.0, 16.0, 0.0, '670DXI', 595, 774, 36, 149, 196, 23, 8, 17, 28, 22
1, 500, 19.0, 0.0, 19.0, 0.0, 'HLC1X4', 612, 792, 39, 148, 189, 18, 3, 13, 29, 6
1, 500, 27.0, 0.0, 27.0, 0.0, '3KPF6A', 589, 788, 33, 150, 205, 19, 1, 15, 22, 12
1, 500, 36.0, 0.0, 36.0, 0.0, 'YYNOC5', 600, 784, 29, 150, 205, 21, 4, 23, 31, 1
1, 500, 23.0, 0.0, 23.0, 0.0, 'IAYW4B', 593, 807, 40, 137, 213, 31, 6, 17, 47, 12
1, 500, 14.0, 0.0, 14.0, 0.0, 'IHYNCT', 597, 796, 42, 149, 202, 21, 6, 23, 25, 16
1, 500, 17.0, 0.0, 17.0, 0.0, 'AISFRD', 609, 820, 51, 133, 213, 20, 1, 15, 20, 2
1, 500, 15.0, 0.0, 15.0, 0.0, 'L72637', 598, 783, 34, 145, 212, 24, 1, 13, 15, 25
1, 500, 23.0, 0.0, 23.0, 0.0, 'R9CPH5', 602, 793, 44, 117, 199, 19, 7, 19, 37, 18
1, 500, 61.0, 0.0, 61.0, 0.0, '6EK2SC', 614, 783, 39, 135, 205, 16, 5, 10, 36, 1
1, 500, 25.0, 0.0, 25.0, 0.0, 'MX65BR', 606, 814, 32, 137, 201, 5, 1, 24, 21, 10
1, 500, 8.0, 0.0, 8.0, 0.0, 'QHJDY7', 589, 785, 42, 144, 223, 21, 6, 2, 27, 13
1, 500, 16.0, 0.0, 16.0, 0.0, 'VDQ2D9', 613, 847, 42, 151, 190, 22, 1, 17, 36, 7
1, 500, 20.0, 0.0, 20.0, 0.0, 'A1VCBE', 593, 792, 40, 137, 217, 19, 3, 22, 29, 1
1, 500, 16.0, 0.0, 16.0, 0.0, 'GYGMFN', 587, 809, 37, 130, 206, 22, 1, 18, 31, 5
1, 500, 26.0, 0.0, 26.0, 0.0, 'MXGM35', 611, 831, 37, 142, 199, 18, 4, 7, 23, 6
1, 500, 13.0, 0.0, 13.0, 0.0, 'Z6BH9A', 604, 786, 44, 131, 188, 24, 2, 13, 17, 8
1, 500, 20.0, 0.0, 20.0, 0.0, 'JR2GJG', 597, 808, 49, 158, 196, 14, 5, 8, 21, 1
1, 500, 22.0, 0.0, 22.0, 0.0, 'GPOMXE', 605, 805, 38, 143, 198, 17, 7, 12, 15, 3
1, 500, 20.0, 0.0, 20.0, 0.0, 'QJP4MK', 601, 772, 46, 133, 177, 21, 3, 13, 10, 21
1, 500, 16.0, 0.0, 16.0, 0.0, 'TCXPZW', 612, 811, 31, 137, 217, 25, 7, 12, 36, 6
1, 500, 16.0, 0.0, 16.0, 0.0, '8IKR5I', 595, 795, 40, 144, 189, 25, 1, 15, 33, 8
1, 500, 31.0, 0.0, 31.0, 0.0, '4YCLMM', 602, 788, 38, 166, 208, 19, 1, 19, 19, 8
1, 500, 49.0, 0.0, 49.0, 0.0, 'HCIERI', 599, 773, 38, 143, 190, 27, 1, 13, 22, 19
1, 500, 25.0, 0.0, 25.0, 0.0, 'M1XIBV', 594, 798, 43, 144, 209, 16, 3, 16, 49, 1
1, 500, 45.0, 0.0, 45.0, 0.0, 'POP1XY', 627, 795, 38, 153, 206, 15, 1, 18, 25, 26
1, 500, 42.0, 0.0, 42.0, 0.0, 'H1EBBO', 597, 804, 41, 158, 205, 20, 7, 18, 17, 4
1, 500, 17.0, 0.0, 17.0, 0.0, 'CQK7QR', 592, 810, 44, 136, 206, 20, 4, 17, 32, 1
1, 500, 24.0, 0.0, 24.0, 0.0, 'D1448J', 596, 821, 40, 131, 210, 20, 5, 13, 35, 1
1, 500, 31.0, 0.0, 31.0, 0.0, 'U656RP', 612, 819, 41, 150, 198, 20, 9, 23, 24, 12
1, 500, 35.0, 0.0, 35.0, 0.0, 'I6EOXI', 600, 771, 32, 146, 212, 22, 11, 13, 23, 8
1, 500, 23.0, 0.0, 23.0, 0.0, 'XUMKII', 602, 802, 43, 151, 198, 14, 4, 17, 24, 29
1, 500, 13.0, 0.0, 13.0, 0.0, '6RAMIS', 602, 791, 38, 138, 195, 25, 4, 21, 27, 3
1, 500, 16.0, 0.0, 16.0, 0.0, 'M54AIX', 591, 802, 43, 151, 213, 17, 1, 14, 31, 17
1, 500, 23.0, 0.0, 23.0, 0.0, 'GD87YC', 602, 783, 42, 130, 188, 18, 6, 16, 18, 8
1, 500, 16.0, 0.0, 16.0, 0.0, 'NVOGGG', 600, 766, 40, 126, 208, 23, 7, 25, 32, 17
1, 500, 11.0, 0.0, 11.0, 0.0, 'T5B59D', 584, 795, 35, 164, 210, 18, 6, 6, 5, 7
1, 500, 22.0, 0.0, 22.0, 0.0, 'LWX8GH', 603, 783, 36, 145, 202, 25, 3, 8, 32, 14
1, 500, 21.0, 0.0, 21.0, 0.0, 'FJFNIR', 607, 788, 41, 147, 206, 22, 4, 22, 35, 9
1, 500, 52.0, 0.0, 52.0, 0.0, 'J85IOJ', 601, 810, 44, 141, 197, 17, 1, 17, 33, 31
1, 500, 15.0, 0.0, 15.0, 0.0, 'O9RLMH', 598, 819, 46, 141, 200, 25, 1, 10, 12, 1
1, 500, 25.0, 0.0, 25.0, 0.0, 'GGX0II', 603, 797, 30, 135, 190, 22, 1, 6, 31, 7
1, 500, 27.0, 0.0, 27.0, 0.0, '1RH6RF', 603, 798, 38, 148, 187, 20, 4, 13, 30, 1
1, 500, 30.0, 0.0, 30.0, 0.0, 'G01DL5', 592, 784, 40, 162, 187, 13, 4, 20, 43, 14
1, 500, 20.0, 0.0, 20.0, 0.0, 'RLKUEL', 587, 823, 40, 128, 187, 25, 2, 21, 18, 1
1, 500, 43.0, 0.0, 43.0, 0.0, 'U8GTYQ', 595, 782, 41, 115, 200, 15, 10, 18, 28, 24
1, 500, 34.0, 0.0, 34.0, 0.0, 'XJWH43', 614, 806, 47, 138, 217, 24, 4, 19, 16, 23
1, 500, 40.0, 0.0, 40.0, 0.0, 'ZSLZ82', 597, 785, 35, 171, 197, 24, 4, 9, 15, 28
1, 500, 23.0, 0.0, 23.0, 0.0, 'RLHJSY', 590, 819, 39, 147, 206, 21, 1, 9, 24, 15
1, 500, 15.0, 0.0, 15.0, 0.0, 'ERCFUP', 602, 807, 38, 161, 205, 22, 1, 1, 16, 4
1, 500, 23.0, 0.0, 23.0, 0.0, 'TZ8IQW', 608, 807, 39, 132, 211, 23, 2, 5, 32, 11
1, 500, 9.0, 0.0, 9.0, 0.0, 'AJBBYS', 600, 797, 38, 143, 201, 23, 7, 15, 2, 1
1, 500, 19.0, 0.0, 19.0, 0.0, '02KCAW', 602, 807, 43, 132, 200, 18, 1, 14, 16, 2
1, 500, 22.0, 0.0, 22.0, 0.0, 'EYMMFD', 601, 803, 46, 147, 194, 17, 1, 13, 13, 6
1, 500, 18.0, 0.0, 18.0, 0.0, 'D1T19R', 579, 819, 44, 136, 195, 21, 1, 21, 35, 22
1, 500, 17.0, 0.0, 17.0, 0.0, 'V0Q43L', 599, 782, 46, 148, 187, 18, 1, 11, 3, 13
1, 500, 23.0, 0.0, 23.0, 0.0, 'BPA4LG', 606, 822, 46, 130, 188, 15, 1, 26, 9, 8
1, 500, 13.0, 0.0, 13.0, 0.0, 'O1U11L', 611, 823, 48, 129, 187, 17, 1, 12, 27, 10
1, 500, 19.0, 0.0, 19.0, 0.0, 'WBEBCW', 594, 791, 37, 145, 183, 24, 1, 21, 19, 18
1, 500, 23.0, 0.0, 23.0, 0.0, 'BTRCJO', 584, 795, 44, 136, 199, 22, 2, 13, 23, 9
1, 500, 22.0, 0.0, 22.0, 0.0, '72WHCD', 602, 799, 40, 143, 201, 17, 4, 12, 27, 11
1, 500, 20.0, 0.0, 20.0, 0.0, 'JOJTA4', 598, 786, 41, 141, 201, 16, 4, 11, 14, 2
1, 500, 16.0, 0.0, 16.0, 0.0, 'SOLPU8', 595, 787, 36, 130, 199, 24, 6, 17, 32, 1
1, 500, 74.0, 0.0, 74.0, 0.0, '6FBJK5', 588, 781, 45, 142, 184, 19, 6, 14, 39, 11
1, 500, 17.0, 0.0, 17.0, 0.0, 'Q50TFI', 583, 824, 42, 138, 187, 11, 1, 17, 19, 22
1, 500, 13.0, 0.0, 13.0, 0.0, 'N2SWS0', 606, 811, 39, 166, 194, 30, 4, 13, 12, 26
1, 500, 18.0, 0.0, 18.0, 0.0, 'JYEYSX', 592, 796, 43, 143, 209, 21, 2, 15, 24, 8
1, 500, 18.0, 0.0, 18.0, 0.0, 'PN3IHO', 591, 808, 39, 124, 191, 22, 3, 10, 12, 1
1, 500, 65.0, 0.0, 65.0, 0.0, 'Q5I2ST', 603, 816, 34, 154, 194, 10, 1, 4, 13, 21
1, 500, 18.0, 0.0, 18.0, 0.0, 'ER6775', 585, 798, 27, 142, 210, 24, 1, 13, 32, 1
1, 500, 28.0, 0.0, 28.0, 0.0, '2AVDUZ', 586, 808, 41, 153, 206, 17, 6, 21, 36, 9
1, 500, 27.0, 0.0, 27.0, 0.0, 'HEUVPC', 613, 787, 44, 141, 200, 18, 1, 17, 27, 12
1, 500, 25.0, 0.0, 25.0, 0.0, 'W3S685', 599, 787, 36, 146, 219, 22, 2, 8, 22, 7
1, 500, 20.0, 0.0, 20.0, 0.0, '80NDDY', 601, 801, 37, 122, 188, 18, 1, 25, 13, 3
1, 500, 23.0, 0.0, 23.0, 0.0, 'XRNTO2', 598, 828, 36, 133, 210, 19, 1, 18, 52, 13
1, 500, 23.0, 0.0, 23.0, 0.0, 'IP5Q6F', 602, 793, 33, 143, 191, 19, 2, 20, 42, 1
1, 500, 17.0, 0.0, 17.0, 0.0, 'JOH76A', 614, 817, 38, 155, 197, 23, 6, 15, 14, 26
1, 500, 19.0, 0.0, 19.0, 0.0, 'ROD9PD', 606, 798, 38, 142, 195, 20, 1, 18, 18, 16
1, 500, 62.0, 0.0, 62.0, 0.0, 'JVY5F1', 611, 816, 37, 134, 212, 19, 7, 16, 43, 19
1, 500, 64.0, 0.0, 64.0, 0.0, 'E9H8N8', 590, 801, 43, 146, 199, 11, 6, 20, 29, 23
1, 500, 9.0, 0.0, 9.0, 0.0, 'VGW7LM', 579, 793, 36, 132, 217, 26, 1, 19, 9, 19
1, 500, 21.0, 0.0, 21.0, 0.0, 'FKRGYK', 579, 801, 38, 130, 207, 24, 2, 9, 40, 20
1, 500, 16.0, 0.0, 16.0, 0.0, 'G3HI6E', 602, 805, 44, 128, 208, 26, 4, 19, 28, 1
1, 500, 17.0, 0.0, 17.0, 0.0, 'N2B5EI', 599, 807, 41, 120, 212, 25, 4, 12, 32, 1
1, 500, 48.0, 0.0, 48.0, 0.0, 'E2I3TD', 603, 795, 33, 120, 196, 19, 4, 7, 23, 11
1, 500, 17.0, 0.0, 17.0, 0.0, '09VXLO', 579, 801, 39, 140, 199, 17, 4, 30, 31, 5
1, 500, 100.0, 0.0, 100.0, 0.0, 'WQXPSG', 610, 805, 36, 140, 188, 16, 4, 9, 28, 31
1, 500, 11.0, 0.0, 11.0, 0.0, '0NF13Q', 610, 801, 52, 161, 205, 25, 1, 18, 40, 1
1, 500, 19.0, 0.0, 19.0, 0.0, 'I83LUF', 602, 814, 36, 154, 202, 18, 1, 18, 22, 8
1, 500, 16.0, 0.0, 16.0, 0.0, 'UA27B0', 614, 804, 44, 136, 206, 23, 4, 15, 37, 13
1, 500, 25.0, 0.0, 25.0, 0.0, 'X9F1HO', 611, 806, 38, 154, 202, 21, 1, 16, 30, 10
1, 500, 12.0, 0.0, 12.0, 0.0, 'WBPYFU', 603, 818, 50, 127, 190, 13, 1, 12, 30, 22
1, 500, 35.0, 0.0, 35.0, 0.0, 'WB5NK0', 624, 833, 32, 142, 194, 12, 1, 21, 31, 24
1, 500, 15.0, 0.0, 15.0, 0.0, 'D2M88I', 597, 796, 52, 144, 205, 15, 3, 7, 20, 9
1, 500, 16.0, 0.0, 16.0, 0.0, 'PDYALU', 611, 808, 35, 146, 205, 22, 5, 20, 14, 1
1, 500, 15.0, 0.0, 15.0, 0.0, '2C46A7', 610, 815, 29, 157, 174, 17, 9, 17, 22, 8
1, 500, 30.0, 0.0, 30.0, 0.0, 'JWDJYH', 597, 794, 40, 132, 199, 12, 5, 22, 27, 6
1, 500, 14.0, 0.0, 14.0, 0.0, '9OPD4E', 582, 799, 38, 138, 215, 24, 5, 16, 17, 3
1, 500, 15.0, 0.0, 15.0, 0.0, 'GOEA99', 592, 801, 39, 149, 193, 21, 1, 21, 22, 1
1, 500, 20.0, 0.0, 20.0, 0.0, 'EVNW8R', 610, 817, 42, 146, 205, 20, 3, 9, 24, 1
1, 500, 18.0, 0.0, 18.0, 0.0, 'KKCP7G', 600, 797, 45, 145, 206, 17, 2, 12, 43, 5
1, 500, 85.0, 0.0, 85.0, 0.0, '3YDN49', 613, 809, 38, 141, 203, 20, 1, 13, 15, 14
1, 500, 26.0, 0.0, 26.0, 0.0, '2STFMO', 609, 794, 45, 124, 209, 20, 6, 15, 29, 17
1, 500, 19.0, 0.0, 19.0, 0.0, '4WVEXP', 598, 804, 41, 132, 203, 20, 3, 10, 10, 13
1, 500, 14.0, 0.0, 14.0, 0.0, '27PREO', 600, 796, 41, 111, 204, 19, 1, 21, 18, 1
1, 500, 18.0, 0.0, 18.0, 0.0, 'I02DI4', 602, 805, 45, 136, 185, 19, 1, 16, 43, 1
1, 500, 22.0, 0.0, 22.0, 0.0, 'UYVXVD', 600, 773, 37, 134, 197, 22, 1, 17, 6, 11
1, 500, 27.0, 0.0, 27.0, 0.0, 'A4I1HP', 591, 827, 41, 150, 193, 11, 3, 21, 11, 11
1, 500, 13.0, 0.0, 13.0, 0.0, 'NYPDC6', 582, 794, 38, 156, 230, 21, 9, 25, 4, 7
1, 500, 17.0, 0.0, 17.0, 0.0, 'S13VEI', 608, 821, 45, 125, 198, 20, 1, 14, 30, 1
1, 500, 22.0, 0.0, 22.0, 0.0, 'EWD06Q', 606, 817, 38, 147, 179, 19, 1, 23, 18, 28
1, 500, 19.0, 0.0, 19.0, 0.0, '1DW46U', 586, 805, 40, 138, 214, 14, 1, 14, 33, 10
1, 500, 24.0, 0.0, 24.0, 0.0, 'WVTFCD', 591, 825, 46, 145, 204, 22, 5, 12, 29, 1
1, 500, 24.0, 0.0, 24.0, 0.0, 'LHOL5S', 598, 798, 40, 148, 211, 15, 4, 19, 26, 2
1, 500, 13.0, 0.0, 13.0, 0.0, 'L65J3T', 590, 799, 40, 144, 171, 31, 1, 26, 21, 26
1, 500, 69.0, 0.0, 69.0, 0.0, '6H70OX', 608, 823, 42, 163, 200, 13, 7, 22, 18, 6
1, 500, 29.0, 0.0, 29.0, 0.0, '90I719', 591, 816, 42, 149, 199, 15, 6, 12, 31, 11
1, 500, 46.0, 0.0, 46.0, 0.0, 'QBK07B', 606, 782, 40, 135, 213, 10, 7, 19, 35, 26
1, 500, 19.0, 0.0, 19.0, 0.0, 'M4MSYY', 589, 791, 43, 153, 208, 16, 3, 8, 25, 17
1, 500, 22.0, 0.0, 22.0, 0.0, 'LK1FX3', 589, 804, 32, 143, 186, 28, 2, 7, 26, 1
1, 500, 44.0, 0.0, 44.0, 0.0, 'S5CGZX', 605, 766, 36, 143, 221, 14, 5, 16, 19, 15
1, 500, 17.0, 0.0, 17.0, 0.0, '00HLTV', 619, 801, 39, 142, 216, 22, 1, 6, 24, 19
1, 500, 22.0, 0.0, 22.0, 0.0, 'M9BCYC', 594, 776, 50, 131, 190, 15, 2, 20, 30, 8
1, 500, 15.0, 0.0, 15.0, 0.0, '4UVL1O', 608, 778, 48, 125, 188, 30, 4, 4, 12, 26
1, 500, 23.0, 0.0, 23.0, 0.0, 'NQ0YFS', 604, 808, 40, 152, 196, 18, 2, 22, 18, 12
1, 500, 14.0, 0.0, 14.0, 0.0, 'ALI8JQ', 605, 794, 48, 148, 224, 13, 1, 15, 23, 12
1, 500, 14.0, 0.0, 14.0, 0.0, '6LNOS9', 615, 804, 37, 129, 185, 22, 5, 19, 11, 14
1, 500, 16.0, 0.0, 16.0, 0.0, 'DEYO6P', 598, 796, 52, 159, 193, 21, 3, 13, 27, 6
1, 500, 13.0, 0.0, 13.0, 0.0, 'E9MK4Q', 618, 804, 38, 137, 185, 18, 1, 20, 27, 19
1, 500, 18.0, 0.0, 18.0, 0.0, 'SL3G5L', 595, 803, 43, 137, 186, 21, 2, 17, 29, 20
1, 500, 23.0, 0.0, 23.0, 0.0, 'PU7SY9', 594, 817, 38, 143, 209, 16, 5, 21, 15, 2
1, 500, 17.0, 0.0, 17.0, 0.0, 'A042L0', 607, 837, 38, 139, 200, 14, 1, 15, 6, 5
1, 500, 17.0, 0.0, 17.0, 0.0, 'B7571K', 604, 841, 46, 126, 204, 22, 1, 18, 14, 3
1, 500, 38.0, 0.0, 38.0, 0.0, '0LULYK', 626, 805, 37, 130, 191, 21, 3, 22, 26, 22
1, 500, 149.0, 0.0, 149.0, 0.0, 'Y3258A', 595, 785, 37, 153, 209, 14, 6, 13, 21, 20
1, 500, 39.0, 0.0, 39.0, 0.0, 'AJA0IO', 601, 774, 36, 126, 206, 20, 3, 23, 11, 1
1, 500, 8.0, 0.0, 8.0, 0.0, 'FXN3EO', 594, 789, 38, 131, 188, 29, 7, 26, 5, 18
1, 500, 17.0, 0.0, 17.0, 0.0, 'S1LV9J', 598, 813, 36, 136, 189, 20, 1, 28, 4, 22
1, 500, 23.0, 0.0, 23.0, 0.0, 'G2UK0B', 588, 814, 33, 137, 189, 27, 2, 17, 33, 4
1, 500, 79.0, 0.0, 79.0, 0.0, 'OP7VFG', 615, 788, 37, 134, 199, 23, 1, 12, 36, 20
1, 500, 10.0, 0.0, 10.0, 0.0, 'EHGSMO', 596, 783, 39, 128, 205, 17, 7, 4, 25, 1
1, 500, 63.0, 0.0, 63.0, 0.0, 'PJHZWR', 606, 776, 33, 150, 196, 15, 6, 8, 35, 6
1, 500, 25.0, 0.0, 25.0, 0.0, 'HSSZE4', 619, 779, 40, 167, 200, 26, 5, 11, 25, 24
1, 500, 17.0, 0.0, 17.0, 0.0, 'PEQ4FY', 597, 806, 40, 146, 202, 19, 1, 17, 32, 1
1, 500, 13.0, 0.0, 13.0, 0.0, 'DYQRBA', 591, 795, 38, 120, 199, 28, 2, 17, 34, 21
1, 500, 13.0, 0.0, 13.0, 0.0, 'ZS951L', 579, 799, 42, 133, 183, 24, 7, 12, 17, 11
1, 500, 20.0, 0.0, 20.0, 0.0, 'PUI93W', 591, 818, 39, 135, 195, 17, 3, 13, 26, 7
1, 500, 31.0, 0.0, 31.0, 0.0, 'LC72K4', 625, 794, 38, 144, 209, 16, 1, 21, 24, 18
1, 500, 15.0, 0.0, 15.0, 0.0, 'PYKMF7', 610, 809, 43, 149, 201, 17, 5, 6, 13, 10
1, 500, 12.0, 0.0, 12.0, 0.0, 'IV8AZM', 597, 803, 44, 142, 181, 26, 4, 18, 36, 12
1, 500, 14.0, 0.0, 14.0, 0.0, '4FTHQ5', 608, 811, 37, 117, 206, 25, 3, 10, 25, 3
1, 500, 28.0, 0.0, 28.0, 0.0, 'Z7VQR3', 594, 795, 35, 148, 204, 17, 1, 18, 34, 3
1, 500, 25.0, 0.0, 25.0, 0.0, 'FGDQDH', 601, 821, 36, 130, 197, 17, 5, 23, 26, 8
1, 500, 9.0, 0.0, 9.0, 0.0, 'HL8KU1', 585, 818, 38, 149, 200, 22, 7, 21, 17, 27
1, 500, 23.0, 0.0, 23.0, 0.0, 'N21R6H', 605, 805, 46, 144, 208, 18, 1, 15, 22, 14
1, 500, 75.0, 0.0, 75.0, 0.0, '065PM7', 614, 822, 42, 157, 196, 17, 3, 19, 34, 35
1, 500, 24.0, 0.0, 24.0, 0.0, 'QZAFOW', 590, 796, 37, 159, 178, 24, 1, 20, 19, 8
1, 500, 30.0, 0.0, 30.0, 0.0, 'GVRAB5', 584, 790, 41, 126, 179, 24, 1, 16, 23, 26
1, 500, 18.0, 0.0, 18.0, 0.0, 'SNKCPI', 592, 814, 40, 124, 199, 20, 1, 15, 15, 18
1, 500, 13.0, 0.0, 13.0, 0.0, 'ZD7K4P', 586, 811, 42, 129, 225, 25, 6, 22, 34, 14
1, 500, 31.0, 0.0, 31.0, 0.0, 'AEHP4F', 607, 823, 35, 134, 204, 18, 5, 19, 22, 11
1, 500, 29.0, 0.0, 29.0, 0.0, 'YAXROO', 603, 811, 40, 122, 207, 14, 9, 9, 23, 1
1, 500, 15.0, 0.0, 15.0, 0.0, 'TMG23D', 596, 797, 37, 139, 203, 26, 6, 16, 20, 8
1, 500, 12.0, 0.0, 12.0, 0.0, 'A9PFJ8', 579, 796, 46, 129, 200, 21, 5, 11, 24, 1
1, 500, 17.0, 0.0, 17.0, 0.0, 'MOZDUL', 594, 796, 46, 116, 197, 18, 1, 19, 13, 1
1, 500, 57.0, 0.0, 57.0, 0.0, '6KOFTP', 591, 807, 30, 149, 218, 17, 1, 18, 18, 19
1, 500, 14.0, 0.0, 14.0, 0.0, 'V9XPRH', 600, 832, 46, 137, 175, 21, 1, 17, 26, 21
1, 500, 16.0, 0.0, 16.0, 0.0, 'YQGEIE', 589, 803, 32, 147, 217, 25, 1, 18, 3, 26
1, 500, 20.0, 0.0, 20.0, 0.0, 'FT1TD1', 584, 806, 40, 147, 215, 24, 3, 14, 1, 23
1, 500, 21.0, 0.0, 21.0, 0.0, '7AN65Y', 594, 791, 41, 138, 206, 19, 6, 9, 29, 1
1, 500, 17.0, 0.0, 17.0, 0.0, 'TUQ83U', 586, 799, 44, 148, 199, 28, 1, 15, 16, 16
1, 500, 23.0, 0.0, 23.0, 0.0, 'XIJ4AV', 611, 798, 38, 121, 206, 18, 2, 10, 27, 1
1, 500, 17.0, 0.0, 17.0, 0.0, 'T8IH0Y', 606, 809, 42, 137, 187, 23, 4, 19, 12, 18
1, 500, 19.0, 0.0, 19.0, 0.0, 'O3BJ9E', 610, 794, 40, 149, 188, 24, 4, 12, 18, 11
1, 500, 31.0, 0.0, 31.0, 0.0, 'PFWI9L', 593, 798, 41, 164, 212, 18, 5, 19, 29, 19
1, 500, 20.0, 0.0, 20.0, 0.0, 'SG99KX', 606, 821, 43, 149, 208, 16, 1, 17, 12, 6
1, 500, 14.0, 0.0, 14.0, 0.0, 'KV1IA2', 606, 803, 43, 133, 210, 23, 1, 8, 25, 1
1, 500, 19.0, 0.0, 19.0, 0.0, '79JYRF', 588, 814, 44, 151, 195, 26, 1, 13, 49, 13
1, 500, 12.0, 0.0, 12.0, 0.0, '6J4XSV', 591, 793, 39, 159, 200, 25, 4, 20, 12, 7
1, 500, 23.0, 0.0, 23.0, 0.0, 'GQ9VNS', 602, 782, 42, 150, 201, 29, 4, 17, 35, 4
1, 500, 28.0, 0.0, 28.0, 0.0, 'LYFLBS', 617, 786, 33, 145, 189, 20, 1, 18, 28, 1
1, 500, 33.0, 0.0, 33.0, 0.0, 'O3UMS7', 598, 795, 31, 130, 210, 17, 5, 11, 17, 1
1, 500, 20.0, 0.0, 20.0, 0.0, '8OP8L8', 608, 810, 34, 127, 229, 26, 1, 9, 10, 18
1, 500, 25.0, 0.0, 25.0, 0.0, 'SLX46I', 597, 786, 40, 154, 202, 14, 5, 14, 38, 10
1, 500, 15.0, 0.0, 15.0, 0.0, 'VJD7NE', 607, 797, 48, 154, 200, 25, 1, 18, 36, 12
1, 500, 31.0, 0.0, 31.0, 0.0, 'TURQKV', 587, 820, 36, 139, 188, 16, 6, 15, 49, 7
1, 500, 16.0, 0.0, 16.0, 0.0, '7Y21VH', 596, 808, 41, 153, 199, 28, 1, 18, 18, 5
1, 500, 45.0, 0.0, 45.0, 0.0, 'OCEG2E', 596, 815, 47, 128, 188, 13, 5, 15, 33, 8
1, 500, 26.0, 0.0, 26.0, 0.0, '5ZWWWH', 588, 797, 37, 135, 191, 13, 3, 16, 25, 16
1, 500, 21.0, 0.0, 21.0, 0.0, '5327Q9', 587, 781, 45, 130, 185, 28, 1, 20, 29, 8
1, 500, 23.0, 0.0, 23.0, 0.0, '8XBK9U', 580, 794, 36, 139, 191, 23, 2, 16, 33, 1
1, 500, 49.0, 0.0, 49.0, 0.0, 'N22P7K', 599, 820, 35, 142, 205, 22, 1, 15, 33, 20
1, 500, 38.0, 0.0, 38.0, 0.0, 'PCHQBU', 593, 792, 34, 139, 198, 26, 4, 7, 46, 12
1, 500, 88.0, 0.0, 88.0, 0.0, '51TEDV', 604, 791, 32, 130, 193, 19, 1, 16, 24, 14
1, 500, 41.0, 0.0, 41.0, 0.0, 'RP4UFU', 608, 800, 45, 132, 192, 15, 3, 18, 31, 25
1, 500, 22.0, 0.0, 22.0, 0.0, 'M7QFSW', 593, 799, 34, 155, 199, 10, 1, 9, 16, 1
1, 500, 4.0, 0.0, 4.0, 0.0, 'A0DY0C', 615, 768, 37, 120, 200, 33, 9, 13, 12, 29
1, 500, 14.0, 0.0, 14.0, 0.0, 'HDDVH5', 584, 823, 44, 133, 185, 21, 1, 16, 29, 4
1, 500, 24.0, 0.0, 24.0, 0.0, 'O22YJQ', 605, 756, 36, 124, 222, 18, 1, 20, 21, 19
1, 500, 38.0, 0.0, 38.0, 0.0, '0S7XQW', 600, 814, 36, 134, 196, 24, 3, 13, 23, 20
1, 500, 19.0, 0.0, 19.0, 0.0, '2T6480', 595, 779, 35, 134, 174, 22, 3, 12, 27, 1
1, 500, 20.0, 0.0, 20.0, 0.0, 'ZSY173', 594, 782, 45, 141, 210, 17, 1, 12, 39, 26
1, 500, 18.0, 0.0, 18.0, 0.0, 'MSUC72', 601, 781, 41, 132, 204, 20, 5, 11, 35, 10
1, 500, 18.0, 0.0, 18.0, 0.0, 'DRKOBO', 613, 796, 47, 126, 182, 9, 3, 11, 23, 2
1, 500, 15.0, 0.0, 15.0, 0.0, '3YD4SC', 612, 796, 38, 152, 215, 21, 5, 11, 13, 10
1, 500, 16.0, 0.0, 16.0, 0.0, 'LKAPU3', 593, 807, 39, 147, 205, 22, 3, 13, 13, 1
1, 500, 26.0, 0.0, 26.0, 0.0, 'NYUIFT', 582, 761, 31, 126, 221, 19, 1, 17, 33, 4
1, 500, 28.0, 0.0, 28.0, 0.0, '83P2FT', 599, 817, 42, 144, 194, 12, 7, 13, 25, 1
1, 500, 11.0, 0.0, 11.0, 0.0, 'B1YKAI', 615, 805, 38, 123, 192, 28, 2, 18, 16, 23
1, 500, 18.0, 0.0, 18.0, 0.0, '46LY59', 610, 803, 50, 127, 200, 22, 2, 10, 20, 1
1, 500, 44.0, 0.0, 44.0, 0.0, '0IHF3R', 604, 797, 45, 140, 177, 13, 5, 15, 30, 13
1, 500, 25.0, 0.0, 25.0, 0.0, 'K25YKK', 602, 805, 43, 144, 205, 12, 6, 9, 29, 5
1, 500, 19.0, 0.0, 19.0, 0.0, 'VTXFL0', 604, 789, 46, 148, 184, 20, 4, 18, 29, 1
1, 500, 17.0, 0.0, 17.0, 0.0, 'YIKSP5', 600, 816, 41, 132, 200, 22, 1, 10, 42, 6
1, 500, 73.0, 0.0, 73.0, 0.0, 'Q0SQ26', 626, 808, 34, 137, 202, 20, 5, 18, 36, 15
1, 500, 48.0, 0.0, 48.0, 0.0, 'XIYVJ4', 593, 797, 36, 130, 189, 12, 3, 14, 24, 7
1, 500, 16.0, 0.0, 16.0, 0.0, 'ZYLL9T', 587, 774, 48, 138, 196, 17, 7, 11, 26, 6
1, 500, 14.0, 0.0, 14.0, 0.0, '6WNZ17', 588, 783, 39, 143, 200, 24, 1, 22, 14, 10
1, 500, 18.0, 0.0, 18.0, 0.0, '8SLAFW', 591, 790, 46, 143, 214, 18, 3, 16, 21, 1
1, 500, 24.0, 0.0, 24.0, 0.0, 'A4RNLG', 596, 788, 27, 126, 194, 25, 1, 13, 19, 9
1, 500, 28.0, 0.0, 28.0, 0.0, 'U9XO17', 602, 821, 39, 130, 199, 16, 6, 10, 1, 15
1, 500, 62.0, 0.0, 62.0, 0.0, 'QEWMVH', 599, 789, 39, 124, 202, 25, 3, 18, 31, 22
1, 500, 21.0, 0.0, 21.0, 0.0, 'ZJQ5XM', 614, 800, 40, 136, 199, 11, 2, 6, 23, 8
1, 500, 21.0, 0.0, 21.0, 0.0, 'AR81EF', 599, 819, 40, 140, 186, 30, 7, 16, 21, 21
1, 500, 69.0, 0.0, 69.0, 0.0, 'KQQ2XQ', 595, 802, 31, 122, 208, 17, 5, 20, 28, 14
1, 500, 25.0, 0.0, 25.0, 0.0, '823CER', 604, 798, 39, 133, 205, 26, 6, 25, 26, 15
1, 500, 17.0, 0.0, 17.0, 0.0, 'SB6GSV', 610, 807, 42, 128, 199, 22, 1, 9, 39, 1
1, 500, 21.0, 0.0, 21.0, 0.0, 'NW9CAR', 597, 808, 35, 152, 182, 29, 4, 26, 28, 1
1, 500, 30.0, 0.0, 30.0, 0.0, 'NJAYOH', 606, 787, 32, 143, 216, 22, 1, 15, 33, 23
1, 500, 15.0, 0.0, 15.0, 0.0, '0SHI4T', 589, 789, 39, 144, 201, 20, 1, 16, 19, 1
1, 500, 31.0, 0.0, 31.0, 0.0, 'TVFLJ4', 603, 805, 33, 126, 206, 26, 3, 10, 25, 4
1, 500, 12.0, 0.0, 12.0, 0.0, 'O8LXLR', 610, 787, 32, 145, 211, 22, 1, 3, 10, 5
1, 500, 25.0, 0.0, 25.0, 0.0, 'O438FT', 587, 827, 44, 137, 198, 25, 5, 21, 32, 4
1, 500, 15.0, 0.0, 15.0, 0.0, 'CL248V', 617, 785, 35, 139, 208, 22, 6, 7, 17, 11
1, 500, 19.0, 0.0, 19.0, 0.0, 'CF069J', 598, 792, 40, 136, 199, 17, 1, 10, 27, 1
1, 500, 18.0, 0.0, 18.0, 0.0, 'CKU18N', 606, 823, 40, 147, 200, 25, 3, 12, 24, 1
1, 500, 11.0, 0.0, 11.0, 0.0, 'YEU8CO', 619, 791, 47, 141, 205, 25, 1, 9, 19, 1
1, 500, 13.0, 0.0, 13.0, 0.0, '178B0L', 597, 789, 51, 147, 201, 26, 2, 16, 34, 12
1, 500, 20.0, 0.0, 20.0, 0.0, '3SCAOC', 601, 818, 33, 147, 219, 25, 6, 11, 27, 18
1, 500, 29.0, 0.0, 29.0, 0.0, 'WTON2V', 602, 794, 41, 132, 179, 12, 1, 26, 38, 8
1, 500, 17.0, 0.0, 17.0, 0.0, 'M3IU5K', 597, 774, 36, 157, 191, 19, 1, 6, 13, 1
1, 500, 127.0, 0.0, 127.0, 0.0, '4R7KM2', 595, 810, 36, 147, 199, 20, 6, 17, 38, 34
1, 500, 26.0, 0.0, 26.0, 0.0, '4C75SI', 592, 803, 45, 126, 188, 21, 8, 19, 12, 4
1, 500, 20.0, 0.0, 20.0, 0.0, 'RCD3AD', 597, 822, 46, 135, 196, 18, 4, 13, 26, 1
1, 500, 19.0, 0.0, 19.0, 0.0, 'ZPBHGK', 610, 808, 39, 144, 210, 21, 5, 17, 17, 8
1, 500, 20.0, 0.0, 20.0, 0.0, 'J4NOSJ', 613, 804, 36, 150, 208, 24, 1, 12, 41, 1
1, 500, 16.0, 0.0, 16.0, 0.0, 'WPLO4P', 594, 809, 38, 137, 196, 19, 11, 10, 13, 9
1, 500, 28.0, 0.0, 28.0, 0.0, 'HVFLQ8', 611, 815, 38, 129, 190, 15, 6, 15, 32, 7
1, 500, 33.0, 0.0, 33.0, 0.0, 'EFKPZR', 598, 818, 36, 139, 200, 17, 1, 18, 5, 15
1, 500, 14.0, 0.0, 14.0, 0.0, '2BTVDQ', 604, 816, 35, 128, 192, 25, 3, 19, 20, 8
1, 500, 19.0, 0.0, 19.0, 0.0, 'VARRVO', 597, 803, 45, 135, 195, 19, 6, 10, 21, 1
1, 500, 22.0, 0.0, 22.0, 0.0, 'A2QAPO', 589, 791, 40, 149, 194, 21, 3, 22, 24, 1
1, 500, 25.0, 0.0, 25.0, 0.0, 'S083LL', 593, 791, 43, 144, 217, 15, 4, 24, 29, 16
1, 500, 28.0, 0.0, 28.0, 0.0, 'CIEJGX', 579, 819, 37, 125, 192, 13, 3, 15, 22, 11
1, 500, 14.0, 0.0, 14.0, 0.0, '7OEEBD', 610, 804, 30, 163, 208, 20, 2, 14, 18, 7
1, 500, 15.0, 0.0, 15.0, 0.0, '7WOU0K', 600, 796, 37, 144, 183, 23, 4, 7, 17, 1
1, 500, 27.0, 0.0, 27.0, 0.0, 'BUXZ7G', 592, 807, 35, 131, 190, 15, 5, 13, 23, 12
1, 500, 22.0, 0.0, 22.0, 0.0, 'M3ZJ0J', 604, 778, 39, 121, 204, 20, 1, 22, 16, 8
1, 500, 19.0, 0.0, 19.0, 0.0, 'WJDUTO', 607, 781, 35, 137, 198, 22, 2, 16, 12, 12
1, 500, 27.0, 0.0, 27.0, 0.0, 'ZDURJ5', 600, 800, 33, 154, 192, 23, 1, 14, 40, 1
1, 500, 34.0, 0.0, 34.0, 0.0, 'YAUAD5', 592, 825, 31, 145, 222, 15, 1, 14, 3, 20
1, 500, 21.0, 0.0, 21.0, 0.0, 'OYXBA5', 606, 777, 44, 129, 190, 25, 1, 16, 20, 12
1, 500, 23.0, 0.0, 23.0, 0.0, '7J64IW', 606, 786, 32, 140, 211, 24, 3, 19, 17, 8
1, 500, 40.0, 0.0, 40.0, 0.0, '2IBRPB', 596, 812, 37, 143, 198, 16, 5, 15, 35, 9
1, 500, 41.0, 0.0, 41.0, 0.0, 'IEWB76', 597, 821, 38, 138, 188, 34, 9, 9, 24, 18
1, 500, 12.0, 0.0, 12.0, 0.0, '0XB9D1', 598, 825, 41, 134, 190, 26, 6, 18, 13, 24
1, 500, 64.0, 0.0, 64.0, 0.0, '9TTL9L', 599, 797, 33, 138, 196, 17, 3, 12, 26, 3
1, 500, 61.0, 0.0, 61.0, 0.0, 'B0KPJC', 615, 795, 36, 130, 210, 19, 3, 22, 11, 28
1, 500, 25.0, 0.0, 25.0, 0.0, '0SMMOS', 616, 796, 39, 128, 217, 15, 5, 19, 18, 14
1, 500, 21.0, 0.0, 21.0, 0.0, 'GJ90T1', 604, 828, 38, 126, 218, 10, 1, 10, 25, 14
1, 500, 18.0, 0.0, 18.0, 0.0, '680BC1', 579, 805, 44, 131, 196, 22, 1, 12, 33, 1
1, 500, 29.0, 0.0, 29.0, 0.0, 'P7NCOF', 584, 811, 35, 149, 197, 20, 3, 12, 30, 5
1, 500, 21.0, 0.0, 21.0, 0.0, '1N6HUT', 595, 810, 42, 140, 187, 17, 1, 18, 22, 2
1, 500, 57.0, 0.0, 57.0, 0.0, 'IJ19O4', 614, 800, 35, 143, 199, 20, 3, 22, 29, 14
1, 500, 17.0, 0.0, 17.0, 0.0, 'JYBWZB', 589, 794, 45, 136, 210, 19, 1, 13, 29, 10
1, 500, 13.0, 0.0, 13.0, 0.0, 'W5SRUL', 598, 779, 38, 137, 197, 24, 1, 7, 19, 4
1, 500, 11.0, 0.0, 11.0, 0.0, '6AS6EB', 578, 817, 30, 138, 203, 21, 5, 17, 5, 17
1, 500, 21.0, 0.0, 21.0, 0.0, '7AIIIK', 596, 775, 37, 132, 199, 22, 1, 17, 24, 3
1, 500, 17.0, 0.0, 17.0, 0.0, '2AXG93', 579, 786, 45, 123, 204, 20, 6, 19, 29, 17
1, 500, 24.0, 0.0, 24.0, 0.0, 'C8FN7Y', 601, 780, 34, 141, 196, 14, 2, 16, 19, 13
1, 500, 15.0, 0.0, 15.0, 0.0, 'QAN0TX', 603, 796, 46, 148, 215, 25, 1, 11, 34, 2
1, 500, 62.0, 0.0, 62.0, 0.0, '36IPDK', 599, 827, 37, 148, 199, 13, 3, 10, 26, 3
1, 500, 22.0, 0.0, 22.0, 0.0, 'FFI66U', 587, 797, 41, 136, 221, 11, 4, 14, 30, 6
1, 500, 28.0, 0.0, 28.0, 0.0, 'VML7BB', 597, 777, 30, 136, 202, 17, 1, 21, 17, 14
1, 500, 33.0, 0.0, 33.0, 0.0, '0N2JDH', 609, 810, 34, 136, 186, 9, 2, 24, 33, 1
1, 500, 37.0, 0.0, 37.0, 0.0, 'IL3LQW', 612, 801, 31, 136, 207, 14, 1, 21, 12, 1
1, 500, 27.0, 0.0, 27.0, 0.0, 'NX0EWK', 606, 792, 39, 152, 198, 12, 5, 16, 23, 1
1, 500, 17.0, 0.0, 17.0, 0.0, 'WGBG8T', 598, 791, 40, 130, 198, 17, 6, 20, 7, 6
1, 500, 19.0, 0.0, 19.0, 0.0, 'HEKJ6U', 601, 802, 48, 137, 205, 25, 4, 12, 25, 12
1, 500, 30.0, 0.0, 30.0, 0.0, 'NBHU0Z', 592, 812, 30, 148, 189, 18, 4, 15, 43, 10
1, 500, 18.0, 0.0, 18.0, 0.0, 'HMCSXC', 594, 778, 43, 146, 196, 16, 1, 17, 16, 6
1, 500, 30.0, 0.0, 30.0, 0.0, 'UMZ11E', 626, 818, 36, 115, 201, 15, 7, 22, 2, 12
1, 500, 31.0, 0.0, 31.0, 0.0, '0DG67I', 608, 839, 42, 143, 199, 15, 1, 15, 1, 25
1, 500, 22.0, 0.0, 22.0, 0.0, 'RXUMWK', 605, 798, 47, 135, 178, 14, 4, 16, 14, 27
1, 500, 25.0, 0.0, 25.0, 0.0, 'Q7VYQY', 609, 801, 40, 155, 206, 30, 1, 13, 11, 11
1, 500, 28.0, 0.0, 28.0, 0.0, 'F8ZCDO', 601, 794, 36, 144, 212, 15, 1, 15, 8, 4
1, 500, 25.0, 0.0, 25.0, 0.0, 'M3JGNK', 593, 814, 40, 129, 198, 26, 7, 12, 38, 28
1, 500, 17.0, 0.0, 17.0, 0.0, '3Z5IC3', 612, 787, 46, 142, 201, 21, 2, 6, 20, 1
1, 500, 14.0, 0.0, 14.0, 0.0, 'NY6ZH0', 611, 817, 50, 152, 202, 23, 1, 13, 10, 6
1, 500, 17.0, 0.0, 17.0, 0.0, 'WCXJSQ', 596, 796, 32, 126, 184, 18, 3, 10, 4, 2
1, 500, 13.0, 0.0, 13.0, 0.0, 'CTDDE8', 570, 816, 39, 149, 200, 25, 4, 10, 19, 1
1, 500, 24.0, 0.0, 24.0, 0.0, 'KQJABT', 605, 802, 39, 149, 195, 15, 8, 14, 21, 7
1, 500, 30.0, 0.0, 30.0, 0.0, '318ZKI', 576, 805, 40, 148, 178, 19, 5, 23, 33, 17
1, 500, 22.0, 0.0, 22.0, 0.0, '2ZK78O', 620, 793, 42, 127, 213, 29, 1, 17, 6, 7
1, 500, 295.0, 0.0, 295.0, 0.0, 'NRE4RM', 603, 807, 33, 146, 189, 19, 6, 16, 31, 17
1, 500, 25.0, 0.0, 25.0, 0.0, '4NJTO0', 603, 782, 39, 142, 212, 18, 1, 17, 17, 18
1, 500, 85.0, 0.0, 85.0, 0.0, 'EY4DXP', 590, 799, 23, 142, 209, 11, 1, 11, 27, 18
1, 500, 71.0, 0.0, 71.0, 0.0, 'S8ZX0L', 595, 780, 40, 155, 198, 13, 4, 19, 12, 18
1, 500, 31.0, 0.0, 31.0, 0.0, '2H2CN5', 603, 802, 35, 148, 198, 17, 1, 9, 14, 21
1, 500, 23.0, 0.0, 23.0, 0.0, 'P4YVEP', 596, 818, 38, 146, 188, 11, 5, 10, 5, 8
1, 500, 24.0, 0.0, 24.0, 0.0, 'ZOX5QX', 597, 791, 35, 116, 212, 16, 3, 17, 18, 8
1, 500, 33.0, 0.0, 33.0, 0.0, 'QCJUT9', 591, 781, 46, 139, 210, 24, 2, 11, 31, 18
1, 500, 14.0, 0.0, 14.0, 0.0, '96YGD8', 598, 794, 39, 143, 193, 29, 1, 13, 32, 12
1, 500, 15.0, 0.0, 15.0, 0.0, 'QI5VPW', 594, 784, 42, 149, 205, 25, 1, 13, 29, 4
1, 500, 33.0, 0.0, 33.0, 0.0, '5GYRXE', 582, 796, 40, 143, 183, 18, 6, 15, 22, 9
1, 500, 16.0, 0.0, 16.0, 0.0, 'O1509E', 597, 794, 41, 132, 192, 20, 3, 8, 29, 19
1, 500, 50.0, 0.0, 50.0, 0.0, 'ZUAVY0', 612, 802, 40, 140, 199, 16, 3, 20, 37, 13
1, 500, 19.0, 0.0, 19.0, 0.0, 'MSDOYQ', 593, 792, 45, 128, 194, 22, 1, 20, 20, 11
1, 500, 16.0, 0.0, 16.0, 0.0, 'M6EUAX', 597, 779, 37, 151, 209, 22, 1, 11, 24, 7
1, 500, 18.0, 0.0, 18.0, 0.0, 'AIS6VS', 608, 807, 44, 142, 189, 11, 1, 19, 23, 12
1, 500, 27.0, 0.0, 27.0, 0.0, 'E3O7M8', 594, 803, 42, 146, 198, 14, 4, 19, 33, 9
1, 500, 13.0, 0.0, 13.0, 0.0, 'BTMX9T', 600, 801, 48, 145, 207, 20, 1, 15, 8, 1
1, 500, 19.0, 0.0, 19.0, 0.0, 'CFFB85', 601, 807, 39, 134, 211, 19, 1, 15, 33, 5
1, 500, 16.0, 0.0, 16.0, 0.0, 'PIUFS7', 610, 788, 43, 153, 197, 24, 2, 17, 22, 32
1, 500, 16.0, 0.0, 16.0, 0.0, 'CRTYUK', 596, 777, 37, 134, 191, 16, 3, 16, 7, 1
1, 500, 14.0, 0.0, 14.0, 0.0, '5RZWZ0', 603, 806, 33, 152, 200, 20, 7, 18, 22, 9
1, 500, 24.0, 0.0, 24.0, 0.0, 'P13C2B', 602, 809, 41, 141, 205, 23, 1, 15, 24, 1
1, 500, 35.0, 0.0, 35.0, 0.0, 'GN6GUZ', 576, 793, 41, 151, 184, 13, 3, 9, 27, 15
1, 500, 20.0, 0.0, 20.0, 0.0, 'ANK59R', 589, 817, 43, 130, 208, 18, 3, 15, 4, 15
1, 500, 44.0, 0.0, 44.0, 0.0, '3B67QU', 595, 793, 43, 141, 193, 17, 3, 27, 18, 28
1, 500, 19.0, 0.0, 19.0, 0.0, 'XIANQW', 599, 808, 48, 126, 197, 15, 4, 14, 24, 28
1, 500, 20.0, 0.0, 20.0, 0.0, 'CET6CC', 611, 788, 42, 133, 204, 22, 1, 19, 37, 13
1, 500, 23.0, 0.0, 23.0, 0.0, 'A8X792', 586, 785, 42, 138, 202, 15, 3, 21, 43, 1
1, 500, 23.0, 0.0, 23.0, 0.0, 'Z1G3DG', 604, 811, 43, 143, 210, 14, 1, 11, 24, 1
1, 500, 18.0, 0.0, 18.0, 0.0, 'F1EEQ0', 613, 820, 42, 140, 206, 24, 1, 8, 17, 1
1, 500, 14.0, 0.0, 14.0, 0.0, '7AHQIT', 593, 808, 53, 137, 191, 21, 1, 25, 23, 26
1, 500, 25.0, 0.0, 25.0, 0.0, 'X75OA0', 600, 808, 31, 163, 199, 13, 1, 16, 37, 1
1, 500, 30.0, 0.0, 30.0, 0.0, 'ORLZ5F', 606, 795, 38, 145, 191, 19, 4, 10, 19, 1
1, 500, 21.0, 0.0, 21.0, 0.0, 'M43ZOB', 586, 797, 43, 136, 203, 19, 1, 17, 36, 1
1, 500, 17.0, 0.0, 17.0, 0.0, 'A3KELS', 604, 829, 41, 152, 217, 29, 1, 17, 16, 22
1, 500, 18.0, 0.0, 18.0, 0.0, '56UT2T', 617, 787, 41, 135, 204, 11, 5, 9, 14, 4
1, 500, 36.0, 0.0, 36.0, 0.0, 'QG8WOH', 602, 801, 42, 155, 214, 23, 2, 11, 38, 18
1, 500, 38.0, 0.0, 38.0, 0.0, 'VMLR5A', 610, 819, 35, 141, 189, 15, 4, 19, 33, 13
1, 500, 40.0, 0.0, 40.0, 0.0, 'Y8ETZZ', 589, 801, 42, 155, 189, 25, 2, 9, 44, 15
1, 500, 21.0, 0.0, 21.0, 0.0, 'IHLD1Y', 592, 809, 45, 142, 190, 16, 5, 15, 32, 11
1, 500, 26.0, 0.0, 26.0, 0.0, '9CCFBM', 576, 797, 40, 129, 204, 12, 4, 16, 14, 1
1, 500, 21.0, 0.0, 21.0, 0.0, 'NVWO46', 582, 807, 34, 148, 204, 27, 2, 13, 26, 11
1, 500, 24.0, 0.0, 24.0, 0.0, '9LZDU4', 580, 844, 48, 133, 199, 19, 6, 22, 35, 1
1, 500, 12.0, 0.0, 12.0, 0.0, 'TM1TSS', 626, 795, 45, 135, 199, 30, 5, 15, 10, 5
1, 500, 161.0, 0.0, 161.0, 0.0, 'IOFZBO', 596, 784, 40, 122, 199, 11, 2, 16, 21, 35
1, 500, 17.0, 0.0, 17.0, 0.0, 'ACCSI0', 599, 812, 39, 140, 214, 16, 2, 24, 30, 17
1, 500, 27.0, 0.0, 27.0, 0.0, 'AQ85VM', 596, 809, 35, 141, 198, 13, 3, 13, 39, 1
1, 500, 26.0, 0.0, 26.0, 0.0, 'LS1EGH', 614, 786, 34, 135, 181, 15, 3, 6, 18, 22
1, 500, 28.0, 0.0, 28.0, 0.0, 'GZ6W4L', 610, 827, 43, 150, 188, 23, 1, 9, 37, 1
1, 500, 17.0, 0.0, 17.0, 0.0, 'MCFGQ4', 606, 810, 39, 149, 197, 22, 1, 9, 14, 4
1, 500, 16.0, 0.0, 16.0, 0.0, '43WOQR', 593, 802, 48, 138, 204, 18, 4, 17, 29, 7
1, 500, 24.0, 0.0, 24.0, 0.0, 'N8PN0Z', 591, 781, 34, 141, 208, 21, 1, 14, 15, 6
1, 500, 34.0, 0.0, 34.0, 0.0, '45Z423', 618, 812, 42, 111, 210, 17, 1, 19, 33, 20
1, 500, 19.0, 0.0, 19.0, 0.0, 'TQT3YG', 592, 785, 44, 139, 194, 15, 7, 11, 29, 2
1, 500, 102.0, 0.0, 102.0, 0.0, 'XF27GF', 612, 810, 41, 149, 208, 16, 7, 17, 40, 21
1, 500, 81.0, 0.0, 81.0, 0.0, 'RZP84K', 612, 822, 40, 149, 201, 19, 6, 12, 12, 18
1, 500, 12.0, 0.0, 12.0, 0.0, 'OERIY8', 611, 804, 46, 143, 194, 18, 3, 8, 7, 1
1, 500, 144.0, 0.0, 144.0, 0.0, 'DLX5E7', 582, 806, 38, 151, 185, 20, 4, 5, 29, 13
1, 500, 20.0, 0.0, 20.0, 0.0, 'KIW3XL', 596, 814, 41, 153, 196, 15, 2, 17, 12, 1
1, 500, 31.0, 0.0, 31.0, 0.0, 'EIPUWZ', 602, 823, 36, 130, 195, 17, 2, 23, 7, 9
1, 500, 14.0, 0.0, 14.0, 0.0, '2QUHKM', 591, 762, 51, 141, 202, 17, 1, 11, 17, 1
1, 500, 16.0, 0.0, 16.0, 0.0, 'GKFSV5', 612, 801, 41, 138, 210, 22, 1, 15, 35, 13
1, 500, 38.0, 0.0, 38.0, 0.0, 'CID4MP', 593, 804, 36, 146, 191, 12, 4, 14, 39, 11
1, 500, 25.0, 0.0, 25.0, 0.0, 'W3NSNK', 588, 817, 39, 136, 211, 23, 1, 21, 31, 24
1, 500, 12.0, 0.0, 12.0, 0.0, 'R4CYVV', 598, 787, 43, 142, 180, 11, 12, 5, 23, 20
1, 500, 24.0, 0.0, 24.0, 0.0, '5ZHX0A', 629, 812, 39, 124, 198, 22, 1, 17, 20, 18
1, 500, 26.0, 0.0, 26.0, 0.0, 'F1BKQ8', 596, 799, 37, 147, 192, 17, 1, 9, 29, 3
1, 500, 15.0, 0.0, 15.0, 0.0, 'V2Y1H3', 609, 798, 44, 155, 191, 20, 1, 18, 28, 9
1, 500, 14.0, 0.0, 14.0, 0.0, 'XGE1ET', 614, 809, 45, 141, 210, 16, 1, 16, 32, 4
1, 500, 11.0, 0.0, 11.0, 0.0, '6WAB9Z', 596, 799, 41, 131, 198, 31, 2, 22, 21, 2
1, 500, 23.0, 0.0, 23.0, 0.0, 'QWL4B3', 590, 810, 43, 130, 202, 28, 4, 12, 1, 14
1, 500, 24.0, 0.0, 24.0, 0.0, 'YV84EE', 601, 795, 39, 126, 198, 13, 1, 19, 38, 1
1, 500, 25.0, 0.0, 25.0, 0.0, 'KRN9QR', 600, 783, 38, 143, 213, 19, 3, 16, 29, 1
1, 500, 29.0, 0.0, 29.0, 0.0, '0JLXYL', 609, 826, 33, 154, 202, 17, 1, 11, 18, 3
1, 500, 20.0, 0.0, 20.0, 0.0, 'SBP9IC', 600, 792, 39, 152, 191, 20, 1, 12, 25, 8
1, 500, 41.0, 0.0, 41.0, 0.0, 'CTXXPA', 596, 808, 38, 122, 200, 12, 4, 23, 37, 9
1, 500, 21.0, 0.0, 21.0, 0.0, 'YOJSBX', 609, 772, 37, 141, 223, 23, 2, 20, 34, 1
1, 500, 59.0, 0.0, 59.0, 0.0, 'FPPDB1', 602, 783, 43, 143, 181, 24, 4, 20, 35, 22
1, 500, 33.0, 0.0, 33.0, 0.0, 'XYDLTB', 588, 790, 43, 115, 203, 12, 4, 22, 25, 1
1, 500, 22.0, 0.0, 22.0, 0.0, 'LY6LGJ', 594, 782, 51, 153, 181, 17, 1, 16, 41, 1
1, 500, 29.0, 0.0, 29.0, 0.0, 'W2YF0C', 595, 815, 34, 145, 186, 15, 5, 12, 33, 3
1, 500, 23.0, 0.0, 23.0, 0.0, 'PWJ84C', 587, 800, 45, 136, 220, 20, 3, 19, 21, 23
1, 500, 21.0, 0.0, 21.0, 0.0, '6ARL72', 611, 796, 39, 127, 172, 22, 1, 12, 20, 1
1, 500, 16.0, 0.0, 16.0, 0.0, 'D31ZLF', 616, 815, 35, 139, 205, 24, 5, 14, 21, 11
1, 500, 9.0, 0.0, 9.0, 0.0, 'XHYZ6S', 614, 807, 32, 138, 209, 30, 7, 13, 48, 15
1, 500, 15.0, 0.0, 15.0, 0.0, 'PDN1ZR', 598, 806, 41, 141, 201, 26, 2, 8, 10, 3
1, 500, 21.0, 0.0, 21.0, 0.0, 'OVIS5O', 606, 817, 44, 140, 213, 19, 1, 18, 24, 18
1, 500, 35.0, 0.0, 35.0, 0.0, 'LJECZ2', 603, 797, 34, 136, 191, 20, 2, 17, 17, 11
1, 500, 21.0, 0.0, 21.0, 0.0, 'FFHJ2S', 614, 786, 47, 118, 207, 8, 3, 9, 30, 1
1, 500, 30.0, 0.0, 30.0, 0.0, 'I36B12', 605, 798, 27, 134, 197, 17, 1, 21, 26, 11
1, 500, 19.0, 0.0, 19.0, 0.0, 'NEJ8LL', 612, 788, 40, 127, 187, 18, 4, 12, 9, 16
1, 500, 20.0, 0.0, 20.0, 0.0, '9333KZ', 585, 773, 44, 142, 209, 18, 1, 15, 12, 19
1, 500, 29.0, 0.0, 29.0, 0.0, 'J4P5WJ', 590, 795, 35, 125, 209, 25, 4, 22, 35, 13
1, 500, 28.0, 0.0, 28.0, 0.0, '4GNWYF', 608, 799, 40, 132, 209, 16, 2, 14, 38, 5
1, 500, 18.0, 0.0, 18.0, 0.0, 'MTSK4W', 617, 830, 40, 123, 199, 22, 3, 20, 21, 5
1, 500, 19.0, 0.0, 19.0, 0.0, '1RHC9O', 600, 818, 39, 135, 204, 12, 1, 15, 12, 6
1, 500, 9.0, 0.0, 9.0, 0.0, 'JOPGOL', 615, 785, 42, 147, 200, 31, 3, 18, 17, 4
1, 500, 16.0, 0.0, 16.0, 0.0, '5RQE22', 601, 799, 39, 132, 215, 23, 3, 10, 25, 1
1, 500, 85.0, 0.0, 85.0, 0.0, 'YAHR09', 592, 809, 33, 142, 192, 7, 5, 17, 30, 13
1, 500, 15.0, 0.0, 15.0, 0.0, 'HLGSST', 599, 780, 46, 137, 202, 18, 1, 18, 32, 1
1, 500, 19.0, 0.0, 19.0, 0.0, '1JSUZ4', 597, 778, 36, 134, 221, 13, 1, 13, 27, 2
1, 500, 27.0, 0.0, 27.0, 0.0, 'J6O47T', 601, 783, 36, 144, 203, 8, 1, 10, 16, 15
1, 500, 19.0, 0.0, 19.0, 0.0, 'YWSS3H', 595, 791, 47, 133, 192, 25, 1, 18, 35, 9
1, 500, 23.0, 0.0, 23.0, 0.0, 'R5J00O', 601, 780, 34, 165, 195, 23, 2, 14, 25, 13
1, 500, 21.0, 0.0, 21.0, 0.0, '8APKS6', 602, 804, 40, 139, 210, 21, 1, 10, 44, 24
1, 500, 21.0, 0.0, 21.0, 0.0, '93431Z', 573, 799, 41, 153, 208, 15, 1, 18, 32, 13
1, 500, 22.0, 0.0, 22.0, 0.0, 'HL8HY8', 593, 793, 42, 143, 198, 11, 3, 15, 21, 19
1, 500, 41.0, 0.0, 41.0, 0.0, 'JD90AZ', 595, 809, 40, 147, 198, 13, 4, 17, 26, 11
1, 500, 16.0, 0.0, 16.0, 0.0, '5SSUU9', 597, 786, 40, 140, 182, 20, 1, 21, 16, 4
1, 500, 32.0, 0.0, 32.0, 0.0, 'C1KA8B', 593, 780, 35, 147, 197, 19, 3, 21, 30, 13
1, 500, 20.0, 0.0, 20.0, 0.0, 'YD0DGB', 593, 805, 43, 153, 175, 19, 5, 9, 27, 6
1, 500, 22.0, 0.0, 22.0, 0.0, 'YOGQKA', 594, 788, 45, 128, 212, 12, 3, 18, 10, 17
1, 500, 21.0, 0.0, 21.0, 0.0, 'G28BIE', 593, 807, 44, 154, 199, 21, 1, 20, 29, 5
1, 500, 16.0, 0.0, 16.0, 0.0, '14DC35', 598, 800, 32, 137, 216, 17, 4, 15, 22, 4
1, 500, 24.0, 0.0, 24.0, 0.0, '65AEVC', 599, 801, 32, 142, 189, 18, 5, 26, 27, 6
1, 500, 132.0, 0.0, 132.0, 0.0, '5Y6ADH', 599, 775, 34, 146, 188, 17, 5, 26, 15, 20
1, 500, 23.0, 0.0, 23.0, 0.0, 'W47VY1', 622, 803, 41, 118, 201, 25, 8, 21, 25, 4
1, 500, 25.0, 0.0, 25.0, 0.0, '0FYIFS', 603, 784, 39, 135, 201, 16, 1, 20, 21, 7
1, 500, 26.0, 0.0, 26.0, 0.0, '9OVWLT', 608, 789, 44, 142, 202, 21, 5, 10, 19, 17
1, 500, 28.0, 0.0, 28.0, 0.0, 'P3EPSY', 607, 801, 39, 145, 201, 20, 6, 19, 22, 8
1, 500, 12.0, 0.0, 12.0, 0.0, '94QM3U', 604, 792, 44, 136, 190, 29, 3, 14, 21, 1
1, 500, 156.0, 0.0, 156.0, 0.0, 'PJD9UN', 632, 806, 38, 146, 207, 13, 6, 15, 17, 32
1, 500, 24.0, 0.0, 24.0, 0.0, 'Q0KS0T', 599, 813, 43, 136, 201, 11, 6, 10, 34, 7
1, 500, 24.0, 0.0, 24.0, 0.0, 'G2RAW7', 615, 805, 40, 130, 193, 20, 2, 18, 27, 12
1, 500, 14.0, 0.0, 14.0, 0.0, '4GFEXP', 596, 809, 37, 134, 189, 23, 3, 12, 43, 5
1, 500, 38.0, 0.0, 38.0, 0.0, 'ZJZNSJ', 608, 790, 37, 138, 206, 18, 3, 21, 33, 14
1, 500, 75.0, 0.0, 75.0, 0.0, '5LBSPW', 611, 790, 39, 143, 205, 20, 5, 22, 22, 21
1, 500, 45.0, 0.0, 45.0, 0.0, 'PQEHB7', 598, 807, 39, 142, 204, 12, 4, 17, 36, 15
1, 500, 27.0, 0.0, 27.0, 0.0, 'W29XXT', 610, 794, 32, 147, 188, 22, 7, 15, 27, 1
1, 500, 13.0, 0.0, 13.0, 0.0, '8G76TY', 607, 795, 48, 142, 211, 25, 1, 11, 26, 1
1, 500, 23.0, 0.0, 23.0, 0.0, 'UJYAU8', 597, 807, 33, 126, 202, 21, 2, 13, 18, 15
1, 500, 21.0, 0.0, 21.0, 0.0, 'MF603J', 603, 790, 48, 144, 208, 20, 7, 16, 12, 11
1, 500, 26.0, 0.0, 26.0, 0.0, 'A1R9N0', 610, 805, 39, 145, 183, 26, 2, 14, 25, 9
1, 500, 22.0, 0.0, 22.0, 0.0, '4G2DUO', 600, 800, 39, 108, 200, 18, 1, 9, 31, 11
1, 500, 33.0, 0.0, 33.0, 0.0, 'JMRY4C', 602, 785, 42, 133, 176, 24, 3, 15, 40, 28
1, 500, 13.0, 0.0, 13.0, 0.0, 'B28XCF', 603, 812, 40, 147, 205, 27, 7, 18, 21, 17
1, 500, 69.0, 0.0, 69.0, 0.0, 'KDLLOI', 597, 828, 38, 137, 188, 7, 5, 12, 29, 26
1, 500, 21.0, 0.0, 21.0, 0.0, '7ERET9', 588, 772, 31, 121, 208, 31, 6, 10, 41, 11
1, 500, 15.0, 0.0, 15.0, 0.0, 'X41RJB', 611, 786, 46, 127, 188, 21, 2, 11, 22, 2
1, 500, 25.0, 0.0, 25.0, 0.0, 'TJ9RYU', 608, 824, 42, 142, 203, 23, 1, 22, 23, 13
1, 500, 45.0, 0.0, 45.0, 0.0, 'IIMZYH', 607, 794, 41, 141, 203, 28, 1, 14, 24, 37
1, 500, 23.0, 0.0, 23.0, 0.0, 'UO9YVH', 591, 792, 49, 143, 202, 11, 5, 17, 32, 1
1, 500, 138.0, 0.0, 138.0, 0.0, '02P5NA', 597, 798, 41, 122, 187, 19, 1, 10, 26, 50
1, 500, 28.0, 0.0, 28.0, 0.0, 'UDGSQY', 579, 821, 41, 135, 188, 18, 4, 15, 24, 13
1, 500, 48.0, 0.0, 48.0, 0.0, 'DF5OYC', 595, 805, 40, 142, 197, 18, 1, 16, 28, 40
1, 500, 24.0, 0.0, 24.0, 0.0, 'WQ9ARD', 591, 801, 42, 159, 223, 6, 3, 7, 19, 1
1, 500, 23.0, 0.0, 23.0, 0.0, 'RVYCRR', 602, 807, 45, 153, 199, 26, 4, 15, 23, 17
1, 500, 25.0, 0.0, 25.0, 0.0, '9KFAOS', 599, 774, 43, 140, 219, 13, 1, 26, 33, 5
1, 500, 111.0, 0.0, 111.0, 0.0, '6A93Y3', 610, 781, 36, 147, 201, 21, 1, 23, 9, 25
1, 500, 108.0, 0.0, 108.0, 0.0, 'W8AFOL', 613, 797, 36, 129, 188, 21, 1, 21, 15, 14
1, 500, 59.0, 0.0, 59.0, 0.0, 'AV7VCD', 596, 783, 33, 137, 211, 18, 2, 18, 32, 26
1, 500, 35.0, 0.0, 35.0, 0.0, 'XAN92G', 602, 795, 35, 137, 203, 12, 3, 22, 32, 1
1, 500, 9.0, 0.0, 9.0, 0.0, 'C1NQPD', 589, 809, 45, 138, 189, 25, 2, 8, 13, 4
1, 500, 15.0, 0.0, 15.0, 0.0, 'HPH9Y2', 600, 788, 47, 135, 199, 10, 1, 22, 22, 1
1, 500, 26.0, 0.0, 26.0, 0.0, 'S7O6NH', 597, 806, 38, 129, 191, 15, 4, 16, 29, 1
1, 500, 12.0, 0.0, 12.0, 0.0, 'R1YZG5', 604, 786, 44, 144, 182, 29, 7, 10, 15, 11
1, 500, 21.0, 0.0, 21.0, 0.0, '6EG6S3', 597, 780, 43, 142, 193, 9, 1, 16, 24, 11
1, 500, 62.0, 0.0, 62.0, 0.0, 'E5O145', 625, 773, 33, 122, 207, 14, 9, 14, 35, 15
1, 500, 26.0, 0.0, 26.0, 0.0, 'IT82IV', 595, 787, 34, 141, 187, 13, 1, 10, 18, 5
1, 500, 31.0, 0.0, 31.0, 0.0, 'ESAGUR', 596, 770, 39, 110, 208, 24, 2, 15, 36, 10
1, 500, 19.0, 0.0, 19.0, 0.0, 'HHZL8I', 608, 806, 38, 133, 197, 22, 3, 17, 15, 1
1, 500, 19.0, 0.0, 19.0, 0.0, '5MEFYL', 592, 796, 53, 133, 198, 24, 3, 18, 12, 17
1, 500, 12.0, 0.0, 12.0, 0.0, 'ZISHSF', 605, 807, 35, 142, 203, 18, 4, 15, 32, 1
1, 500, 22.0, 0.0, 22.0, 0.0, 'QW6I07', 603, 806, 33, 142, 200, 9, 2, 15, 33, 1
1, 500, 27.0, 0.0, 27.0, 0.0, 'X6IX8R', 604, 801, 39, 141, 198, 15, 9, 11, 29, 13
1, 500, 18.0, 0.0, 18.0, 0.0, 'EHWIZH', 608, 809, 42, 146, 197, 17, 1, 14, 29, 21
1, 500, 26.0, 0.0, 26.0, 0.0, 'GJ42UC', 588, 780, 48, 139, 193, 17, 3, 12, 28, 12
1, 500, 17.0, 0.0, 17.0, 0.0, 'LLN7KL', 577, 798, 40, 140, 192, 18, 3, 16, 10, 20
1, 500, 62.0, 0.0, 62.0, 0.0, 'KKUL5Q', 604, 787, 31, 145, 185, 16, 2, 22, 27, 11
1, 500, 23.0, 0.0, 23.0, 0.0, 'PCBCX7', 575, 815, 35, 154, 192, 28, 1, 18, 28, 3
1, 500, 12.0, 0.0, 12.0, 0.0, 'RTKMT0', 595, 808, 36, 145, 210, 32, 1, 19, 27, 4
1, 500, 15.0, 0.0, 15.0, 0.0, 'CSW3K2', 589, 792, 41, 145, 199, 19, 1, 21, 19, 7
1, 500, 29.0, 0.0, 29.0, 0.0, 'EYIJDT', 600, 806, 40, 155, 207, 23, 4, 20, 27, 8
1, 500, 32.0, 0.0, 32.0, 0.0, 'HTVW3K', 592, 802, 37, 137, 205, 24, 3, 10, 23, 12
1, 500, 23.0, 0.0, 23.0, 0.0, '2FASJM', 616, 795, 32, 148, 212, 11, 1, 14, 22, 3
1, 500, 17.0, 0.0, 17.0, 0.0, '4SIHMD', 591, 814, 36, 136, 188, 21, 5, 22, 7, 10
1, 500, 21.0, 0.0, 21.0, 0.0, '1V021U', 596, 786, 46, 140, 190, 16, 1, 20, 33, 11
1, 500, 26.0, 0.0, 26.0, 0.0, 'X8ZTKT', 576, 788, 36, 129, 214, 19, 4, 23, 33, 5
1, 500, 24.0, 0.0, 24.0, 0.0, 'LJ9VKK', 606, 823, 41, 148, 190, 22, 4, 16, 27, 16
1, 500, 28.0, 0.0, 28.0, 0.0, 'WLEB66', 602, 795, 34, 149, 190, 19, 5, 15, 38, 1
1, 500, 18.0, 0.0, 18.0, 0.0, 'JYMOA2', 615, 782, 39, 147, 211, 20, 6, 21, 26, 26
1, 500, 19.0, 0.0, 19.0, 0.0, '2ZIOJS', 599, 800, 42, 129, 208, 14, 1, 15, 12, 1
1, 500, 22.0, 0.0, 22.0, 0.0, 'DKJZGB', 600, 792, 42, 135, 210, 22, 8, 18, 16, 15
1, 500, 43.0, 0.0, 43.0, 0.0, 'EB8VB6', 606, 777, 32, 139, 198, 18, 2, 19, 26, 9
1, 500, 12.0, 0.0, 12.0, 0.0, 'ZX7E6O', 611, 808, 36, 137, 182, 20, 5, 16, 21, 4
1, 500, 16.0, 0.0, 16.0, 0.0, 'QYYSI8', 592, 789, 36, 136, 183, 23, 5, 18, 16, 21
1, 500, 14.0, 0.0, 14.0, 0.0, '39XIJK', 598, 803, 41, 142, 203, 18, 1, 11, 42, 1
1, 500, 122.0, 0.0, 122.0, 0.0, '9QA6XV', 595, 800, 29, 142, 197, 9, 3, 17, 30, 15
1, 500, 74.0, 0.0, 74.0, 0.0, 'FEFVFE', 591, 805, 35, 149, 199, 29, 1, 16, 22, 22
1, 500, 23.0, 0.0, 23.0, 0.0, 'KOE2JK', 588, 774, 27, 149, 199, 11, 1, 13, 37, 19
1, 500, 25.0, 0.0, 25.0, 0.0, 'HGOQTA', 599, 805, 39, 139, 188, 21, 1, 16, 24, 7
1, 500, 28.0, 0.0, 28.0, 0.0, 'PVHDDS', 601, 812, 38, 120, 189, 20, 1, 17, 33, 12
1, 500, 165.0, 0.0, 165.0, 0.0, 'CTX1OD', 602, 796, 32, 151, 199, 11, 10, 19, 22, 13
1, 500, 105.0, 0.0, 105.0, 0.0, 'P7AHE1', 610, 834, 32, 148, 188, 5, 15, 16, 16, 17
1, 500, 372.0, 0.0, 372.0, 0.0, '01Y6G6', 601, 845, 27, 160, 188, 5, 16, 20, 39, 20
1, 500, 94.0, 0.0, 94.0, 0.0, 'ZEHDKR', 601, 861, 26, 155, 184, 5, 19, 21, 35, 23
1, 500, 94.0, 0.0, 94.0, 0.0, 'AOGLGG', 583, 846, 22, 158, 189, 6, 21, 19, 49, 18
1, 500, 167.0, 0.0, 167.0, 0.0, 'YABIR8', 591, 844, 27, 160, 185, 5, 23, 17, 41, 21
1, 500, 125.0, 0.0, 125.0, 0.0, '5PUMPM', 592, 864, 18, 170, 187, 5, 24, 20, 45, 16
1, 500, 33.0, 0.0, 33.0, 0.0, '9SMMTS', 598, 877, 13, 171, 188, 5, 23, 19, 40, 47
1, 500, 221.0, 0.0, 221.0, 0.0, 'JJ48OM', 601, 910, 12, 156, 201, 5, 16, 22, 41, 56
1, 500, 131.0, 0.0, 131.0, 0.0, 'MDG0OV', 613, 907, 8, 161, 190, 5, 17, 20, 28, 50
1, 500, 174.0, 0.0, 174.0, 0.0, 'DXJ9XG', 603, 918, 5, 166, 182, 5, 15, 20, 35, 25
1, 500, 35.0, 0.0, 35.0, 0.0, 'FUQZWV', 601, 918, 5, 163, 180, 5, 16, 13, 20, 1
1, 500, 259.0, 0.0, 259.0, 0.0, '0M6H4Z', 598, 926, 5, 165, 181, 8, 10, 23, 15, 27
1, 500, 253.0, 0.0, 253.0, 0.0, 'HP9S3N', 585, 941, 11, 167, 183, 6, 11, 25, 9, 21
1, 500, 103.0, 0.0, 103.0, 0.0, 'G0K98X', 577, 949, 9, 167, 186, 5, 12, 24, 8, 32
1, 500, 178.0, 0.0, 178.0, 0.0, 'N00GWZ', 577, 945, 17, 157, 185, 11, 11, 26, 12, 23
1, 500, 120.0, 0.0, 120.0, 0.0, 'SIK8ZQ', 573, 958, 19, 161, 177, 18, 10, 31, 19, 20
1, 500, 78.0, 0.0, 78.0, 0.0, '8TMT2O', 575, 958, 27, 170, 187, 11, 12, 33, 14, 20
1, 500, 422.0, 0.0, 422.0, 0.0, '9QPCPA', 562, 945, 28, 155, 181, 5, 12, 33, 11, 39
1, 500, 500.0, 0.0, 500.0, 0.0, 'TMPYKP', 555, 947, 29, 140, 181, 6, 12, 39, 5, 53
1, 500, 500.0, 0.0, 500.0, 0.0, 'C6EFMT', 540, 960, 28, 126, 178, 5, 12, 41, 3, 52
1, 500, 335.0, 0.0, 335.0, 0.0, '302J6K', 524, 971, 32, 128, 176, 5, 13, 52, 1, 60
1, 500, 500.0, 0.0, 500.0, 0.0, 'BK9AY6', 520, 947, 40, 117, 178, 7, 13, 43, 6, 54
1, 500, 500.0, 0.0, 500.0, 0.0, 'O82EJH', 512, 957, 43, 125, 179, 8, 14, 44, 1, 55
1, 500, 91.0, 0.0, 91.0, 0.0, 'XPLWER', 521, 963, 41, 114, 184, 7, 11, 43, 4, 57
1, 500, 500.0, 0.0, 500.0, 0.0, 'YWGWSG', 506, 945, 38, 90, 178, 14, 14, 39, 1, 55
1, 500, 500.0, 0.0, 500.0, 0.0, '72MKV4', 512, 928, 30, 85, 179, 13, 12, 37, 1, 54
1, 500, 500.0, 0.0, 500.0, 0.0, '2116TW', 505, 930, 30, 69, 171, 6, 14, 38, 1, 56
1, 500, 186.0, 0.0, 186.0, 0.0, '1C8VD4', 506, 932, 35, 74, 171, 6, 15, 37, 1, 56
1, 500, 53.0, 0.0, 53.0, 0.0, 'EZXQVZ', 488, 946, 34, 59, 160, 5, 12, 41, 14, 52
1, 500, 312.0, 0.0, 312.0, 0.0, 'NT2OUV', 480, 978, 31, 66, 175, 5, 13, 38, 1, 63
1, 500, 464.0, 0.0, 464.0, 0.0, 'FRQ2MM', 489, 948, 34, 84, 178, 5, 14, 38, 9, 54
1, 500, 500.0, 0.0, 500.0, 0.0, 'PU40M5', 485, 931, 34, 98, 186, 5, 13, 39, 10, 54
1, 500, 500.0, 0.0, 500.0, 0.0, 'D5KG7O', 484, 932, 32, 87, 180, 5, 13, 39, 1, 55
1, 500, 500.0, 0.0, 500.0, 0.0, 'ELGSAH', 483, 940, 32, 106, 179, 12, 12, 46, 10, 55
1, 500, 80.0, 0.0, 80.0, 0.0, 'W0OV9F', 489, 934, 33, 97, 181, 11, 12, 45, 8, 54
1, 500, 500.0, 0.0, 500.0, 0.0, 'LSMLZ0', 478, 935, 33, 97, 202, 14, 14, 39, 1, 53
1, 500, 19.0, 0.0, 19.0, 0.0, 'EKG56D', 468, 944, 34, 97, 206, 19, 14, 39, 1, 51
1, 500, 500.0, 0.0, 500.0, 0.0, '20H6M5', 470, 938, 22, 93, 205, 21, 12, 36, 1, 53
1, 500, 500.0, 0.0, 500.0, 0.0, 'XR6EXK', 477, 945, 15, 94, 221, 20, 12, 37, 1, 55
1, 500, 500.0, 0.0, 500.0, 0.0, 'WUYF3P', 474, 945, 17, 95, 231, 21, 12, 32, 1, 53
1, 500, 9.0, 0.0, 9.0, 0.0, 'I6PDM8', 472, 930, 13, 96, 246, 18, 13, 31, 2, 55
1, 500, 7.0, 0.0, 7.0, 0.0, 'GXHGK5', 486, 920, 12, 89, 237, 22, 12, 32, 1, 55
1, 500, 15.0, 0.0, 15.0, 0.0, 'GBKNRV', 475, 932, 8, 86, 230, 21, 12, 37, 1, 55
1, 500, 350.0, 0.0, 350.0, 0.0, 'PLBGQX', 479, 955, 16, 103, 240, 17, 11, 36, 1, 61
1, 500, 394.0, 0.0, 394.0, 0.0, 'V8QIOF', 484, 940, 17, 109, 240, 18, 10, 40, 1, 53
1, 500, 500.0, 0.0, 500.0, 0.0, 'YTAZJC', 479, 949, 18, 108, 218, 24, 8, 41, 1, 55
1, 500, 396.0, 0.0, 396.0, 0.0, 'MH0JTC', 491, 950, 26, 109, 209, 21, 9, 36, 1, 56
1, 500, 500.0, 0.0, 500.0, 0.0, 'XSVROW', 493, 940, 19, 100, 197, 17, 7, 35, 1, 53
1, 500, 43.0, 0.0, 43.0, 0.0, 'LARGYU', 481, 942, 23, 88, 198, 23, 4, 35, 1, 54
1, 500, 500.0, 0.0, 500.0, 0.0, 'IO0KQ5', 481, 932, 21, 97, 190, 17, 7, 36, 2, 53
1, 500, 85.0, 0.0, 85.0, 0.0, 'DHM66P', 487, 942, 29, 99, 184, 20, 7, 39, 1, 54
1, 500, 119.0, 0.0, 119.0, 0.0, '6L3EVV', 481, 946, 36, 90, 182, 16, 12, 39, 1, 53
1, 500, 500.0, 0.0, 500.0, 0.0, 'U4Z0ZJ', 465, 954, 30, 87, 170, 17, 13, 38, 1, 55
1, 500, 500.0, 0.0, 500.0, 0.0, 'PYY8J6', 448, 951, 22, 90, 179, 19, 12, 36, 1, 55
1, 500, 500.0, 0.0, 500.0, 0.0, 'SKGJXQ', 448, 951, 27, 97, 178, 12, 12, 36, 1, 55
1, 500, 330.0, 0.0, 330.0, 0.0, 'IZ5UR4', 451, 957, 22, 107, 163, 12, 9, 42, 1, 53
1, 500, 191.0, 0.0, 191.0, 0.0, '01B4QD', 460, 946, 16, 115, 162, 13, 12, 41, 3, 54
1, 500, 500.0, 0.0, 500.0, 0.0, 'VO9BDK', 457, 936, 20, 105, 170, 11, 17, 43, 1, 55
1, 500, 500.0, 0.0, 500.0, 0.0, '8PSTZ4', 455, 957, 18, 108, 169, 8, 15, 42, 1, 53
1, 500, 500.0, 0.0, 500.0, 0.0, 'XY4IUV', 473, 953, 22, 98, 176, 5, 15, 43, 1, 55
1, 500, 500.0, 0.0, 500.0, 0.0, '1HIKLR', 486, 954, 24, 106, 173, 6, 13, 39, 1, 54
1, 500, 345.0, 0.0, 345.0, 0.0, 'ONXP6P', 509, 939, 19, 113, 181, 5, 13, 41, 3, 54
1, 500, 500.0, 0.0, 500.0, 0.0, 'WRVI8U', 505, 935, 20, 95, 195, 5, 19, 39, 1, 54
1, 500, 120.0, 0.0, 120.0, 0.0, 'PXS3JJ', 510, 951, 27, 101, 188, 5, 22, 38, 2, 54
1, 500, 19.0, 0.0, 19.0, 0.0, 'UB3EB3', 505, 951, 26, 83, 174, 5, 20, 44, 1, 55
1, 500, 21.0, 0.0, 21.0, 0.0, 'ZW7T2H', 496, 938, 26, 74, 172, 5, 14, 40, 6, 54
1, 500, 500.0, 0.0, 500.0, 0.0, 'JZ8R0P', 496, 951, 30, 89, 188, 6, 14, 35, 1, 53
1, 500, 500.0, 0.0, 500.0, 0.0, 'E9DBGB', 489, 961, 28, 101, 176, 8, 15, 42, 1, 56
1, 500, 218.0, 0.0, 218.0, 0.0, 'NA461T', 478, 950, 27, 95, 179, 14, 15, 39, 1, 54
1, 500, 309.0, 0.0, 309.0, 0.0, 'M81FWQ', 485, 958, 21, 97, 179, 13, 13, 38, 1, 62
1, 500, 500.0, 0.0, 500.0, 0.0, '0193YE', 476, 937, 20, 94, 172, 17, 11, 38, 2, 58
1, 500, 491.0, 0.0, 491.0, 0.0, 'RIZRFZ', 468, 931, 19, 95, 179, 18, 11, 39, 1, 57
1, 500, 500.0, 0.0, 500.0, 0.0, 'C1RHLB', 483, 941, 22, 93, 197, 14, 10, 38, 1, 58
1, 500, 500.0, 0.0, 500.0, 0.0, '6XEQ95', 463, 939, 23, 105, 185, 16, 12, 37, 1, 53
1, 500, 500.0, 0.0, 500.0, 0.0, 'YYB708', 455, 939, 21, 113, 178, 18, 14, 44, 1, 55
1, 500, 13.0, 0.0, 13.0, 0.0, 'SFE495', 447, 936, 21, 122, 174, 17, 16, 44, 1, 57
1, 500, 500.0, 0.0, 500.0, 0.0, 'FA5KGF', 450, 946, 23, 109, 179, 13, 15, 42, 1, 59
1, 500, 175.0, 0.0, 175.0, 0.0, 'T089ZD', 465, 934, 23, 124, 187, 5, 15, 36, 1, 56
1, 500, 500.0, 0.0, 500.0, 0.0, 'QUOGID', 459, 933, 19, 127, 188, 13, 9, 39, 4, 53
1, 500, 500.0, 0.0, 500.0, 0.0, '3UQKQ5', 452, 957, 19, 107, 178, 13, 10, 39, 1, 56
1, 500, 500.0, 0.0, 500.0, 0.0, 'O68XQU', 464, 931, 20, 121, 194, 14, 9, 38, 1, 55
1, 500, 500.0, 0.0, 500.0, 0.0, 'BFAVL6', 470, 948, 21, 120, 211, 12, 14, 37, 1, 57
1, 500, 500.0, 0.0, 500.0, 0.0, 'B4KLGE', 464, 942, 19, 111, 216, 15, 9, 41, 6, 57
1, 500, 500.0, 0.0, 500.0, 0.0, '9C3V3U', 456, 949, 17, 102, 193, 7, 12, 42, 1, 60
1, 500, 500.0, 0.0, 500.0, 0.0, '6HZ9FX', 456, 953, 23, 103, 181, 10, 11, 37, 1, 57
1, 500, 407.0, 0.0, 407.0, 0.0, '2LTPG5', 449, 948, 23, 113, 183, 13, 9, 42, 1, 60
1, 500, 500.0, 0.0, 500.0, 0.0, '6ITNR8', 448, 954, 22, 117, 190, 13, 11, 37, 1, 55
1, 500, 285.0, 0.0, 285.0, 0.0, 'YCY3WF', 462, 950, 20, 117, 192, 17, 11, 37, 1, 58
1, 500, 442.0, 0.0, 442.0, 0.0, 'LUVH4F', 477, 945, 22, 121, 179, 6, 9, 41, 1, 57
1, 500, 268.0, 0.0, 268.0, 0.0, '55X0W8', 475, 938, 26, 111, 183, 9, 9, 42, 3, 58
1, 500, 500.0, 0.0, 500.0, 0.0, '241O1L', 484, 933, 20, 108, 196, 12, 10, 43, 2, 54
1, 500, 500.0, 0.0, 500.0, 0.0, 'X25CFF', 480, 954, 22, 118, 190, 12, 11, 44, 1, 57
1, 500, 424.0, 0.0, 424.0, 0.0, 'F6SE5I', 485, 925, 19, 120, 190, 12, 10, 42, 1, 55
1, 500, 500.0, 0.0, 500.0, 0.0, '17Q1S0', 504, 939, 23, 130, 204, 11, 12, 43, 1, 53
1, 500, 500.0, 0.0, 500.0, 0.0, 'U3HRCO', 502, 946, 24, 132, 218, 12, 11, 43, 1, 53
1, 500, 500.0, 0.0, 500.0, 0.0, 'AKPSM9', 501, 954, 21, 139, 220, 16, 11, 38, 1, 55
1, 500, 19.0, 0.0, 19.0, 0.0, 'LP9D65', 508, 954, 22, 132, 213, 18, 12, 36, 4, 53
1, 500, 500.0, 0.0, 500.0, 0.0, '7BEN71', 501, 953, 22, 126, 220, 17, 10, 40, 1, 54
1, 500, 204.0, 0.0, 204.0, 0.0, 'Z70TIZ', 519, 945, 17, 119, 211, 15, 9, 40, 1, 55
1, 500, 192.0, 0.0, 192.0, 0.0, '6SN2J4', 505, 952, 18, 109, 212, 16, 10, 40, 1, 58
1, 500, 500.0, 0.0, 500.0, 0.0, '8URYYG', 486, 950, 18, 99, 211, 8, 11, 50, 1, 57
1, 500, 500.0, 0.0, 500.0, 0.0, 'WHW54L', 488, 951, 19, 115, 223, 6, 12, 45, 1, 56
1, 500, 158.0, 0.0, 158.0, 0.0, 'D5PA9I', 501, 952, 20, 111, 220, 8, 14, 40, 1, 55
1, 500, 500.0, 0.0, 500.0, 0.0, 'T1YVQN', 482, 944, 21, 110, 205, 5, 14, 40, 1, 56
1, 500, 23.0, 0.0, 23.0, 0.0, 'EB36NH', 472, 932, 19, 105, 211, 8, 14, 42, 1, 55
1, 500, 500.0, 0.0, 500.0, 0.0, '2R2LNV', 475, 950, 22, 107, 214, 5, 11, 39, 1, 56
1, 500, 500.0, 0.0, 500.0, 0.0, 'BT7ST5', 456, 956, 24, 112, 205, 7, 12, 39, 12, 57
1, 500, 500.0, 0.0, 500.0, 0.0, 'UGVUKL', 465, 948, 19, 103, 203, 7, 11, 37, 13, 54
1, 500, 500.0, 0.0, 500.0, 0.0, 'ZWZUHK', 453, 956, 25, 111, 194, 9, 13, 38, 1, 56
1, 500, 22.0, 0.0, 22.0, 0.0, '3K5DED', 457, 954, 25, 97, 205, 5, 11, 36, 1, 54
1, 500, 500.0, 0.0, 500.0, 0.0, 'UM1GIR', 468, 936, 22, 98, 201, 5, 8, 38, 1, 55
1, 500, 500.0, 0.0, 500.0, 0.0, '26FEQM', 468, 946, 19, 99, 192, 8, 11, 40, 1, 54
1, 500, 360.0, 0.0, 360.0, 0.0, 'DI1YP2', 460, 947, 19, 102, 180, 13, 11, 38, 1, 59
1, 500, 500.0, 0.0, 500.0, 0.0, 'ZVRUKK', 465, 943, 21, 113, 177, 12, 14, 45, 1, 55
1, 500, 500.0, 0.0, 500.0, 0.0, 'YXQ3DY', 469, 938, 18, 115, 197, 8, 11, 51, 1, 55
1, 500, 500.0, 0.0, 500.0, 0.0, '6R1KH9', 458, 936, 18, 106, 204, 9, 10, 51, 1, 55
1, 500, 500.0, 0.0, 500.0, 0.0, '18B94V', 463, 937, 19, 105, 188, 16, 10, 50, 1, 55
1, 500, 500.0, 0.0, 500.0, 0.0, 'NNXMR5', 451, 955, 19, 105, 200, 17, 10, 47, 17, 55
1, 500, 500.0, 0.0, 500.0, 0.0, 'LPXUUR', 448, 939, 20, 94, 211, 14, 8, 44, 20, 61
1, 500, 467.0, 0.0, 467.0, 0.0, '6S1MWS', 453, 945, 22, 93, 218, 12, 12, 43, 24, 53
1, 500, 500.0, 0.0, 500.0, 0.0, 'YECOFA', 464, 944, 18, 106, 220, 12, 8, 43, 19, 55
1, 500, 500.0, 0.0, 500.0, 0.0, 'RZJQ97', 468, 939, 23, 93, 214, 15, 9, 47, 18, 57
1, 500, 500.0, 0.0, 500.0, 0.0, 'EAGNQE', 462, 936, 22, 98, 214, 10, 8, 47, 17, 55
1, 500, 483.0, 0.0, 483.0, 0.0, 'IIYHOK', 470, 955, 22, 100, 210, 13, 7, 50, 16, 55
1, 500, 190.0, 0.0, 190.0, 0.0, 'MDCSJY', 460, 935, 24, 110, 190, 11, 6, 56, 20, 56
1, 500, 262.0, 0.0, 262.0, 0.0, 'W8JH67', 462, 942, 23, 97, 196, 15, 11, 52, 24, 54
1, 500, 500.0, 0.0, 500.0, 0.0, 'PS7V9E', 453, 936, 20, 94, 178, 11, 9, 49, 13, 61
1, 500, 500.0, 0.0, 500.0, 0.0, 'TH4TYS', 471, 946, 21, 100, 172, 14, 15, 47, 12, 55
1, 500, 423.0, 0.0, 423.0, 0.0, 'JLT5ZH', 473, 946, 22, 110, 174, 8, 15, 44, 3, 55
1, 500, 500.0, 0.0, 500.0, 0.0, 'WSPDHF', 478, 954, 30, 104, 175, 10, 14, 41, 1, 55
1, 500, 313.0, 0.0, 313.0, 0.0, 'BS1CVW', 470, 948, 32, 96, 176, 12, 13, 38, 1, 53
1, 500, 500.0, 0.0, 500.0, 0.0, 'KU1G5I', 468, 943, 24, 102, 185, 13, 15, 42, 1, 56
1, 500, 500.0, 0.0, 500.0, 0.0, 'BRYEBJ', 458, 945, 23, 111, 186, 6, 12, 47, 1, 56
1, 500, 500.0, 0.0, 500.0, 0.0, 'RWI1QW', 470, 942, 23, 105, 185, 8, 11, 48, 10, 55
1, 500, 449.0, 0.0, 449.0, 0.0, 'A0TDYN', 465, 944, 19, 108, 190, 9, 8, 50, 20, 58
1, 500, 500.0, 0.0, 500.0, 0.0, 'VT9I1N', 453, 954, 20, 105, 197, 13, 8, 45, 13, 53
1, 500, 500.0, 0.0, 500.0, 0.0, '89BK5F', 451, 952, 24, 112, 207, 8, 12, 45, 9, 56
1, 500, 500.0, 0.0, 500.0, 0.0, '844LDU', 455, 955, 23, 114, 210, 9, 11, 48, 10, 56
1, 500, 500.0, 0.0, 500.0, 0.0, 'TH8J9R', 470, 942, 21, 104, 210, 5, 12, 39, 32, 56
1, 500, 224.0, 0.0, 224.0, 0.0, '885SPN', 461, 937, 23, 110, 204, 5, 12, 40, 26, 57
1, 500, 500.0, 0.0, 500.0, 0.0, 'ABW615', 448, 938, 30, 108, 202, 6, 11, 44, 18, 53
1, 500, 500.0, 0.0, 500.0, 0.0, '4MCBHV', 454, 941, 22, 116, 202, 5, 10, 47, 19, 55
1, 500, 500.0, 0.0, 500.0, 0.0, 'HQ0DV6', 465, 958, 21, 107, 202, 12, 10, 51, 13, 53
1, 500, 500.0, 0.0, 500.0, 0.0, 'CO7WXG', 450, 941, 23, 107, 198, 8, 9, 50, 18, 53
1, 500, 468.0, 0.0, 468.0, 0.0, 'ZD0VCU', 460, 946, 19, 93, 191, 5, 10, 46, 8, 55
1, 500, 500.0, 0.0, 500.0, 0.0, 'UR93EE', 452, 957, 19, 90, 199, 7, 12, 45, 5, 55
1, 500, 500.0, 0.0, 500.0, 0.0, '46YWCK', 452, 952, 21, 99, 195, 6, 9, 41, 1, 59
1, 500, 500.0, 0.0, 500.0, 0.0, 'WCLB38', 462, 956, 20, 97, 213, 16, 9, 48, 3, 57
1, 500, 500.0, 0.0, 500.0, 0.0, 'BMQURP', 454, 948, 20, 110, 202, 9, 11, 48, 15, 57
1, 500, 366.0, 0.0, 366.0, 0.0, 'PM0MDB', 454, 951, 23, 106, 200, 15, 10, 49, 15, 53
1, 500, 500.0, 0.0, 500.0, 0.0, 'FOWESE', 466, 947, 23, 91, 205, 16, 14, 37, 1, 56
1, 500, 22.0, 0.0, 22.0, 0.0, 'HV55WP', 465, 960, 24, 94, 205, 16, 10, 41, 1, 54
1, 500, 13.0, 0.0, 13.0, 0.0, 'O3QUS8', 457, 946, 22, 91, 227, 20, 9, 45, 2, 55
1, 500, 17.0, 0.0, 17.0, 0.0, 'SL2XNC', 450, 948, 21, 94, 224, 13, 14, 42, 10, 54
1, 500, 164.0, 0.0, 164.0, 0.0, 'BHXARV', 448, 956, 20, 94, 217, 11, 11, 44, 24, 59
1, 500, 500.0, 0.0, 500.0, 0.0, '0XI44P', 466, 941, 21, 90, 213, 10, 7, 44, 19, 60
1, 500, 500.0, 0.0, 500.0, 0.0, 'TWMBOG', 463, 943, 19, 92, 201, 15, 7, 46, 18, 57
1, 500, 500.0, 0.0, 500.0, 0.0, 'N2PFI4', 459, 945, 23, 95, 192, 12, 11, 51, 22, 66
1, 500, 300.0, 0.0, 300.0, 0.0, 'A4M1BY', 456, 942, 17, 93, 198, 10, 9, 51, 16, 63
1, 500, 500.0, 0.0, 500.0, 0.0, '8L7XNF', 455, 935, 21, 89, 189, 15, 8, 47, 19, 60
1, 500, 500.0, 0.0, 500.0, 0.0, 'PKEXJV', 468, 930, 18, 91, 179, 14, 11, 46, 6, 53
1, 500, 500.0, 0.0, 500.0, 0.0, '4AI4U3', 460, 926, 19, 98, 187, 13, 7, 43, 1, 58
1, 500, 500.0, 0.0, 500.0, 0.0, 'BXJ08Z', 465, 940, 21, 88, 188, 11, 7, 37, 1, 58
1, 500, 500.0, 0.0, 500.0, 0.0, 'A569NK', 464, 930, 20, 95, 174, 7, 10, 38, 1, 59
1, 500, 349.0, 0.0, 349.0, 0.0, '9CCYPJ', 462, 932, 18, 95, 168, 10, 10, 40, 1, 54
1, 500, 463.0, 0.0, 463.0, 0.0, 'WIMDNB', 479, 950, 19, 105, 171, 7, 8, 38, 1, 53
1, 500, 500.0, 0.0, 500.0, 0.0, 'TB3ZZT', 482, 952, 23, 103, 184, 8, 10, 40, 1, 53
1, 500, 500.0, 0.0, 500.0, 0.0, '0ZP363', 464, 955, 18, 103, 186, 10, 14, 37, 21, 57
1, 500, 500.0, 0.0, 500.0, 0.0, 'JPMADB', 464, 951, 19, 93, 176, 7, 13, 39, 10, 57
1, 500, 500.0, 0.0, 500.0, 0.0, 'QIJKL4', 459, 947, 23, 97, 176, 5, 13, 44, 10, 58
1, 500, 500.0, 0.0, 500.0, 0.0, '7A8FO9', 462, 943, 23, 94, 190, 7, 11, 46, 8, 60
1, 500, 500.0, 0.0, 500.0, 0.0, 'NFRB41', 466, 936, 22, 97, 187, 11, 12, 46, 9, 55
1, 500, 371.0, 0.0, 371.0, 0.0, 'WRLVUT', 455, 947, 19, 95, 195, 5, 13, 50, 15, 59
1, 500, 500.0, 0.0, 500.0, 0.0, '5N3GTD', 449, 950, 20, 98, 187, 6, 13, 46, 12, 56
1, 500, 500.0, 0.0, 500.0, 0.0, 'PN90MC', 466, 957, 20, 101, 191, 5, 13, 46, 14, 58
1, 500, 500.0, 0.0, 500.0, 0.0, 'L3240Y', 460, 954, 22, 108, 188, 10, 15, 46, 14, 55
1, 500, 500.0, 0.0, 500.0, 0.0, 'V4LZP5', 471, 947, 20, 99, 187, 8, 12, 50, 1, 53
1, 500, 293.0, 0.0, 293.0, 0.0, 'JLSMNP', 465, 935, 19, 110, 194, 10, 11, 46, 1, 57
1, 500, 500.0, 0.0, 500.0, 0.0, 'UYASS0', 473, 943, 23, 92, 190, 5, 13, 41, 6, 56
1, 500, 349.0, 0.0, 349.0, 0.0, 'S9PT23', 479, 952, 21, 92, 204, 5, 9, 38, 1, 55
1, 500, 500.0, 0.0, 500.0, 0.0, 'TBCINF', 452, 938, 23, 107, 214, 5, 10, 49, 4, 60
1, 500, 500.0, 0.0, 500.0, 0.0, '5C2GQE', 465, 938, 20, 98, 197, 8, 8, 50, 20, 54
1, 500, 500.0, 0.0, 500.0, 0.0, '4VDWLL', 449, 928, 22, 99, 185, 11, 7, 44, 16, 53
1, 500, 124.0, 0.0, 124.0, 0.0, 'NQIYRN', 451, 925, 23, 105, 181, 16, 10, 49, 8, 53
1, 500, 500.0, 0.0, 500.0, 0.0, '4PTN2P', 456, 951, 23, 97, 183, 13, 11, 44, 21, 59
1, 500, 354.0, 0.0, 354.0, 0.0, 'YMXXR4', 462, 951, 20, 105, 184, 12, 9, 48, 1, 61
1, 500, 500.0, 0.0, 500.0, 0.0, 'UHX8V1', 464, 951, 23, 97, 202, 12, 8, 51, 1, 57
1, 500, 500.0, 0.0, 500.0, 0.0, 'POCT03', 450, 939, 20, 109, 207, 15, 9, 48, 20, 59
1, 500, 500.0, 0.0, 500.0, 0.0, 'R4QBBA', 459, 943, 19, 102, 218, 13, 11, 48, 21, 62
1, 500, 296.0, 0.0, 296.0, 0.0, 'YLRHCC', 466, 938, 18, 118, 209, 12, 9, 47, 10, 56
1, 500, 433.0, 0.0, 433.0, 0.0, '1CZS3S', 468, 950, 21, 111, 205, 14, 7, 37, 10, 57
1, 500, 500.0, 0.0, 500.0, 0.0, 'SN5VDZ', 459, 943, 23, 117, 207, 13, 14, 37, 1, 58
1, 500, 500.0, 0.0, 500.0, 0.0, '3KX16C', 455, 935, 21, 100, 194, 15, 14, 43, 7, 58
1, 500, 500.0, 0.0, 500.0, 0.0, 'XV7PM4', 463, 934, 21, 95, 185, 9, 13, 49, 1, 55
1, 500, 500.0, 0.0, 500.0, 0.0, 'B78CH9', 457, 944, 20, 92, 194, 8, 8, 48, 5, 54
1, 500, 302.0, 0.0, 302.0, 0.0, 'X7GIB8', 461, 940, 23, 104, 176, 10, 10, 48, 10, 58
1, 500, 500.0, 0.0, 500.0, 0.0, 'NFKOWE', 466, 957, 19, 96, 191, 10, 10, 48, 1, 57
1, 500, 500.0, 0.0, 500.0, 0.0, '4PD5XM', 470, 944, 20, 97, 191, 7, 10, 45, 6, 60
1, 500, 500.0, 0.0, 500.0, 0.0, '67JOW4', 459, 944, 22, 95, 188, 6, 12, 46, 15, 58
1, 500, 495.0, 0.0, 495.0, 0.0, 'GDTTRM', 452, 941, 20, 105, 191, 5, 14, 51, 15, 55
1, 500, 500.0, 0.0, 500.0, 0.0, '2V2NH4', 448, 943, 24, 101, 189, 10, 14, 49, 6, 60
1, 500, 381.0, 0.0, 381.0, 0.0, '7YP6HC', 458, 943, 19, 97, 190, 17, 15, 47, 10, 57
1, 500, 500.0, 0.0, 500.0, 0.0, '5E1PBW', 455, 935, 22, 99, 188, 15, 13, 50, 20, 59
1, 500, 488.0, 0.0, 488.0, 0.0, 'RPHC80', 450, 948, 22, 99, 190, 7, 13, 42, 12, 56
1, 500, 500.0, 0.0, 500.0, 0.0, 'HUPGOQ', 463, 950, 22, 87, 190, 5, 10, 45, 19, 57
1, 500, 477.0, 0.0, 477.0, 0.0, 'DV6833', 448, 943, 20, 91, 187, 5, 11, 46, 9, 60
1, 500, 485.0, 0.0, 485.0, 0.0, 'D5OG3Z', 454, 940, 19, 88, 186, 9, 12, 40, 4, 54
1, 500, 500.0, 0.0, 500.0, 0.0, 'DVFPCM', 457, 957, 20, 87, 192, 12, 8, 39, 1, 57
1, 500, 500.0, 0.0, 500.0, 0.0, 'GHQEOA', 450, 943, 18, 90, 194, 13, 10, 39, 2, 60
1, 500, 500.0, 0.0, 500.0, 0.0, '1PNP9N', 452, 947, 18, 93, 177, 16, 7, 38, 1, 56
1, 500, 500.0, 0.0, 500.0, 0.0, 'I7U1ZU', 462, 934, 19, 95, 186, 14, 8, 41, 13, 60
1, 500, 246.0, 0.0, 246.0, 0.0, 'IPD79U', 449, 937, 22, 92, 179, 13, 9, 39, 17, 68
1, 500, 500.0, 0.0, 500.0, 0.0, 'SXWSFJ', 448, 943, 19, 88, 186, 13, 12, 37, 9, 53
1, 500, 432.0, 0.0, 432.0, 0.0, 'J9GRIY', 467, 930, 18, 96, 186, 11, 10, 41, 5, 60
1, 500, 221.0, 0.0, 221.0, 0.0, '3L7K8R', 478, 942, 19, 90, 188, 9, 10, 37, 1, 56
1, 500, 500.0, 0.0, 500.0, 0.0, 'JG66PH', 459, 951, 21, 91, 184, 10, 10, 38, 2, 61
1, 500, 500.0, 0.0, 500.0, 0.0, '8ZB7L4', 452, 946, 28, 111, 192, 8, 13, 43, 21, 63
1, 500, 500.0, 0.0, 500.0, 0.0, 'SPK56D', 463, 942, 24, 109, 197, 12, 10, 50, 20, 55
1, 500, 500.0, 0.0, 500.0, 0.0, 'WSPXQ3', 455, 937, 27, 117, 194, 7, 12, 48, 21, 55
1, 500, 336.0, 0.0, 336.0, 0.0, 'GG6PNC', 455, 945, 23, 109, 200, 6, 11, 51, 19, 53
1, 500, 500.0, 0.0, 500.0, 0.0, 'JDN491', 453, 937, 21, 96, 216, 8, 13, 45, 19, 55
1, 500, 500.0, 0.0, 500.0, 0.0, 'ESVQB0', 463, 936, 22, 102, 213, 13, 9, 46, 5, 55
1, 500, 500.0, 0.0, 500.0, 0.0, '40FW2V', 466, 950, 21, 101, 213, 15, 7, 40, 7, 58
1, 500, 500.0, 0.0, 500.0, 0.0, '994KQT', 468, 950, 21, 96, 213, 11, 8, 45, 1, 59
1, 500, 500.0, 0.0, 500.0, 0.0, 'W7ZY5G', 470, 956, 22, 103, 199, 13, 7, 43, 13, 57
1, 500, 500.0, 0.0, 500.0, 0.0, 'HJOIOO', 476, 949, 23, 93, 199, 14, 8, 38, 1, 54
1, 500, 500.0, 0.0, 500.0, 0.0, '2DOVI9', 467, 940, 20, 95, 192, 15, 8, 39, 1, 53
1, 500, 500.0, 0.0, 500.0, 0.0, 'JPB1Y7', 457, 949, 19, 92, 209, 17, 10, 45, 10, 55
1, 500, 500.0, 0.0, 500.0, 0.0, 'D04BF5', 449, 953, 17, 92, 202, 8, 9, 40, 11, 57
1, 500, 500.0, 0.0, 500.0, 0.0, 'ASN0CN', 449, 953, 18, 89, 199, 10, 7, 40, 18, 54
1, 5000, 805.0, 0.0, 805.0, 0.0, 'V8T5YV', 449, 953, 18, 89, 199, 10, 7, 40, 18, 54
