1, 500, 77.0, 0.0, 77.0, 0.0, '01CUSA', 313, 417, 21, 64, 80, 12, 5, 23, 40, 18
1, 500, 27.0, 0.0, 27.0, 0.0, '2M4UF4', 302, 381, 24, 69, 109, 7, 5, 19, 32, 1
1, 500, 35.0, 0.0, 35.0, 0.0, 'KFB0WD', 299, 393, 20, 70, 103, 5, 1, 20, 25, 10
1, 500, 24.0, 0.0, 24.0, 0.0, 'N8P9ND', 293, 370, 24, 60, 95, 5, 3, 22, 23, 1
1, 500, 13.0, 0.0, 13.0, 0.0, 'KMJ34I', 290, 399, 22, 73, 88, 9, 1, 17, 10, 20
1, 500, 22.0, 0.0, 22.0, 0.0, '2PJIRF', 305, 377, 24, 75, 92, 7, 1, 19, 26, 1
1, 500, 23.0, 0.0, 23.0, 0.0, '1FAXM1', 303, 410, 22, 62, 87, 7, 1, 11, 30, 12
1, 500, 192.0, 0.0, 192.0, 0.0, 'LM80M3', 307, 412, 20, 66, 108, 5, 5, 17, 11, 22
1, 500, 29.0, 0.0, 29.0, 0.0, 'WHQ68E', 306, 395, 13, 59, 104, 7, 2, 14, 31, 13
1, 500, 15.0, 0.0, 15.0, 0.0, 'EL142Q', 298, 389, 26, 87, 95.7, 5, 2, 2, 19, 37
1, 500, 63.0, 0.0, 63.0, 0.0, 'N56WBW', 295, 391, 13, 89, 105, 12, 3, 8, 30, 9
1, 500, 15.0, 0.0, 15.0, 0.0, 'G6X7GT', 300, 409, 22, 71, 101, 7, 1, 19, 32, 12
1, 500, 66.0, 0.0, 66.0, 0.0, 'PUJJ3I', 326, 399, 18, 68, 94, 5, 1, 14, 5, 13
1, 500, 108.0, 0.0, 108.0, 0.0, 'W0ED49', 281, 379, 16, 71, 92, 9, 8, 17, 15, 14
1, 500, 225.0, 0.0, 225.0, 0.0, 'W5LV4R', 288, 376, 18, 93, 102.30000000000001, 10, 1, 14, 10, 15
1, 500, 17.0, 0.0, 17.0, 0.0, 'PAI843', 296, 399, 12, 83, 95, 16, 3, 17, 32, 4
1, 500, 29.0, 0.0, 29.0, 0.0, '3BPHFL', 277, 405, 19, 85, 118, 12, 5, 13, 29, 1
1, 500, 19.0, 0.0, 19.0, 0.0, '9UZKV0', 311, 390, 18, 81, 125, 10, 1, 15, 26, 12
1, 500, 23.0, 0.0, 23.0, 0.0, 'MZU0M5', 291, 369, 13, 65, 85, 7, 2, 18, 4, 1
1, 500, 20.0, 0.0, 20.0, 0.0, 'WY5PGR', 322, 376, 12, 83, 91.30000000000001, 10, 1, 11, 30, 31
1, 500, 14.0, 0.0, 14.0, 0.0, '5MCM3V', 298, 392, 16, 69, 109, 20, 3, 13, 21, 8
1, 500, 87.0, 0.0, 87.0, 0.0, 'X86R39', 301, 382, 13, 54, 98, 18, 2, 13, 26, 16
1, 500, 9.0, 0.0, 9.0, 0.0, 'RJYEM1', 299, 406, 16, 63, 96, 15, 4, 9, 22, 1
1, 500, 20.0, 0.0, 20.0, 0.0, '1ROQ1Q', 288, 398, 30, 69, 94, 9, 2, 16, 22, 6
1, 500, 42.0, 0.0, 42.0, 0.0, '117RIZ', 304, 394, 24, 72, 88, 11, 1, 25, 30, 25
1, 500, 16.0, 0.0, 16.0, 0.0, 'W4LFKV', 287, 399, 28, 101, 111.10000000000001, 12, 1, 11, 13, 4
1, 500, 18.0, 0.0, 18.0, 0.0, 'LQ6751', 302, 394, 29, 69, 97, 5, 1, 20, 26, 10
1, 500, 85.0, 0.0, 85.0, 0.0, '3NNWQ9', 306, 421, 6, 88, 96.80000000000001, 11, 3, 13, 21, 4
1, 500, 11.0, 0.0, 11.0, 0.0, 'Q3OR6S', 303, 369, 21, 58, 98, 19, 5, 23, 27, 16
1, 500, 30.0, 0.0, 30.0, 0.0, '0RVDS0', 305, 394, 22, 81, 101, 5, 3, 17, 21, 9
1, 500, 185.0, 0.0, 185.0, 0.0, 'E78JYE', 298, 422, 20, 77, 95, 18, 2, 15, 30, 37
1, 500, 26.0, 0.0, 26.0, 0.0, 'QBLPDP', 297, 394, 19, 77, 97, 20, 1, 4, 23, 14
1, 500, 42.0, 0.0, 42.0, 0.0, 'G34SGC', 302, 403, 13, 65, 103, 12, 1, 11, 15, 9
1, 500, 50.0, 0.0, 50.0, 0.0, 'EKZMHC', 307, 388, 15, 74, 97, 10, 2, 12, 28, 12
1, 500, 15.0, 0.0, 15.0, 0.0, '6R9EVX', 308, 376, 25, 60, 98, 5, 10, 20, 35, 23
1, 500, 43.0, 0.0, 43.0, 0.0, '24REAX', 309, 384, 10, 79, 101, 18, 8, 29, 34, 11
1, 500, 368.0, 0.0, 368.0, 0.0, 'TN9RLJ', 299, 401, 29, 68, 98, 8, 1, 7, 12, 20
1, 500, 61.0, 0.0, 61.0, 0.0, '15IQCK', 283, 391, 12, 76, 111, 5, 1, 22, 4, 7
1, 500, 29.0, 0.0, 29.0, 0.0, 'TQFJII', 307, 417, 17, 63, 86, 10, 3, 12, 18, 15
1, 500, 49.0, 0.0, 49.0, 0.0, 'DFUGE0', 293, 408, 21, 63, 83, 14, 1, 11, 10, 18
1, 500, 500.0, 0.0, 500.0, 0.0, 'E6A57N', 284, 384, 15, 74, 98, 8, 2, 14, 28, 14
1, 500, 210.0, 0.0, 210.0, 0.0, '3RSDI2', 303, 396, 17, 68, 110, 7, 5, 18, 17, 27
1, 500, 26.0, 0.0, 26.0, 0.0, 'GJDI2F', 300, 385, 15, 73, 91, 5, 1, 22, 15, 19
1, 500, 25.0, 0.0, 25.0, 0.0, 'DKOBVY', 294, 377, 25, 77, 99, 13, 5, 22, 32, 7
1, 500, 83.0, 0.0, 83.0, 0.0, 'TSD47P', 320, 400, 13, 70, 109, 9, 2, 21, 13, 30
1, 500, 29.0, 0.0, 29.0, 0.0, '4OKWFX', 308, 390, 28, 74, 116, 11, 6, 20, 18, 22
1, 500, 34.0, 0.0, 34.0, 0.0, 'XE9X7K', 297, 395, 25, 80, 106, 21, 1, 7, 14, 13
1, 500, 107.0, 0.0, 107.0, 0.0, 'CPF32E', 300, 417, 17, 60, 94, 18, 8, 12, 34, 32
1, 500, 26.0, 0.0, 26.0, 0.0, '70YX6U', 304, 393, 27, 70, 90, 5, 1, 21, 34, 11
1, 500, 55.0, 0.0, 55.0, 0.0, 'JB6NQE', 303, 395, 27, 75, 117, 11, 9, 14, 23, 6
1, 500, 500.0, 0.0, 500.0, 0.0, 'WUYPHP', 285, 405, 20, 80, 101, 16, 2, 13, 40, 10
1, 500, 35.0, 0.0, 35.0, 0.0, '062EUK', 299, 407, 18, 86, 102, 11, 5, 12, 32, 3
1, 500, 40.0, 0.0, 40.0, 0.0, '3M1TTT', 292, 387, 24, 81, 99, 5, 3, 19, 25, 1
1, 500, 21.0, 0.0, 21.0, 0.0, 'G290FS', 294, 401, 22, 80, 88, 10, 3, 21, 12, 2
1, 500, 32.0, 0.0, 32.0, 0.0, 'KAM31S', 310, 416, 15, 72, 103, 10, 1, 19, 24, 4
1, 500, 21.0, 0.0, 21.0, 0.0, 'I4TGWP', 280, 400, 17, 63, 92, 12, 4, 15, 26, 2
1, 500, 23.0, 0.0, 23.0, 0.0, 'P09KVH', 300, 399, 22, 72, 104, 10, 3, 11, 24, 1
1, 500, 181.0, 0.0, 181.0, 0.0, 'ML6X63', 290, 389, 13, 73, 94, 5, 2, 24, 25, 11
1, 500, 17.0, 0.0, 17.0, 0.0, 'QBU1K0', 298, 379, 31, 55, 102, 5, 6, 19, 42, 7
1, 500, 72.0, 0.0, 72.0, 0.0, 'K0FYOB', 308, 382, 24, 69, 97, 8, 11, 20, 5, 9
1, 500, 109.0, 0.0, 109.0, 0.0, 'W7NSIF', 298, 390, 10, 67, 108, 8, 5, 18, 25, 1
1, 500, 36.0, 0.0, 36.0, 0.0, '4YV33S', 297, 398, 18, 65, 93, 5, 5, 27, 34, 5
1, 500, 51.0, 0.0, 51.0, 0.0, 'Y0M0VJ', 301, 419, 16, 83, 106, 14, 4, 14, 13, 6
1, 500, 77.0, 0.0, 77.0, 0.0, 'E9KCKR', 309, 391, 25, 77, 94, 11, 9, 16, 18, 17
1, 500, 118.0, 0.0, 118.0, 0.0, '4Y0A9L', 300, 384, 21, 89, 118, 17, 4, 11, 31, 12
1, 500, 23.0, 0.0, 23.0, 0.0, 'UD2O30', 302, 408, 28, 58, 92, 7, 1, 14, 17, 11
1, 500, 12.0, 0.0, 12.0, 0.0, '9TXTQT', 296, 400, 29, 62, 100, 15, 2, 15, 38, 9
1, 500, 25.0, 0.0, 25.0, 0.0, '39VQTJ', 294, 415, 19, 86, 94.60000000000001, 5, 1, 18, 21, 1
1, 500, 12.0, 0.0, 12.0, 0.0, 'CQX46U', 286, 431, 18, 68, 79, 20, 1, 25, 29, 2
1, 500, 155.0, 0.0, 155.0, 0.0, 'B4UGKT', 308, 417, 13, 63, 99, 5, 1, 24, 30, 31
1, 500, 60.0, 0.0, 60.0, 0.0, 'W8FEVN', 289, 407, 27, 85, 93.50000000000001, 9, 3, 14, 26, 11
1, 500, 43.0, 0.0, 43.0, 0.0, 'EWWJJU', 307, 409, 15, 79, 113, 9, 2, 15, 26, 10
1, 500, 19.0, 0.0, 19.0, 0.0, 'VO9FXV', 291, 366, 21, 80, 120, 13, 1, 18, 33, 24
1, 500, 75.0, 0.0, 75.0, 0.0, 'W7S3LP', 295, 387, 22, 64, 106, 7, 7, 19, 16, 29
1, 500, 104.0, 0.0, 104.0, 0.0, 'IB1WH6', 301, 397, 18, 67, 109, 5, 2, 25, 16, 1
1, 500, 20.0, 0.0, 20.0, 0.0, '488PDH', 299, 440, 21, 73, 112, 5, 4, 27, 14, 2
1, 500, 22.0, 0.0, 22.0, 0.0, 'JQKANA', 304, 391, 18, 71, 104, 11, 2, 21, 21, 1
1, 500, 11.0, 0.0, 11.0, 0.0, '8H0HO8', 272, 368, 23, 68, 104, 14, 1, 20, 21, 1
1, 500, 33.0, 0.0, 33.0, 0.0, 'LXETO6', 294, 411, 22, 62, 106, 13, 4, 10, 55, 5
1, 500, 27.0, 0.0, 27.0, 0.0, 'T4CVKH', 320, 412, 18, 77, 114, 6, 2, 16, 20, 2
1, 500, 12.0, 0.0, 12.0, 0.0, 'ISGXY3', 288, 386, 14, 77, 98, 16, 2, 10, 10, 5
1, 500, 13.0, 0.0, 13.0, 0.0, 'F7P75W', 301, 387, 18, 79, 88, 8, 1, 18, 19, 1
1, 500, 23.0, 0.0, 23.0, 0.0, '68BAMM', 298, 427, 18, 65, 96, 12, 1, 22, 28, 6
1, 500, 28.0, 0.0, 28.0, 0.0, 'LQ5KPH', 302, 385, 16, 58, 99, 9, 6, 16, 22, 5
1, 500, 13.0, 0.0, 13.0, 0.0, 'LXJJ6A', 284, 359, 25, 71, 104, 5, 1, 13, 28, 11
1, 500, 42.0, 0.0, 42.0, 0.0, 'X6TO34', 298, 399, 24, 74, 81.4, 15, 4, 24, 15, 27
1, 500, 27.0, 0.0, 27.0, 0.0, '74AG95', 302, 395, 12, 63, 115, 7, 1, 18, 22, 11
1, 500, 25.0, 0.0, 25.0, 0.0, 'D53KCR', 326, 390, 27, 72, 98, 7, 1, 22, 31, 23
1, 500, 28.0, 0.0, 28.0, 0.0, 'UC3N9W', 292, 373, 21, 67, 74, 14, 5, 17, 35, 5
1, 500, 63.0, 0.0, 63.0, 0.0, '15BR8L', 311, 416, 22, 74, 99, 5, 3, 20, 18, 6
1, 500, 295.0, 0.0, 295.0, 0.0, 'S0QK24', 291, 408, 14, 73, 119, 5, 3, 13, 18, 17
1, 500, 28.0, 0.0, 28.0, 0.0, 'H9Z5R6', 303, 405, 15, 70, 102, 10, 1, 13, 38, 7
1, 500, 42.0, 0.0, 42.0, 0.0, '1BAOIY', 295, 426, 21, 62, 96, 9, 1, 18, 41, 7
1, 500, 22.0, 0.0, 22.0, 0.0, 'XN3EE6', 316, 410, 14, 71, 87, 17, 1, 18, 32, 1
1, 500, 20.0, 0.0, 20.0, 0.0, '11FXGS', 299, 375, 27, 59, 97, 19, 3, 14, 29, 1
1, 500, 30.0, 0.0, 30.0, 0.0, '8UZMLV', 282, 413, 16, 66, 86, 15, 9, 9, 21, 1
1, 500, 12.0, 0.0, 12.0, 0.0, 'NH0PTZ', 309, 410, 20, 70, 101, 5, 2, 7, 11, 1
1, 500, 28.0, 0.0, 28.0, 0.0, 'K06XX7', 301, 407, 11, 74, 89, 5, 1, 11, 21, 1
1, 500, 54.0, 0.0, 54.0, 0.0, 'N4XCWR', 305, 388, 16, 66, 103, 10, 6, 12, 31, 1
1, 500, 43.0, 0.0, 43.0, 0.0, 'IXM261', 302, 399, 21, 79, 91, 5, 5, 8, 19, 1
1, 500, 24.0, 0.0, 24.0, 0.0, 'NQ0E5Q', 293, 410, 9, 78, 95, 8, 8, 11, 29, 1
1, 500, 16.0, 0.0, 16.0, 0.0, '9VUCU0', 301, 400, 24, 55, 97, 10, 3, 6, 2, 10
1, 500, 12.0, 0.0, 12.0, 0.0, 'ES8Q6C', 286, 413, 18, 46, 94, 5, 1, 16, 27, 9
1, 500, 8.0, 0.0, 8.0, 0.0, 'VD399P', 291, 411, 20, 52, 106, 19, 5, 13, 6, 19
1, 500, 15.0, 0.0, 15.0, 0.0, '5U3BK4', 303, 411, 14, 55, 98, 11, 1, 11, 9, 1
1, 500, 87.0, 0.0, 87.0, 0.0, '9VPZ5R', 299, 396, 22, 42, 111, 8, 4, 14, 25, 15
1, 500, 22.0, 0.0, 22.0, 0.0, 'UFASB3', 306, 402, 22, 87, 99, 18, 1, 10, 35, 1
1, 500, 27.0, 0.0, 27.0, 0.0, 'B0G8Y3', 301, 401, 17, 80, 88.0, 10, 9, 18, 34, 2
1, 500, 25.0, 0.0, 25.0, 0.0, 'ZXR9B2', 305, 380, 15, 61, 102, 9, 5, 20, 23, 9
1, 500, 36.0, 0.0, 36.0, 0.0, '8SZ25E', 309, 403, 21, 71, 99, 11, 3, 19, 26, 22
1, 500, 10.0, 0.0, 10.0, 0.0, '8A4HTI', 296, 424, 26, 57, 99, 18, 1, 21, 27, 1
1, 500, 11.0, 0.0, 11.0, 0.0, '5M80M1', 297, 381, 22, 58, 91, 12, 4, 14, 16, 1
1, 500, 194.0, 0.0, 194.0, 0.0, 'UCUAOW', 287, 428, 11, 69, 96, 5, 7, 10, 1, 12
1, 500, 25.0, 0.0, 25.0, 0.0, 'KK6UVZ', 299, 388, 22, 83, 113, 12, 5, 17, 33, 1
1, 500, 25.0, 0.0, 25.0, 0.0, 'KCAQ6J', 292, 409, 15, 64, 93, 8, 1, 20, 23, 1
1, 500, 103.0, 0.0, 103.0, 0.0, 'F0TJT2', 301, 397, 18, 72, 79.2, 5, 3, 14, 31, 5
1, 500, 18.0, 0.0, 18.0, 0.0, '3MQQXY', 292, 408, 17, 61, 97, 5, 3, 17, 13, 1
1, 500, 157.0, 0.0, 157.0, 0.0, 'ZFB3HO', 290, 380, 18, 94, 103.4, 13, 1, 19, 12, 28
1, 500, 13.0, 0.0, 13.0, 0.0, 'A8JET1', 296, 393, 23, 84, 107, 5, 1, 18, 29, 1
1, 500, 50.0, 0.0, 50.0, 0.0, '345STX', 299, 417, 22, 62, 101, 9, 4, 22, 13, 16
1, 500, 28.0, 0.0, 28.0, 0.0, 'LJ0A9E', 295, 397, 19, 73, 101, 7, 1, 21, 30, 3
1, 500, 19.0, 0.0, 19.0, 0.0, 'KW3MHO', 275, 393, 27, 95, 109, 9, 4, 18, 14, 4
1, 500, 18.0, 0.0, 18.0, 0.0, 'DT3VUQ', 271, 392, 19, 58, 100, 9, 1, 13, 18, 22
1, 500, 199.0, 0.0, 199.0, 0.0, 'GEJWZ6', 309, 403, 17, 86, 94.60000000000001, 5, 4, 12, 52, 15
1, 500, 20.0, 0.0, 20.0, 0.0, 'KWECJU', 298, 390, 22, 55, 109, 5, 1, 22, 27, 1
1, 500, 54.0, 0.0, 54.0, 0.0, 'TCSBWE', 323, 410, 20, 64, 80, 5, 6, 13, 37, 2
1, 500, 46.0, 0.0, 46.0, 0.0, 'RXOX3A', 325, 387, 19, 68, 98, 10, 5, 25, 15, 13
1, 500, 20.0, 0.0, 20.0, 0.0, '36IRVC', 275, 427, 24, 72, 95, 12, 1, 19, 23, 15
1, 500, 71.0, 0.0, 71.0, 0.0, 'GQN5ON', 315, 400, 17, 76, 88, 10, 2, 16, 39, 6
1, 500, 27.0, 0.0, 27.0, 0.0, 'ZOIEM2', 285, 411, 12, 89, 97.9, 5, 1, 13, 16, 1
1, 500, 321.0, 0.0, 321.0, 0.0, '6X18BJ', 300, 409, 11, 42, 119, 9, 2, 19, 26, 15
1, 500, 102.0, 0.0, 102.0, 0.0, 'HM4F33', 281, 399, 18, 93, 102.30000000000001, 6, 7, 9, 26, 14
1, 500, 25.0, 0.0, 25.0, 0.0, 'YSKIXU', 304, 426, 24, 87, 101, 5, 1, 19, 18, 1
1, 500, 62.0, 0.0, 62.0, 0.0, 'IM62SK', 322, 392, 20, 76, 83.60000000000001, 5, 4, 5, 24, 1
1, 500, 442.0, 0.0, 442.0, 0.0, '2NTHZU', 283, 401, 14, 66, 104, 5, 2, 16, 24, 21
1, 500, 8.0, 0.0, 8.0, 0.0, 'H9ST05', 290, 386, 25, 60, 93, 17, 2, 13, 1, 1
1, 500, 24.0, 0.0, 24.0, 0.0, 'J5MRYR', 290, 403, 16, 77, 88, 7, 2, 17, 39, 7
1, 500, 18.0, 0.0, 18.0, 0.0, 'IY1E4Z', 298, 405, 15, 49, 100, 15, 6, 17, 19, 6
1, 500, 8.0, 0.0, 8.0, 0.0, 'G2FM7C', 292, 401, 17, 64, 101, 20, 1, 14, 14, 1
1, 500, 53.0, 0.0, 53.0, 0.0, 'JDV8IG', 279, 412, 16, 76, 108, 5, 2, 7, 16, 1
1, 500, 27.0, 0.0, 27.0, 0.0, 'WKI96J', 301, 397, 11, 71, 78.10000000000001, 11, 1, 12, 23, 4
1, 500, 16.0, 0.0, 16.0, 0.0, 'ZUFBK8', 301, 408, 21, 63, 108, 19, 8, 23, 10, 11
1, 500, 138.0, 0.0, 138.0, 0.0, 'H2A8UJ', 300, 404, 14, 81, 99, 13, 2, 16, 41, 1
1, 500, 256.0, 0.0, 256.0, 0.0, 'ODT5RJ', 293, 396, 12, 84, 102, 7, 3, 18, 13, 15
1, 500, 49.0, 0.0, 49.0, 0.0, 'C0ZZ6C', 290, 424, 16, 69, 105, 10, 4, 21, 15, 22
1, 500, 23.0, 0.0, 23.0, 0.0, 'V15FBW', 278, 380, 16, 50, 85, 5, 2, 18, 41, 1
1, 500, 21.0, 0.0, 21.0, 0.0, 'RIP5F3', 301, 400, 33, 73, 102, 12, 4, 22, 3, 14
1, 500, 20.0, 0.0, 20.0, 0.0, 'HHQAYX', 313, 415, 20, 68, 99, 11, 1, 16, 28, 1
1, 500, 16.0, 0.0, 16.0, 0.0, 'NIT2UL', 310, 392, 28, 80, 104, 18, 5, 13, 33, 5
1, 500, 264.0, 0.0, 264.0, 0.0, 'VNHO9L', 315, 404, 17, 58, 80, 11, 5, 11, 33, 11
1, 500, 402.0, 0.0, 402.0, 0.0, 'QYRD8H', 291, 401, 22, 76, 87, 5, 5, 20, 23, 28
1, 500, 17.0, 0.0, 17.0, 0.0, 'HE0LNP', 300, 382, 26, 62, 98, 12, 4, 15, 13, 15
1, 500, 19.0, 0.0, 19.0, 0.0, '86IRNS', 281, 396, 18, 71, 90, 14, 7, 26, 20, 4
1, 500, 25.0, 0.0, 25.0, 0.0, 'JK1R3N', 309, 417, 24, 70, 112, 11, 7, 8, 29, 4
1, 500, 15.0, 0.0, 15.0, 0.0, '8VQ970', 300, 410, 20, 74, 103, 9, 6, 12, 12, 1
1, 500, 21.0, 0.0, 21.0, 0.0, 'CF41AR', 300, 396, 23, 86, 94.60000000000001, 13, 4, 19, 22, 16
1, 500, 16.0, 0.0, 16.0, 0.0, 'ED2RJU', 296, 418, 20, 68, 107, 15, 6, 9, 14, 1
1, 500, 500.0, 0.0, 500.0, 0.0, 'A1EJJJ', 313, 414, 20, 62, 93, 13, 4, 20, 26, 12
1, 500, 48.0, 0.0, 48.0, 0.0, 'MEI2YM', 309, 373, 19, 69, 89, 5, 1, 18, 23, 10
1, 500, 65.0, 0.0, 65.0, 0.0, '1KMZD1', 318, 401, 5, 67, 98, 7, 7, 17, 20, 1
1, 500, 38.0, 0.0, 38.0, 0.0, 'ZTDYJ7', 310, 399, 12, 51, 90, 11, 1, 17, 47, 31
1, 500, 22.0, 0.0, 22.0, 0.0, '6APHP8', 284, 424, 14, 85, 109, 10, 1, 13, 29, 13
1, 500, 17.0, 0.0, 17.0, 0.0, 'II0D2A', 292, 426, 16, 84, 92.4, 14, 1, 10, 23, 3
1, 500, 25.0, 0.0, 25.0, 0.0, '96XLS6', 298, 398, 27, 64, 101, 7, 3, 12, 39, 5
1, 500, 27.0, 0.0, 27.0, 0.0, 'TODAE6', 303, 382, 12, 56, 118, 15, 2, 17, 25, 1
1, 500, 17.0, 0.0, 17.0, 0.0, 'KEXEA2', 326, 405, 24, 61, 114, 5, 1, 17, 23, 2
1, 500, 20.0, 0.0, 20.0, 0.0, 'G5H8BB', 299, 385, 17, 57, 90, 7, 2, 27, 29, 11
1, 500, 10.0, 0.0, 10.0, 0.0, 'N6FYO6', 291, 374, 17, 71, 95, 14, 10, 10, 23, 1
1, 500, 28.0, 0.0, 28.0, 0.0, 'QYDNVH', 293, 416, 21, 74, 97, 5, 8, 18, 25, 1
1, 500, 36.0, 0.0, 36.0, 0.0, 'H63XH7', 301, 391, 20, 79, 97, 15, 4, 26, 22, 13
1, 500, 12.0, 0.0, 12.0, 0.0, 'BZ4314', 283, 416, 19, 64, 112, 13, 2, 11, 19, 1
1, 500, 17.0, 0.0, 17.0, 0.0, 'CN9RZN', 294, 407, 19, 84, 105, 13, 1, 17, 33, 1
1, 500, 9.0, 0.0, 9.0, 0.0, 'G1P2Q8', 304, 401, 17, 59, 88, 13, 5, 18, 5, 9
1, 500, 27.0, 0.0, 27.0, 0.0, 'DW18CT', 284, 409, 21, 58, 110, 12, 3, 26, 37, 3
1, 500, 31.0, 0.0, 31.0, 0.0, 'QRFBA9', 307, 391, 21, 84, 98, 13, 1, 16, 10, 1
1, 500, 322.0, 0.0, 322.0, 0.0, 'YCNPO3', 305, 405, 12, 63, 105, 5, 3, 21, 30, 21
1, 500, 86.0, 0.0, 86.0, 0.0, 'T73TYK', 292, 407, 13, 70, 81, 8, 4, 23, 31, 4
1, 500, 29.0, 0.0, 29.0, 0.0, 'U5T5EB', 304, 377, 10, 77, 84.7, 13, 1, 11, 30, 11
1, 500, 38.0, 0.0, 38.0, 0.0, 'QH5IHP', 310, 393, 17, 76, 83.60000000000001, 7, 4, 18, 17, 6
1, 500, 30.0, 0.0, 30.0, 0.0, 'O0UEGP', 311, 404, 30, 74, 97, 5, 1, 23, 39, 20
1, 500, 32.0, 0.0, 32.0, 0.0, 'OZZ14R', 285, 416, 24, 59, 101, 17, 8, 19, 21, 27
1, 500, 31.0, 0.0, 31.0, 0.0, '7JDBUS', 287, 405, 20, 81, 90, 11, 3, 12, 45, 1
1, 500, 11.0, 0.0, 11.0, 0.0, 'DZF4WI', 311, 411, 23, 71, 94, 11, 2, 10, 5, 17
1, 500, 14.0, 0.0, 14.0, 0.0, '1J817R', 301, 395, 25, 80, 109, 17, 6, 11, 5, 2
1, 500, 29.0, 0.0, 29.0, 0.0, 'OAXWY4', 288, 408, 13, 52, 93, 9, 1, 9, 15, 1
1, 500, 25.0, 0.0, 25.0, 0.0, 'MB8RUR', 288, 388, 23, 84, 92.4, 5, 1, 18, 24, 1
1, 500, 22.0, 0.0, 22.0, 0.0, 'XNLH2B', 294, 378, 28, 61, 99, 5, 3, 14, 21, 1
1, 500, 43.0, 0.0, 43.0, 0.0, 'Z2XQEP', 297, 395, 24, 75, 102, 5, 4, 14, 43, 12
1, 500, 16.0, 0.0, 16.0, 0.0, 'VRAPCF', 284, 400, 17, 61, 103, 11, 1, 10, 33, 10
1, 500, 500.0, 0.0, 500.0, 0.0, '35V9PK', 308, 414, 13, 91, 106, 9, 3, 17, 35, 16
1, 500, 12.0, 0.0, 12.0, 0.0, 'E1VZ9V', 293, 404, 22, 61, 112, 5, 1, 18, 13, 12
1, 500, 25.0, 0.0, 25.0, 0.0, 'GBIQIR', 307, 393, 21, 75, 90, 7, 5, 17, 36, 1
1, 500, 19.0, 0.0, 19.0, 0.0, 'KVXKMD', 299, 390, 25, 71, 114, 5, 8, 8, 29, 8
1, 500, 13.0, 0.0, 13.0, 0.0, 'RZ3KQU', 285, 391, 28, 72, 106, 7, 3, 22, 7, 20
1, 500, 16.0, 0.0, 16.0, 0.0, '17C5KF', 298, 391, 24, 50, 103, 11, 9, 18, 21, 19
1, 500, 22.0, 0.0, 22.0, 0.0, 'OWH3P7', 299, 390, 21, 70, 96, 7, 1, 14, 28, 1
1, 500, 21.0, 0.0, 21.0, 0.0, '5TT91J', 305, 413, 22, 89, 107, 12, 1, 16, 43, 18
1, 500, 31.0, 0.0, 31.0, 0.0, '51MUEV', 290, 421, 21, 65, 100, 8, 1, 19, 18, 4
1, 500, 13.0, 0.0, 13.0, 0.0, 'G53K4E', 308, 394, 20, 64, 113, 20, 4, 22, 36, 26
1, 500, 14.0, 0.0, 14.0, 0.0, 'VG0IGH', 313, 415, 22, 69, 97, 17, 2, 7, 43, 30
1, 500, 107.0, 0.0, 107.0, 0.0, 'X1TMDR', 313, 396, 20, 64, 109, 5, 1, 17, 35, 13
1, 500, 77.0, 0.0, 77.0, 0.0, 'PICIY2', 317, 408, 18, 85, 107, 10, 2, 15, 19, 1
1, 500, 35.0, 0.0, 35.0, 0.0, '0LZAK8', 308, 428, 17, 78, 94, 14, 2, 9, 21, 1
1, 500, 14.0, 0.0, 14.0, 0.0, 'A5PFGB', 287, 412, 22, 72, 103, 8, 1, 23, 4, 1
1, 500, 17.0, 0.0, 17.0, 0.0, 'OF470T', 285, 415, 18, 71, 100, 19, 1, 13, 22, 17
1, 500, 105.0, 0.0, 105.0, 0.0, '3WWYF8', 300, 412, 18, 75, 101, 6, 3, 9, 18, 11
1, 500, 17.0, 0.0, 17.0, 0.0, 'HGU3EV', 310, 387, 24, 82, 101, 15, 1, 16, 32, 3
1, 500, 31.0, 0.0, 31.0, 0.0, 'D8KM9G', 312, 387, 24, 72, 107, 13, 4, 21, 12, 14
1, 500, 52.0, 0.0, 52.0, 0.0, 'KNY07H', 283, 419, 16, 79, 88, 11, 1, 14, 23, 16
1, 500, 33.0, 0.0, 33.0, 0.0, '38Z3QW', 299, 427, 25, 67, 111, 6, 1, 11, 32, 1
1, 500, 29.0, 0.0, 29.0, 0.0, 'QLKX6N', 310, 406, 23, 77, 91, 13, 4, 21, 34, 1
1, 500, 45.0, 0.0, 45.0, 0.0, 'EXIGC6', 287, 390, 19, 73, 91, 6, 1, 21, 18, 26
1, 500, 77.0, 0.0, 77.0, 0.0, 'FR3S1B', 310, 424, 18, 73, 104, 14, 5, 13, 22, 12
1, 500, 12.0, 0.0, 12.0, 0.0, 'IFTF17', 283, 369, 16, 60, 106, 17, 6, 18, 28, 21
1, 500, 25.0, 0.0, 25.0, 0.0, 'IV4PGH', 279, 411, 23, 70, 106, 7, 1, 18, 30, 12
1, 500, 40.0, 0.0, 40.0, 0.0, 'TL1S0Y', 300, 411, 23, 72, 108, 9, 2, 31, 27, 27
1, 500, 58.0, 0.0, 58.0, 0.0, 'DNG6O1', 303, 412, 23, 71, 87, 5, 2, 14, 40, 17
1, 500, 34.0, 0.0, 34.0, 0.0, 'OWX6G1', 319, 406, 18, 75, 89, 13, 3, 16, 14, 15
1, 500, 19.0, 0.0, 19.0, 0.0, 'OCRKG0', 297, 392, 23, 67, 95, 13, 9, 17, 21, 2
1, 500, 9.0, 0.0, 9.0, 0.0, 'VYXTFL', 292, 419, 19, 66, 105, 17, 6, 18, 25, 1
1, 500, 192.0, 0.0, 192.0, 0.0, 'W54W88', 306, 407, 20, 79, 102, 11, 1, 23, 23, 12
1, 500, 371.0, 0.0, 371.0, 0.0, 'A17DC6', 302, 392, 13, 64, 87, 5, 1, 21, 33, 11
1, 500, 68.0, 0.0, 68.0, 0.0, 'MZ6ZNZ', 291, 390, 31, 71, 96, 5, 6, 10, 33, 26
1, 500, 79.0, 0.0, 79.0, 0.0, '4TY1GY', 298, 408, 22, 74, 102, 11, 3, 13, 34, 13
1, 500, 14.0, 0.0, 14.0, 0.0, 'YK5WWL', 301, 409, 20, 74, 89, 12, 1, 10, 7, 1
1, 500, 45.0, 0.0, 45.0, 0.0, 'GIGOMD', 303, 412, 22, 58, 92, 10, 1, 20, 32, 18
1, 500, 22.0, 0.0, 22.0, 0.0, '93F2P8', 301, 416, 14, 68, 91, 12, 1, 13, 23, 1
1, 500, 21.0, 0.0, 21.0, 0.0, 'WZQ961', 295, 415, 21, 67, 105, 9, 5, 22, 30, 1
1, 500, 66.0, 0.0, 66.0, 0.0, 'AE9XVM', 295, 391, 23, 73, 93, 11, 5, 23, 24, 11
1, 500, 8.0, 0.0, 8.0, 0.0, 'KV3M7R', 309, 393, 18, 71, 124, 21, 4, 17, 14, 16
1, 500, 35.0, 0.0, 35.0, 0.0, 'GVJ1TK', 272, 394, 19, 70, 110, 10, 6, 22, 33, 1
1, 500, 19.0, 0.0, 19.0, 0.0, '9MURYP', 316, 384, 16, 73, 99, 11, 1, 16, 19, 27
1, 500, 409.0, 0.0, 409.0, 0.0, 'LDB1FG', 309, 406, 15, 72, 103, 7, 3, 17, 20, 30
1, 500, 20.0, 0.0, 20.0, 0.0, '0DBKU5', 307, 403, 18, 78, 100, 5, 1, 15, 33, 6
1, 500, 19.0, 0.0, 19.0, 0.0, 'OFVETI', 293, 405, 22, 82, 108, 14, 1, 17, 29, 9
1, 500, 27.0, 0.0, 27.0, 0.0, 'E58AKI', 318, 411, 21, 70, 95, 12, 2, 17, 21, 3
1, 500, 25.0, 0.0, 25.0, 0.0, 'W1GP51', 312, 388, 19, 71, 119, 10, 3, 22, 28, 1
1, 500, 500.0, 0.0, 500.0, 0.0, 'F7Z0BQ', 291, 393, 18, 84, 110, 14, 4, 17, 14, 32
1, 500, 15.0, 0.0, 15.0, 0.0, 'BRX2XM', 318, 374, 25, 65, 122, 5, 8, 18, 17, 11
1, 500, 18.0, 0.0, 18.0, 0.0, 'HJ8VYZ', 296, 383, 19, 81, 93, 13, 1, 15, 32, 1
1, 500, 20.0, 0.0, 20.0, 0.0, 'GWV0OB', 319, 404, 19, 63, 99, 10, 1, 18, 2, 4
1, 500, 22.0, 0.0, 22.0, 0.0, 'EFUTGF', 290, 405, 21, 74, 112, 13, 1, 22, 28, 4
1, 500, 62.0, 0.0, 62.0, 0.0, 'MX7W72', 320, 417, 18, 63, 78, 12, 6, 20, 26, 6
1, 500, 159.0, 0.0, 159.0, 0.0, 'CZQ974', 299, 392, 22, 69, 89, 10, 7, 9, 24, 31
1, 500, 33.0, 0.0, 33.0, 0.0, 'L83GEW', 282, 407, 15, 69, 95, 10, 1, 14, 27, 1
1, 500, 12.0, 0.0, 12.0, 0.0, 'M49C8S', 282, 385, 21, 62, 94, 18, 2, 25, 14, 11
1, 500, 104.0, 0.0, 104.0, 0.0, 'PMQE8V', 316, 404, 19, 79, 108, 5, 8, 14, 15, 22
1, 500, 30.0, 0.0, 30.0, 0.0, '73WR6H', 309, 405, 9, 85, 110, 8, 3, 17, 27, 15
1, 500, 68.0, 0.0, 68.0, 0.0, 'R8M5MC', 327, 387, 16, 57, 127, 14, 6, 12, 16, 16
1, 500, 50.0, 0.0, 50.0, 0.0, 'UXTWFO', 309, 410, 24, 70, 98, 7, 5, 11, 19, 20
1, 500, 25.0, 0.0, 25.0, 0.0, 'ZH2NSP', 301, 417, 19, 59, 101, 18, 4, 15, 36, 3
1, 500, 20.0, 0.0, 20.0, 0.0, '6CA9S6', 303, 379, 26, 56, 111, 13, 2, 14, 11, 1
1, 500, 18.0, 0.0, 18.0, 0.0, 'XHP94P', 316, 386, 24, 76, 86, 13, 1, 5, 35, 1
1, 500, 19.0, 0.0, 19.0, 0.0, '7QP186', 314, 382, 22, 64, 99, 6, 1, 15, 22, 10
1, 500, 28.0, 0.0, 28.0, 0.0, 'Y322TX', 304, 404, 25, 84, 99, 5, 1, 9, 24, 6
1, 500, 31.0, 0.0, 31.0, 0.0, 'WG2IGX', 302, 401, 14, 69, 106, 10, 3, 18, 11, 1
1, 500, 40.0, 0.0, 40.0, 0.0, '39C6GU', 311, 401, 18, 75, 101, 5, 1, 18, 29, 4
1, 500, 15.0, 0.0, 15.0, 0.0, '7AZEO8', 296, 402, 11, 68, 105, 13, 7, 18, 25, 4
1, 500, 229.0, 0.0, 229.0, 0.0, 'KS6PA9', 300, 389, 23, 69, 107, 8, 4, 12, 28, 16
1, 500, 30.0, 0.0, 30.0, 0.0, '6E47J7', 298, 433, 13, 67, 91, 6, 4, 24, 26, 1
1, 500, 19.0, 0.0, 19.0, 0.0, 'TJJZIC', 300, 383, 24, 75, 114, 11, 1, 15, 13, 9
1, 500, 37.0, 0.0, 37.0, 0.0, 'ZWAA3P', 314, 394, 19, 52, 100, 6, 5, 14, 22, 9
1, 500, 38.0, 0.0, 38.0, 0.0, 'E18RY6', 282, 411, 19, 70, 91, 6, 8, 23, 31, 1
1, 500, 60.0, 0.0, 60.0, 0.0, 'CV7R3W', 293, 388, 24, 76, 98, 7, 1, 13, 29, 18
1, 500, 20.0, 0.0, 20.0, 0.0, 'HETXLR', 294, 401, 23, 72, 82, 12, 2, 13, 18, 4
1, 500, 27.0, 0.0, 27.0, 0.0, '8ERB8S', 299, 402, 17, 60, 81, 9, 1, 11, 28, 14
1, 500, 19.0, 0.0, 19.0, 0.0, '373ZT6', 291, 411, 22, 70, 100, 13, 4, 23, 7, 5
1, 500, 297.0, 0.0, 297.0, 0.0, 'IWIXD9', 324, 404, 21, 98, 107.80000000000001, 5, 6, 16, 14, 26
1, 500, 34.0, 0.0, 34.0, 0.0, 'MTQ8WT', 295, 380, 20, 84, 92.4, 8, 2, 13, 8, 6
1, 500, 72.0, 0.0, 72.0, 0.0, 'LSAF3S', 311, 410, 21, 63, 101, 5, 1, 13, 25, 24
1, 500, 29.0, 0.0, 29.0, 0.0, 'IVDM25', 285, 374, 25, 67, 92, 11, 1, 14, 27, 1
1, 500, 128.0, 0.0, 128.0, 0.0, 'SV7TEI', 291, 409, 15, 74, 91, 14, 2, 17, 30, 11
1, 500, 500.0, 0.0, 500.0, 0.0, '592AN4', 305, 396, 19, 69, 87, 6, 3, 16, 24, 27
1, 500, 17.0, 0.0, 17.0, 0.0, 'FNTG05', 284, 392, 25, 87, 102, 13, 5, 16, 20, 18
1, 500, 28.0, 0.0, 28.0, 0.0, 'ZPORZ1', 301, 388, 20, 64, 108, 5, 1, 12, 15, 9
1, 500, 21.0, 0.0, 21.0, 0.0, '7ISXZW', 288, 394, 14, 58, 80, 11, 3, 19, 23, 1
1, 500, 13.0, 0.0, 13.0, 0.0, '3MSSSD', 294, 392, 20, 70, 108, 20, 1, 15, 25, 5
1, 500, 299.0, 0.0, 299.0, 0.0, '7ZGH5K', 293, 397, 14, 58, 95, 7, 6, 17, 6, 21
1, 500, 28.0, 0.0, 28.0, 0.0, '5WVN07', 304, 373, 17, 56, 110, 5, 1, 21, 24, 30
1, 500, 12.0, 0.0, 12.0, 0.0, '1WY85H', 288, 428, 16, 81, 92, 15, 1, 7, 19, 1
1, 500, 11.0, 0.0, 11.0, 0.0, 'EJYG3L', 295, 382, 19, 68, 111, 7, 1, 21, 19, 4
1, 500, 15.0, 0.0, 15.0, 0.0, 'AG4ATW', 310, 385, 19, 59, 91, 14, 2, 13, 2, 1
1, 500, 59.0, 0.0, 59.0, 0.0, 'VZ1O72', 290, 413, 21, 63, 82, 9, 3, 9, 30, 24
1, 500, 101.0, 0.0, 101.0, 0.0, '2WAT8H', 312, 405, 19, 62, 96, 5, 2, 9, 25, 5
1, 500, 469.0, 0.0, 469.0, 0.0, '1FZRVD', 300, 403, 15, 63, 91, 15, 1, 25, 19, 30
1, 500, 110.0, 0.0, 110.0, 0.0, '04WLYT', 305, 395, 15, 76, 94, 10, 6, 20, 25, 15
1, 500, 15.0, 0.0, 15.0, 0.0, 'BN0ROL', 309, 388, 30, 72, 101, 6, 2, 14, 12, 13
1, 500, 22.0, 0.0, 22.0, 0.0, 'TJ131O', 297, 405, 13, 79, 116, 15, 1, 13, 23, 3
1, 500, 29.0, 0.0, 29.0, 0.0, '8GVIVZ', 301, 415, 24, 59, 104, 10, 1, 21, 36, 1
1, 500, 14.0, 0.0, 14.0, 0.0, 'CFMW3C', 285, 401, 8, 97, 114, 16, 5, 7, 19, 22
1, 500, 43.0, 0.0, 43.0, 0.0, 'FXP64X', 292, 391, 18, 59, 92, 7, 1, 8, 20, 8
1, 500, 25.0, 0.0, 25.0, 0.0, '0FNSTQ', 288, 400, 17, 64, 90, 10, 5, 20, 24, 2
1, 500, 133.0, 0.0, 133.0, 0.0, 'CVV0NB', 305, 375, 14, 77, 92, 6, 1, 16, 25, 15
1, 500, 23.0, 0.0, 23.0, 0.0, 'L54O5W', 296, 405, 26, 57, 91, 5, 2, 21, 26, 1
1, 500, 28.0, 0.0, 28.0, 0.0, '63P3EQ', 291, 391, 20, 59, 114, 11, 3, 22, 28, 16
1, 500, 23.0, 0.0, 23.0, 0.0, 'UA0G17', 302, 383, 16, 61, 89, 11, 1, 18, 27, 5
1, 500, 20.0, 0.0, 20.0, 0.0, '99MPFM', 292, 381, 22, 64, 97, 11, 4, 15, 21, 2
1, 500, 11.0, 0.0, 11.0, 0.0, '9H8WBR', 302, 413, 19, 81, 123, 19, 1, 23, 19, 4
1, 500, 19.0, 0.0, 19.0, 0.0, 'ON8KDA', 306, 411, 25, 69, 117, 7, 4, 16, 40, 6
1, 500, 21.0, 0.0, 21.0, 0.0, '6L601K', 300, 390, 17, 77, 109, 12, 4, 17, 17, 1
1, 500, 140.0, 0.0, 140.0, 0.0, 'DTTLO1', 302, 398, 21, 71, 91, 7, 1, 14, 40, 13
1, 500, 12.0, 0.0, 12.0, 0.0, 'J8YLG7', 303, 399, 23, 62, 98, 17, 5, 19, 11, 7
1, 500, 9.0, 0.0, 9.0, 0.0, 'ML2RCD', 293, 376, 24, 75, 109, 18, 4, 21, 14, 12
1, 500, 12.0, 0.0, 12.0, 0.0, '0UV35W', 288, 384, 25, 75, 94, 24, 6, 16, 29, 1
1, 500, 240.0, 0.0, 240.0, 0.0, 'PO8XUL', 312, 399, 12, 57, 92, 5, 1, 18, 22, 16
1, 500, 17.0, 0.0, 17.0, 0.0, 'YSX6G5', 300, 404, 23, 63, 107, 9, 2, 17, 28, 7
1, 500, 17.0, 0.0, 17.0, 0.0, 'I6S9TU', 294, 387, 14, 71, 79, 11, 3, 21, 3, 6
1, 500, 22.0, 0.0, 22.0, 0.0, 'NV5MEG', 285, 389, 25, 55, 99, 9, 6, 10, 17, 1
1, 500, 112.0, 0.0, 112.0, 0.0, 'XAORJF', 287, 384, 20, 61, 105, 14, 4, 28, 28, 13
1, 500, 106.0, 0.0, 106.0, 0.0, 'RXZN3V', 292, 397, 16, 67, 101, 8, 1, 16, 28, 7
1, 500, 24.0, 0.0, 24.0, 0.0, '3SHGW6', 302, 405, 23, 72, 111, 13, 4, 14, 18, 7
1, 500, 24.0, 0.0, 24.0, 0.0, 'LJ3CAP', 293, 393, 20, 59, 93, 8, 2, 12, 31, 1
1, 500, 33.0, 0.0, 33.0, 0.0, 'SXH4OJ', 289, 394, 12, 72, 100, 6, 1, 13, 25, 11
1, 500, 15.0, 0.0, 15.0, 0.0, 'XPJ2WJ', 283, 397, 13, 69, 92, 16, 1, 6, 27, 2
1, 500, 26.0, 0.0, 26.0, 0.0, 'EYKBAG', 305, 344, 12, 85, 109, 5, 1, 16, 31, 4
1, 500, 500.0, 0.0, 500.0, 0.0, 'L88CWC', 317, 384, 12, 75, 108, 9, 1, 17, 42, 33
1, 500, 43.0, 0.0, 43.0, 0.0, '8VRZKP', 309, 389, 16, 59, 94, 7, 2, 15, 28, 1
1, 500, 19.0, 0.0, 19.0, 0.0, 'IOTP8U', 304, 375, 13, 73, 100, 13, 8, 15, 42, 7
1, 500, 16.0, 0.0, 16.0, 0.0, '79W7BP', 301, 380, 22, 63, 115, 5, 1, 13, 23, 26
1, 500, 17.0, 0.0, 17.0, 0.0, 'DXHYAO', 292, 399, 29, 85, 105, 16, 6, 21, 37, 1
1, 500, 115.0, 0.0, 115.0, 0.0, 'LRG3OF', 296, 400, 21, 77, 102, 8, 4, 10, 15, 22
1, 500, 12.0, 0.0, 12.0, 0.0, 'IBNJCR', 291, 368, 26, 78, 95, 14, 5, 19, 1, 1
1, 500, 22.0, 0.0, 22.0, 0.0, 'H4DSQW', 304, 408, 21, 90, 99.00000000000001, 14, 1, 14, 21, 25
1, 500, 29.0, 0.0, 29.0, 0.0, 'OI7VGZ', 320, 414, 20, 76, 104, 5, 3, 16, 22, 16
1, 500, 15.0, 0.0, 15.0, 0.0, 'ABHUQ9', 288, 387, 21, 78, 114, 11, 12, 10, 2, 1
1, 500, 161.0, 0.0, 161.0, 0.0, 'LZAHL8', 307, 428, 19, 85, 93.50000000000001, 16, 1, 14, 22, 20
1, 500, 20.0, 0.0, 20.0, 0.0, 'I4KC05', 301, 373, 14, 66, 101, 11, 8, 23, 13, 1
1, 500, 378.0, 0.0, 378.0, 0.0, 'IIQ3ZP', 295, 371, 6, 89, 97.9, 15, 2, 28, 9, 19
1, 500, 59.0, 0.0, 59.0, 0.0, 'L58MIJ', 287, 418, 18, 69, 99, 16, 2, 10, 23, 25
1, 500, 34.0, 0.0, 34.0, 0.0, 'RD6K6U', 309, 386, 18, 66, 112, 5, 1, 7, 31, 6
1, 500, 77.0, 0.0, 77.0, 0.0, 'NKIAB2', 291, 378, 14, 71, 113, 5, 8, 19, 32, 19
1, 500, 29.0, 0.0, 29.0, 0.0, '7Y3N3W', 301, 421, 24, 72, 94, 8, 2, 28, 29, 1
1, 500, 20.0, 0.0, 20.0, 0.0, 'VVWIA6', 298, 379, 22, 58, 101, 14, 1, 21, 22, 1
1, 500, 11.0, 0.0, 11.0, 0.0, '4616AT', 309, 384, 28, 69, 96, 8, 1, 5, 1, 14
1, 500, 228.0, 0.0, 228.0, 0.0, '022JVT', 292, 391, 10, 72, 87, 6, 3, 7, 1, 9
1, 500, 53.0, 0.0, 53.0, 0.0, 'P2AQJ2', 300, 395, 22, 81, 99, 5, 1, 16, 23, 10
1, 500, 34.0, 0.0, 34.0, 0.0, 'WM670E', 316, 403, 17, 88, 121, 12, 4, 12, 32, 11
1, 500, 15.0, 0.0, 15.0, 0.0, 'VJ4U4X', 305, 383, 18, 83, 96, 18, 6, 20, 31, 10
1, 500, 32.0, 0.0, 32.0, 0.0, 'TEJQXF', 318, 405, 20, 75, 93, 9, 2, 16, 34, 1
1, 500, 22.0, 0.0, 22.0, 0.0, 'KP6FPW', 308, 392, 20, 69, 107, 13, 4, 9, 27, 21
1, 500, 61.0, 0.0, 61.0, 0.0, 'PTE7GP', 297, 386, 8, 60, 102, 6, 7, 19, 23, 24
1, 500, 31.0, 0.0, 31.0, 0.0, 'HPTXP5', 306, 404, 20, 67, 99, 17, 2, 22, 26, 15
1, 500, 30.0, 0.0, 30.0, 0.0, 'X31HWR', 294, 405, 22, 73, 102, 5, 4, 14, 31, 2
1, 500, 20.0, 0.0, 20.0, 0.0, 'GXCZO4', 307, 407, 21, 70, 104, 19, 3, 15, 29, 4
1, 500, 19.0, 0.0, 19.0, 0.0, 'RZLTC2', 288, 403, 18, 68, 96, 9, 2, 18, 19, 10
1, 500, 30.0, 0.0, 30.0, 0.0, 'HCI1V2', 295, 371, 15, 65, 95, 17, 1, 19, 30, 1
1, 500, 109.0, 0.0, 109.0, 0.0, 'UECRFU', 291, 396, 15, 57, 90, 5, 3, 16, 31, 19
1, 500, 98.0, 0.0, 98.0, 0.0, 'PPJ5Z6', 293, 394, 16, 65, 101, 11, 1, 18, 11, 22
1, 500, 19.0, 0.0, 19.0, 0.0, 'HJD9T6', 307, 376, 20, 65, 124, 12, 2, 16, 30, 1
1, 500, 26.0, 0.0, 26.0, 0.0, '7TWXMH', 294, 393, 14, 57, 90, 6, 5, 17, 19, 9
1, 500, 28.0, 0.0, 28.0, 0.0, 'MDZAWV', 304, 399, 17, 65, 79, 11, 1, 19, 9, 9
1, 500, 63.0, 0.0, 63.0, 0.0, 'WYQL3M', 294, 426, 17, 71, 110, 5, 1, 8, 17, 18
1, 500, 26.0, 0.0, 26.0, 0.0, 'WMDH9X', 305, 414, 17, 58, 94, 6, 1, 12, 28, 4
1, 500, 29.0, 0.0, 29.0, 0.0, 'Z2LYFD', 309, 399, 18, 68, 97, 8, 4, 24, 14, 4
1, 500, 19.0, 0.0, 19.0, 0.0, 'WZLV2R', 314, 372, 20, 50, 102, 8, 4, 18, 35, 4
1, 500, 18.0, 0.0, 18.0, 0.0, 'PP5ZNH', 312, 393, 30, 77, 89, 13, 2, 17, 13, 1
1, 500, 22.0, 0.0, 22.0, 0.0, 'BBBWXO', 310, 406, 18, 70, 92, 5, 4, 22, 30, 1
1, 500, 74.0, 0.0, 74.0, 0.0, 'ZTGG33', 328, 407, 24, 79, 107, 5, 4, 14, 22, 11
1, 500, 28.0, 0.0, 28.0, 0.0, 'UN2H0T', 303, 404, 12, 88, 96.80000000000001, 19, 1, 16, 46, 1
1, 500, 222.0, 0.0, 222.0, 0.0, '7ZXUN5', 314, 408, 15, 64, 87, 13, 2, 17, 38, 11
1, 500, 11.0, 0.0, 11.0, 0.0, 'U6RWN3', 291, 401, 21, 68, 83, 12, 5, 11, 19, 23
1, 500, 66.0, 0.0, 66.0, 0.0, 'VO1PH4', 290, 390, 20, 79, 98, 13, 3, 20, 35, 13
1, 500, 18.0, 0.0, 18.0, 0.0, 'TJ2IOD', 307, 397, 22, 58, 99, 11, 1, 19, 32, 10
1, 500, 36.0, 0.0, 36.0, 0.0, '8PL5O0', 293, 378, 18, 67, 95, 5, 3, 12, 20, 6
1, 500, 29.0, 0.0, 29.0, 0.0, 'S8YJL9', 304, 401, 17, 80, 100, 22, 1, 21, 17, 9
1, 500, 21.0, 0.0, 21.0, 0.0, 'AV0XBE', 280, 385, 15, 73, 109, 9, 5, 16, 23, 1
1, 500, 20.0, 0.0, 20.0, 0.0, 'K9PB3H', 290, 379, 12, 69, 116, 11, 1, 10, 16, 8
1, 500, 20.0, 0.0, 20.0, 0.0, 'ETH9NS', 302, 388, 24, 67, 120, 13, 3, 7, 26, 5
1, 500, 67.0, 0.0, 67.0, 0.0, 'Z93UGB', 308, 396, 22, 56, 103, 9, 4, 14, 27, 4
1, 500, 147.0, 0.0, 147.0, 0.0, 'DWL88X', 293, 416, 22, 61, 94, 7, 3, 14, 40, 8
1, 500, 32.0, 0.0, 32.0, 0.0, 'JTY9LO', 311, 387, 19, 66, 111, 11, 6, 8, 44, 1
1, 500, 26.0, 0.0, 26.0, 0.0, 'E8AJ5L', 284, 401, 25, 87, 95.7, 12, 8, 16, 34, 10
1, 500, 28.0, 0.0, 28.0, 0.0, '73PHWF', 287, 395, 15, 81, 101, 5, 1, 7, 28, 1
1, 500, 25.0, 0.0, 25.0, 0.0, 'OBJH0A', 302, 391, 14, 62, 89, 6, 1, 18, 28, 3
1, 500, 32.0, 0.0, 32.0, 0.0, 'BI439Z', 301, 384, 21, 62, 99, 7, 3, 21, 9, 9
1, 500, 89.0, 0.0, 89.0, 0.0, 'GMLF04', 295, 417, 21, 56, 99, 7, 4, 15, 22, 8
1, 500, 29.0, 0.0, 29.0, 0.0, '4O5XXM', 308, 416, 31, 77, 100, 11, 2, 26, 16, 17
1, 500, 10.0, 0.0, 10.0, 0.0, '20ZASX', 287, 411, 22, 75, 109, 18, 7, 13, 24, 12
1, 500, 75.0, 0.0, 75.0, 0.0, '9LVAD8', 287, 397, 18, 71, 94, 5, 4, 15, 22, 26
1, 500, 82.0, 0.0, 82.0, 0.0, '1CGNGB', 306, 395, 18, 84, 92.4, 20, 1, 12, 27, 26
1, 500, 31.0, 0.0, 31.0, 0.0, '16S5C3', 308, 397, 17, 74, 99, 5, 1, 21, 30, 7
1, 500, 24.0, 0.0, 24.0, 0.0, 'OGRHBW', 325, 390, 22, 60, 91, 6, 3, 8, 23, 10
1, 500, 75.0, 0.0, 75.0, 0.0, '47J640', 278, 430, 19, 64, 96, 5, 2, 19, 26, 14
1, 500, 32.0, 0.0, 32.0, 0.0, '8327TH', 296, 388, 15, 82, 109, 9, 1, 18, 19, 1
1, 500, 17.0, 0.0, 17.0, 0.0, 'A9MDP7', 303, 373, 21, 59, 84, 10, 3, 13, 13, 3
1, 500, 27.0, 0.0, 27.0, 0.0, 'MWLMFV', 290, 387, 13, 69, 106, 5, 1, 13, 28, 1
1, 500, 72.0, 0.0, 72.0, 0.0, 'JGAYKY', 298, 413, 18, 76, 106, 5, 2, 18, 11, 13
1, 500, 23.0, 0.0, 23.0, 0.0, 'OBWVRD', 289, 380, 24, 72, 109, 9, 6, 12, 46, 7
1, 500, 20.0, 0.0, 20.0, 0.0, 'MFKQ54', 293, 394, 16, 75, 111, 6, 6, 18, 21, 4
1, 500, 38.0, 0.0, 38.0, 0.0, '9V0B5N', 303, 379, 18, 70, 80, 6, 2, 17, 17, 10
1, 500, 26.0, 0.0, 26.0, 0.0, '8F4ASR', 311, 407, 23, 75, 89, 8, 5, 18, 35, 1
1, 500, 20.0, 0.0, 20.0, 0.0, 'J2XENK', 307, 389, 26, 65, 101, 6, 3, 10, 20, 7
1, 500, 13.0, 0.0, 13.0, 0.0, 'OWVAB6', 309, 399, 20, 58, 93, 21, 9, 16, 26, 19
1, 500, 47.0, 0.0, 47.0, 0.0, 'Z58H68', 302, 415, 18, 63, 103, 13, 5, 13, 32, 2
1, 500, 7.0, 0.0, 7.0, 0.0, '8OHP20', 289, 396, 18, 72, 114, 19, 7, 15, 14, 11
1, 500, 76.0, 0.0, 76.0, 0.0, 'DOLRPJ', 299, 405, 25, 64, 108, 5, 4, 20, 35, 19
1, 500, 21.0, 0.0, 21.0, 0.0, 'OU2MKW', 315, 403, 15, 68, 98, 5, 1, 24, 13, 28
1, 500, 84.0, 0.0, 84.0, 0.0, 'R9SP2C', 316, 385, 22, 72, 93, 7, 6, 19, 15, 14
1, 500, 328.0, 0.0, 328.0, 0.0, '7LCQY0', 306, 402, 17, 73, 98, 13, 3, 17, 39, 26
1, 500, 69.0, 0.0, 69.0, 0.0, 'NH1DYI', 311, 416, 17, 79, 89, 5, 3, 10, 13, 12
1, 500, 29.0, 0.0, 29.0, 0.0, 'KI3AJ0', 306, 375, 21, 81, 104, 11, 6, 11, 26, 1
1, 500, 78.0, 0.0, 78.0, 0.0, '9E2OAC', 313, 387, 10, 73, 95, 14, 2, 17, 27, 11
1, 500, 73.0, 0.0, 73.0, 0.0, 'GRLVR8', 297, 406, 11, 79, 86.9, 14, 4, 8, 20, 4
1, 500, 97.0, 0.0, 97.0, 0.0, 'EKPMC6', 299, 379, 17, 70, 78, 11, 10, 23, 20, 1
1, 500, 22.0, 0.0, 22.0, 0.0, '6XXWV9', 320, 426, 27, 67, 96, 16, 6, 10, 19, 1
1, 500, 96.0, 0.0, 96.0, 0.0, 'DUZTAA', 303, 366, 17, 71, 98, 5, 3, 14, 54, 5
1, 500, 54.0, 0.0, 54.0, 0.0, '3Y2RYL', 297, 425, 12, 57, 107, 8, 3, 13, 27, 11
1, 500, 36.0, 0.0, 36.0, 0.0, 'LPCPN1', 304, 399, 24, 70, 105, 9, 1, 8, 20, 17
1, 500, 20.0, 0.0, 20.0, 0.0, 'JL14R4', 294, 404, 23, 72, 94, 8, 1, 13, 47, 1
1, 500, 53.0, 0.0, 53.0, 0.0, '4OQU2O', 294, 430, 20, 67, 99, 8, 1, 6, 9, 21
1, 500, 27.0, 0.0, 27.0, 0.0, 'K25FDB', 301, 424, 21, 64, 97, 12, 6, 16, 28, 1
1, 500, 20.0, 0.0, 20.0, 0.0, 'ZXV0NH', 306, 404, 10, 55, 88, 5, 3, 27, 15, 2
1, 500, 105.0, 0.0, 105.0, 0.0, 'BDLS2N', 293, 396, 14, 59, 102, 17, 4, 22, 20, 15
1, 500, 48.0, 0.0, 48.0, 0.0, 'IKUNHU', 297, 381, 19, 69, 100, 6, 1, 16, 30, 1
1, 500, 467.0, 0.0, 467.0, 0.0, 'ZQB27B', 310, 399, 15, 51, 117, 6, 7, 28, 17, 26
1, 500, 48.0, 0.0, 48.0, 0.0, 'AEJULX', 297, 395, 18, 56, 96, 9, 1, 10, 33, 24
1, 500, 241.0, 0.0, 241.0, 0.0, 'LIGMVT', 285, 397, 19, 77, 103, 11, 1, 19, 31, 21
1, 500, 19.0, 0.0, 19.0, 0.0, 'Z0WOKI', 292, 407, 15, 68, 100, 13, 5, 10, 13, 4
1, 500, 17.0, 0.0, 17.0, 0.0, 'OZVVTP', 287, 373, 23, 62, 104, 9, 2, 14, 9, 1
1, 500, 65.0, 0.0, 65.0, 0.0, 'Q3M3GE', 309, 402, 15, 60, 105, 11, 2, 13, 26, 1
1, 500, 59.0, 0.0, 59.0, 0.0, 'FKCY0Z', 288, 383, 20, 84, 105, 9, 6, 12, 15, 5
1, 500, 17.0, 0.0, 17.0, 0.0, 'S8VUSS', 296, 412, 25, 72, 98, 8, 4, 22, 16, 3
1, 500, 15.0, 0.0, 15.0, 0.0, '1M053J', 306, 399, 27, 66, 95, 11, 3, 13, 12, 21
1, 500, 80.0, 0.0, 80.0, 0.0, '2MN87C', 288, 404, 13, 70, 112, 11, 4, 20, 27, 20
1, 500, 18.0, 0.0, 18.0, 0.0, 'CPR1QD', 286, 405, 24, 69, 101, 8, 1, 16, 31, 1
1, 500, 50.0, 0.0, 50.0, 0.0, 'XXAEAF', 293, 385, 17, 79, 111, 9, 5, 20, 27, 11
1, 500, 139.0, 0.0, 139.0, 0.0, 'DWSI3E', 281, 399, 12, 90, 110, 5, 9, 18, 23, 22
1, 500, 29.0, 0.0, 29.0, 0.0, 'C1QDXC', 296, 413, 17, 59, 103, 5, 7, 14, 27, 7
1, 500, 19.0, 0.0, 19.0, 0.0, 'IS7WQC', 312, 400, 23, 71, 100, 5, 1, 14, 37, 1
1, 500, 22.0, 0.0, 22.0, 0.0, 'CSAMC9', 311, 414, 23, 56, 104, 11, 1, 19, 29, 4
1, 500, 23.0, 0.0, 23.0, 0.0, 'REWI9P', 304, 437, 21, 70, 106, 5, 1, 14, 20, 1
1, 500, 11.0, 0.0, 11.0, 0.0, 'UHWPFZ', 305, 397, 30, 74, 100, 18, 1, 19, 1, 10
1, 500, 20.0, 0.0, 20.0, 0.0, 'WFMYCV', 315, 410, 20, 70, 113, 13, 4, 11, 13, 21
1, 500, 77.0, 0.0, 77.0, 0.0, 'WLZVHH', 321, 392, 22, 68, 104, 18, 8, 10, 38, 32
1, 500, 25.0, 0.0, 25.0, 0.0, 'EWYDX4', 293, 422, 26, 71, 104, 13, 3, 15, 14, 1
1, 500, 29.0, 0.0, 29.0, 0.0, '3INMSM', 292, 431, 17, 68, 105, 5, 1, 23, 40, 1
1, 500, 96.0, 0.0, 96.0, 0.0, 'RKIKWU', 295, 410, 20, 67, 106, 9, 5, 18, 19, 15
1, 500, 16.0, 0.0, 16.0, 0.0, 'QJQ687', 284, 394, 29, 68, 99, 8, 3, 21, 21, 11
1, 500, 70.0, 0.0, 70.0, 0.0, '1OHWO9', 295, 391, 19, 69, 83, 10, 6, 18, 34, 20
1, 500, 23.0, 0.0, 23.0, 0.0, 'ODDBKC', 304, 414, 23, 53, 85, 6, 1, 13, 21, 14
1, 500, 19.0, 0.0, 19.0, 0.0, 'M0PUP3', 306, 392, 21, 72, 124, 10, 1, 10, 37, 9
1, 500, 332.0, 0.0, 332.0, 0.0, 'C8WN4Z', 299, 400, 14, 83, 98, 14, 3, 19, 25, 14
1, 500, 93.0, 0.0, 93.0, 0.0, 'WWFRJ8', 296, 385, 18, 71, 100, 6, 1, 16, 27, 6
1, 500, 14.0, 0.0, 14.0, 0.0, 'N74NUQ', 307, 373, 29, 49, 96, 14, 4, 15, 25, 1
1, 500, 83.0, 0.0, 83.0, 0.0, '8QA7L8', 287, 389, 17, 69, 100, 6, 2, 20, 29, 12
1, 500, 25.0, 0.0, 25.0, 0.0, '2SXJE2', 284, 431, 16, 62, 90, 14, 2, 20, 25, 14
1, 500, 34.0, 0.0, 34.0, 0.0, 'UJFEIF', 288, 402, 12, 81, 92, 7, 3, 16, 17, 4
1, 500, 15.0, 0.0, 15.0, 0.0, 'DMROYR', 298, 387, 21, 74, 100, 19, 1, 15, 17, 7
1, 500, 168.0, 0.0, 168.0, 0.0, '7HFVL4', 309, 391, 22, 68, 109, 17, 1, 7, 18, 21
1, 500, 27.0, 0.0, 27.0, 0.0, 'TXTX4C', 295, 417, 21, 69, 100, 7, 1, 15, 23, 20
1, 500, 34.0, 0.0, 34.0, 0.0, '8BZX26', 274, 408, 22, 71, 98, 8, 6, 18, 20, 15
1, 500, 19.0, 0.0, 19.0, 0.0, '5V0DUI', 286, 370, 25, 73, 93, 19, 4, 20, 24, 1
1, 500, 12.0, 0.0, 12.0, 0.0, 'SIUJ5Z', 302, 403, 23, 73, 97, 18, 7, 13, 26, 12
1, 500, 25.0, 0.0, 25.0, 0.0, '7208R2', 288, 396, 25, 70, 105, 15, 2, 12, 25, 11
1, 500, 22.0, 0.0, 22.0, 0.0, 'J5H7EC', 283, 408, 19, 76, 86, 11, 1, 8, 8, 3
1, 500, 30.0, 0.0, 30.0, 0.0, 'E5EYZ9', 308, 388, 20, 74, 90, 5, 3, 19, 21, 18
1, 500, 94.0, 0.0, 94.0, 0.0, 'ZCV0O3', 296, 388, 12, 71, 107, 20, 3, 20, 29, 15
1, 500, 19.0, 0.0, 19.0, 0.0, 'IR8RFF', 315, 386, 24, 63, 83, 12, 1, 18, 48, 18
1, 500, 12.0, 0.0, 12.0, 0.0, '7Q1MGD', 298, 390, 25, 63, 94, 13, 4, 19, 16, 1
1, 500, 15.0, 0.0, 15.0, 0.0, 'W25560', 297, 398, 18, 72, 96, 17, 4, 14, 21, 19
1, 500, 10.0, 0.0, 10.0, 0.0, '6ALGX3', 273, 409, 21, 45, 115, 13, 2, 13, 6, 4
1, 500, 25.0, 0.0, 25.0, 0.0, '3CZU3T', 301, 417, 24, 69, 97, 5, 7, 22, 1, 10
1, 500, 13.0, 0.0, 13.0, 0.0, 'O7Q988', 288, 377, 23, 80, 96, 13, 1, 8, 24, 1
1, 500, 62.0, 0.0, 62.0, 0.0, 'P3UYWD', 310, 397, 17, 50, 101, 10, 1, 21, 18, 9
1, 500, 154.0, 0.0, 154.0, 0.0, 'JZMIJ8', 285, 398, 20, 80, 99, 6, 5, 18, 21, 23
1, 500, 88.0, 0.0, 88.0, 0.0, 'XRBYP4', 306, 401, 12, 78, 121, 14, 2, 26, 29, 1
1, 500, 11.0, 0.0, 11.0, 0.0, '7OO0SX', 293, 407, 14, 61, 113, 22, 8, 22, 30, 1
1, 500, 17.0, 0.0, 17.0, 0.0, '2448YY', 286, 389, 22, 85, 102, 7, 1, 9, 23, 10
1, 500, 16.0, 0.0, 16.0, 0.0, 'F287U3', 285, 378, 18, 75, 100, 16, 4, 20, 6, 1
1, 500, 35.0, 0.0, 35.0, 0.0, 'RZCN4T', 313, 421, 28, 71, 110, 6, 1, 13, 39, 21
1, 500, 60.0, 0.0, 60.0, 0.0, 'E1OXV1', 301, 396, 18, 55, 90, 14, 6, 24, 28, 10
1, 500, 26.0, 0.0, 26.0, 0.0, 'KS85PC', 297, 400, 27, 77, 97, 9, 4, 8, 29, 1
1, 500, 28.0, 0.0, 28.0, 0.0, 'ETO4Q8', 317, 357, 22, 72, 83, 18, 1, 17, 21, 30
1, 500, 28.0, 0.0, 28.0, 0.0, 'QNK2KQ', 291, 421, 24, 57, 91, 6, 5, 20, 35, 7
1, 500, 13.0, 0.0, 13.0, 0.0, 'V09FHR', 311, 382, 23, 65, 97, 19, 1, 8, 31, 3
1, 500, 18.0, 0.0, 18.0, 0.0, 'WPUMNE', 306, 405, 22, 81, 100, 15, 1, 11, 7, 19
1, 500, 28.0, 0.0, 28.0, 0.0, 'KQID2G', 296, 403, 16, 68, 108, 5, 5, 19, 28, 1
1, 500, 21.0, 0.0, 21.0, 0.0, 'QJVS1T', 297, 378, 22, 64, 84, 12, 4, 14, 28, 25
1, 500, 23.0, 0.0, 23.0, 0.0, 'DOMQJU', 316, 385, 22, 69, 102, 17, 5, 24, 36, 14
1, 500, 26.0, 0.0, 26.0, 0.0, 'QM5LDP', 293, 409, 18, 74, 89, 10, 1, 15, 12, 6
1, 500, 27.0, 0.0, 27.0, 0.0, 'UX5PEQ', 299, 383, 26, 73, 83, 5, 5, 11, 25, 1
1, 500, 149.0, 0.0, 149.0, 0.0, '4B4JM3', 300, 386, 11, 73, 97, 6, 3, 31, 36, 5
1, 500, 31.0, 0.0, 31.0, 0.0, 'M4ZZ5N', 310, 379, 17, 70, 92, 14, 1, 12, 26, 13
1, 500, 24.0, 0.0, 24.0, 0.0, 'B5F7O1', 292, 364, 17, 63, 107, 12, 2, 17, 21, 15
1, 500, 27.0, 0.0, 27.0, 0.0, '4UB9JI', 316, 446, 28, 83, 108, 11, 6, 18, 37, 10
1, 500, 20.0, 0.0, 20.0, 0.0, 'OPOIPQ', 313, 407, 24, 79, 92, 13, 4, 13, 30, 11
1, 500, 18.0, 0.0, 18.0, 0.0, '0P7LEI', 294, 415, 22, 70, 89, 12, 7, 12, 42, 12
1, 500, 19.0, 0.0, 19.0, 0.0, '66VEU4', 315, 404, 25, 66, 109, 8, 1, 10, 25, 11
1, 500, 31.0, 0.0, 31.0, 0.0, '01TB3J', 303, 396, 22, 59, 96, 7, 4, 23, 29, 5
1, 500, 41.0, 0.0, 41.0, 0.0, 'AT0QWO', 310, 397, 18, 59, 98, 9, 7, 15, 36, 1
1, 500, 23.0, 0.0, 23.0, 0.0, 'XY90D9', 292, 391, 21, 74, 99, 16, 2, 14, 27, 1
1, 500, 500.0, 0.0, 500.0, 0.0, '3OBOAY', 302, 405, 16, 68, 95, 5, 3, 17, 28, 10
1, 500, 14.0, 0.0, 14.0, 0.0, '25F3ZU', 296, 397, 18, 64, 89, 13, 6, 13, 5, 1
1, 500, 150.0, 0.0, 150.0, 0.0, 'KNO042', 294, 402, 21, 90, 102, 10, 1, 15, 12, 13
1, 500, 44.0, 0.0, 44.0, 0.0, '9LPIEV', 309, 405, 12, 56, 102, 9, 2, 9, 34, 8
1, 500, 79.0, 0.0, 79.0, 0.0, '2KSSKP', 291, 423, 11, 76, 108, 11, 10, 13, 39, 10
1, 500, 16.0, 0.0, 16.0, 0.0, 'IDCFLR', 303, 382, 22, 65, 103, 8, 2, 13, 19, 3
1, 500, 55.0, 0.0, 55.0, 0.0, 'M5SM5X', 320, 379, 21, 60, 110, 16, 1, 16, 29, 2
1, 500, 21.0, 0.0, 21.0, 0.0, '78U9RC', 299, 373, 20, 54, 92, 15, 1, 11, 24, 2
1, 500, 60.0, 0.0, 60.0, 0.0, 'M2HYUA', 313, 412, 13, 64, 99, 5, 1, 15, 17, 8
1, 500, 60.0, 0.0, 60.0, 0.0, 'HYKP37', 305, 405, 15, 75, 95, 5, 4, 17, 26, 11
1, 500, 205.0, 0.0, 205.0, 0.0, '8HFS5W', 310, 410, 10, 80, 90, 5, 5, 18, 27, 12
1, 500, 93.0, 0.0, 93.0, 0.0, 'GXGUXN', 315, 415, 5, 85, 94.0, 5, 6, 19, 28, 13
1, 500, 26.0, 0.0, 26.0, 0.0, 'E2VDKJ', 320, 420, 5, 90, 99.0, 5, 7, 20, 29, 14
1, 500, 92.0, 0.0, 92.0, 0.0, 'A53K8Z', 315, 425, 5, 95, 105.0, 5, 8, 21, 30, 15
1, 500, 82.0, 0.0, 82.0, 0.0, 'AIZ1PX', 310, 430, 5, 100, 110.0, 5, 9, 22, 31, 16
1, 500, 500.0, 0.0, 500.0, 0.0, 'HLGRQL', 305, 435, 5, 105, 116.0, 5, 10, 23, 32, 17
1, 500, 75.0, 0.0, 75.0, 0.0, 'UY5NZS', 300, 440, 5, 110, 121.0, 5, 11, 24, 33, 18
1, 500, 166.0, 0.0, 166.0, 0.0, 'I4MF1B', 295, 445, 5, 115, 127.0, 5, 12, 25, 34, 19
1, 500, 78.0, 0.0, 78.0, 0.0, 'BXXX4F', 290, 450, 5, 120, 132.0, 5, 13, 26, 35, 20
1, 500, 109.0, 0.0, 109.0, 0.0, 'XQ7Y3P', 285, 455, 5, 125, 138.0, 5, 12, 27, 36, 21
1, 500, 174.0, 0.0, 174.0, 0.0, 'NQGTK3', 280, 460, 5, 130, 143.0, 5, 11, 28, 37, 22
1, 500, 317.0, 0.0, 317.0, 0.0, 'MERYD9', 285, 465, 5, 135, 148.0, 5, 10, 29, 38, 23
1, 500, 94.0, 0.0, 94.0, 0.0, '4IW9Z3', 280, 470, 5, 140, 154.0, 5, 9, 30, 39, 24
1, 500, 42.0, 0.0, 42.0, 0.0, 'VJUO0C', 285, 475, 5, 145, 160.0, 5, 8, 31, 40, 25
1, 500, 228.0, 0.0, 228.0, 0.0, 'JN8FX3', 290, 470, 5, 150, 165.0, 5, 7, 32, 41, 26
1, 500, 500.0, 0.0, 500.0, 0.0, '716WXB', 295, 465, 5, 155, 170.0, 5, 6, 33, 42, 27
1, 500, 118.0, 0.0, 118.0, 0.0, 'XSEP1M', 300, 470, 5, 160, 176.0, 5, 5, 34, 43, 28
1, 500, 86.0, 0.0, 86.0, 0.0, 'J2GGME', 305, 475, 5, 165, 182.0, 5, 4, 35, 44, 29
1, 500, 298.0, 0.0, 298.0, 0.0, 'GM2XOT', 310, 470, 5, 170, 187.0, 5, 3, 36, 45, 30
1, 500, 120.0, 0.0, 120.0, 0.0, '36D4I3', 315, 465, 5, 175, 193.0, 5, 2, 37, 46, 31
1, 500, 100.0, 0.0, 100.0, 0.0, 'Q5GJKO', 310, 460, 5, 180, 198.0, 5, 3, 38, 47, 32
1, 500, 500.0, 0.0, 500.0, 0.0, 'IMWSAR', 305, 455, 5, 185, 204.0, 5, 4, 39, 48, 33
1, 500, 166.0, 0.0, 166.0, 0.0, 'TMEPIZ', 300, 450, 5, 190, 209.0, 5, 5, 40, 49, 34
1, 500, 500.0, 0.0, 500.0, 0.0, 'RLAEQY', 295, 445, 5, 195, 215.0, 5, 6, 41, 50, 35
1, 500, 500.0, 0.0, 500.0, 0.0, 'E3FJ8K', 290, 440, 5, 200, 220.0, 5, 5, 42, 51, 36
1, 500, 93.0, 0.0, 93.0, 0.0, 'EN6QDH', 285, 435, 5, 205, 226.0, 5, 4, 43, 52, 37
1, 500, 56.0, 0.0, 56.0, 0.0, 'P4QWKD', 280, 430, 5, 210, 231.0, 5, 5, 44, 53, 38
1, 500, 500.0, 0.0, 500.0, 0.0, 'U1VWI3', 285, 435, 5, 215, 237.0, 5, 6, 45, 54, 39
1, 500, 85.0, 0.0, 85.0, 0.0, 'OSKMBW', 290, 430, 5, 220, 242.0, 5, 7, 46, 55, 40
1, 500, 48.0, 0.0, 48.0, 0.0, 'XG37NH', 295, 435, 5, 225, 248.0, 5, 8, 47, 56, 41
1, 500, 112.0, 0.0, 112.0, 0.0, 'W1CR4A', 300, 440, 5, 230, 253.0, 5, 9, 48, 57, 42
1, 500, 38.0, 0.0, 38.0, 0.0, '8SZ0TI', 305, 445, 5, 235, 258.0, 5, 8, 49, 58, 43
1, 500, 500.0, 0.0, 500.0, 0.0, 'ZUCHBV', 300, 450, 5, 240, 264.0, 5, 7, 50, 59, 44
1, 500, 80.0, 0.0, 80.0, 0.0, '2XKYZ5', 295, 455, 5, 245, 270.0, 5, 6, 51, 60, 45
1, 500, 109.0, 0.0, 109.0, 0.0, 'Q9BRPX', 290, 460, 5, 250, 275.0, 5, 5, 52, 61, 46
1, 500, 103.0, 0.0, 103.0, 0.0, 'A3RZYJ', 285, 465, 5, 255, 280.0, 5, 6, 53, 62, 47
1, 500, 67.0, 0.0, 67.0, 0.0, '5G24VA', 290, 470, 5, 260, 286.0, 5, 7, 54, 63, 48
1, 500, 82.0, 0.0, 82.0, 0.0, 'S20YGS', 295, 475, 5, 265, 292.0, 5, 8, 55, 64, 49
1, 500, 62.0, 0.0, 62.0, 0.0, 'MR4NZ5', 300, 480, 5, 270, 297.0, 5, 9, 56, 65, 50
1, 500, 500.0, 0.0, 500.0, 0.0, '4NOAUX', 295, 485, 5, 275, 302.0, 5, 10, 57, 66, 51
1, 500, 53.0, 0.0, 53.0, 0.0, 'B3VM4H', 300, 490, 5, 280, 308.0, 5, 11, 58, 67, 52
1, 500, 500.0, 0.0, 500.0, 0.0, 'L9FGWU', 295, 495, 5, 285, 314.0, 5, 12, 59, 68, 53
1, 500, 58.0, 0.0, 58.0, 0.0, 'FDC9YX', 290, 500, 5, 290, 319.0, 5, 13, 60, 69, 54
1, 500, 500.0, 0.0, 500.0, 0.0, 'VEVY31', 295, 505, 5, 295, 324.0, 5, 14, 61, 70, 55
1, 500, 167.0, 0.0, 167.0, 0.0, '78JPJT', 300, 510, 5, 300, 330.0, 5, 15, 62, 71, 56
1, 500, 500.0, 0.0, 500.0, 0.0, 'BX7ADC', 305, 515, 5, 305, 336.0, 5, 16, 63, 72, 57
1, 500, 185.0, 0.0, 185.0, 0.0, 'G4M4S7', 310, 520, 5, 310, 341.0, 5, 17, 64, 73, 58
1, 500, 116.0, 0.0, 116.0, 0.0, '9UTTIE', 315, 525, 5, 315, 346.0, 5, 18, 65, 74, 59
1, 500, 110.0, 0.0, 110.0, 0.0, 'IOWBKG', 310, 530, 5, 320, 352.0, 5, 19, 66, 75, 60
1, 500, 100.0, 0.0, 100.0, 0.0, '5MSQGQ', 305, 535, 5, 325, 358.0, 5, 20, 67, 76, 61
1, 500, 76.0, 0.0, 76.0, 0.0, 'F2EMWT', 300, 540, 5, 330, 363.0, 5, 19, 68, 77, 62
1, 500, 106.0, 0.0, 106.0, 0.0, 'SXAEHE', 295, 545, 5, 335, 369.0, 5, 18, 69, 78, 63
1, 500, 89.0, 0.0, 89.0, 0.0, 'R122MX', 290, 550, 5, 340, 374.0, 5, 17, 70, 79, 64
1, 500, 101.0, 0.0, 101.0, 0.0, '1BC6O7', 285, 555, 5, 345, 380.0, 5, 16, 71, 80, 65
1, 500, 76.0, 0.0, 76.0, 0.0, '4OWKIG', 280, 550, 5, 350, 385.0, 5, 15, 72, 81, 66
1, 500, 104.0, 0.0, 104.0, 0.0, 'GEEVIH', 285, 545, 5, 355, 391.0, 5, 14, 73, 82, 67
1, 500, 39.0, 0.0, 39.0, 0.0, 'X5JIHJ', 290, 540, 5, 360, 396.0, 5, 13, 74, 83, 68
1, 500, 50.0, 0.0, 50.0, 0.0, 'TFHPSM', 295, 535, 5, 365, 402.0, 5, 12, 75, 84, 69
1, 500, 500.0, 0.0, 500.0, 0.0, 'PF6ME3', 300, 530, 5, 370, 407.0, 5, 11, 76, 85, 70
1, 500, 67.0, 0.0, 67.0, 0.0, '8L111E', 305, 525, 5, 375, 413.0, 5, 10, 77, 86, 71
1, 500, 174.0, 0.0, 174.0, 0.0, 'WIP0H2', 310, 520, 5, 380, 418.0, 5, 9, 78, 87, 72
1, 500, 172.0, 0.0, 172.0, 0.0, 'L076LA', 315, 515, 5, 385, 424.0, 5, 8, 79, 88, 73
1, 500, 39.0, 0.0, 39.0, 0.0, 'O9GJP6', 320, 510, 5, 390, 429.0, 5, 7, 80, 89, 74
1, 500, 500.0, 0.0, 500.0, 0.0, 'REY5BB', 315, 505, 5, 395, 435.0, 5, 6, 81, 90, 75
1, 500, 500.0, 0.0, 500.0, 0.0, 'W299PX', 320, 500, 5, 400, 440.0, 5, 5, 82, 91, 76
1, 500, 500.0, 0.0, 500.0, 0.0, 'AVD914', 325, 495, 5, 405, 446.0, 5, 4, 83, 92, 77
1, 500, 50.0, 0.0, 50.0, 0.0, 'BASNDR', 330, 490, 5, 410, 451.0, 5, 3, 84, 93, 78
1, 500, 81.0, 0.0, 81.0, 0.0, 'LQJ00U', 335, 485, 5, 415, 457.0, 5, 2, 85, 94, 79
1, 500, 500.0, 0.0, 500.0, 0.0, '0EDSPL', 340, 480, 5, 420, 462.0, 5, 1, 86, 95, 80
1, 500, 76.0, 0.0, 76.0, 0.0, 'TUYBVY', 345, 475, 5, 425, 468.0, 5, 1, 87, 96, 81
1, 500, 94.0, 0.0, 94.0, 0.0, 'H1JD4Q', 350, 470, 5, 430, 473.0, 5, 1, 88, 97, 82
1, 500, 120.0, 0.0, 120.0, 0.0, 'RVGRPN', 355, 465, 5, 435, 479.0, 5, 1, 89, 98, 83
1, 500, 137.0, 0.0, 137.0, 0.0, '74U1NJ', 350, 460, 5, 440, 484.0, 5, 1, 90, 99, 84
1, 500, 500.0, 0.0, 500.0, 0.0, 'X2HWKM', 345, 455, 5, 445, 490.0, 5, 1, 91, 100, 85
1, 500, 62.0, 0.0, 62.0, 0.0, '3L7N0D', 340, 450, 5, 450, 495.0, 5, 1, 92, 101, 86
1, 500, 48.0, 0.0, 48.0, 0.0, '7SJQRJ', 335, 445, 5, 455, 501.0, 5, 1, 93, 102, 87
1, 500, 500.0, 0.0, 500.0, 0.0, 'OMOWF0', 330, 450, 5, 460, 506.0, 5, 1, 94, 103, 88
1, 500, 59.0, 0.0, 59.0, 0.0, 'SOPQ12', 325, 445, 5, 465, 512.0, 5, 1, 95, 104, 89
1, 500, 266.0, 0.0, 266.0, 0.0, '9OS2N3', 320, 440, 5, 470, 517.0, 5, 1, 96, 105, 90
1, 500, 68.0, 0.0, 68.0, 0.0, 'LG5NJ4', 315, 435, 5, 475, 522.0, 5, 1, 97, 106, 91
1, 500, 48.0, 0.0, 48.0, 0.0, 'DHQUMI', 320, 440, 5, 480, 528.0, 5, 1, 98, 107, 92
1, 500, 60.0, 0.0, 60.0, 0.0, 'WVY92C', 325, 445, 5, 485, 534.0, 5, 1, 99, 108, 93
1, 500, 60.0, 0.0, 60.0, 0.0, 'E4X8VT', 330, 450, 5, 490, 539.0, 5, 1, 100, 109, 94
1, 500, 218.0, 0.0, 218.0, 0.0, 'H782J2', 335, 455, 5, 495, 544.0, 5, 1, 101, 110, 95
1, 500, 63.0, 0.0, 63.0, 0.0, 'BM81GD', 340, 460, 5, 500, 550.0, 5, 1, 102, 111, 96
1, 500, 500.0, 0.0, 500.0, 0.0, 'A0SHG5', 345, 465, 5, 505, 556.0, 5, 1, 103, 112, 97
1, 500, 56.0, 0.0, 56.0, 0.0, 'RN75Q7', 350, 470, 5, 510, 561.0, 5, 1, 104, 113, 98
1, 500, 64.0, 0.0, 64.0, 0.0, '6OQKSR', 355, 475, 5, 515, 566.0, 5, 1, 105, 114, 99
1, 500, 500.0, 0.0, 500.0, 0.0, 'KKT6ZE', 360, 480, 5, 520, 572.0, 5, 1, 106, 115, 100
1, 500, 91.0, 0.0, 91.0, 0.0, 'PHZWFZ', 365, 485, 5, 525, 578.0, 5, 1, 107, 116, 101
1, 500, 140.0, 0.0, 140.0, 0.0, 'L8IBPJ', 370, 490, 5, 530, 583.0, 5, 1, 108, 117, 102
1, 500, 77.0, 0.0, 77.0, 0.0, '3E67Q1', 375, 495, 5, 535, 588.0, 5, 1, 109, 118, 103
1, 500, 74.0, 0.0, 74.0, 0.0, 'MWGHZZ', 370, 500, 5, 540, 594.0, 5, 1, 110, 119, 104
1, 500, 500.0, 0.0, 500.0, 0.0, 'LDAYCZ', 365, 505, 5, 545, 600.0, 5, 1, 111, 120, 105
1, 500, 76.0, 0.0, 76.0, 0.0, '3RRJSW', 370, 510, 5, 550, 605.0, 5, 1, 112, 121, 106
1, 500, 134.0, 0.0, 134.0, 0.0, '43E91X', 365, 515, 5, 555, 610.0, 5, 1, 113, 122, 107
1, 500, 59.0, 0.0, 59.0, 0.0, 'U4SBTB', 360, 520, 5, 560, 616.0, 5, 1, 114, 123, 108
1, 500, 124.0, 0.0, 124.0, 0.0, 'MEASDG', 355, 525, 5, 565, 622.0, 5, 1, 115, 124, 109
1, 500, 267.0, 0.0, 267.0, 0.0, 'QVY8FO', 350, 530, 5, 570, 627.0, 5, 1, 116, 125, 110
1, 500, 122.0, 0.0, 122.0, 0.0, 'CUH0TR', 345, 535, 5, 575, 632.0, 5, 1, 117, 126, 111
1, 500, 500.0, 0.0, 500.0, 0.0, 'Q4XV7G', 340, 540, 5, 580, 638.0, 5, 1, 118, 127, 112
1, 500, 156.0, 0.0, 156.0, 0.0, 'W5V6VL', 335, 545, 5, 585, 644.0, 5, 1, 119, 128, 113
1, 500, 500.0, 0.0, 500.0, 0.0, 'JMVSUE', 330, 550, 5, 590, 649.0, 5, 1, 120, 129, 114
1, 500, 61.0, 0.0, 61.0, 0.0, 'NZ95XR', 325, 555, 5, 595, 654.0, 5, 1, 121, 130, 115
1, 500, 69.0, 0.0, 69.0, 0.0, 'UXES5N', 320, 560, 5, 600, 660.0, 5, 1, 122, 131, 116
1, 500, 98.0, 0.0, 98.0, 0.0, '5DPRUU', 315, 565, 5, 605, 666.0, 5, 1, 123, 132, 117
1, 500, 500.0, 0.0, 500.0, 0.0, 'ZP987Q', 310, 570, 5, 610, 671.0, 5, 1, 124, 133, 118
1, 500, 271.0, 0.0, 271.0, 0.0, 'TS1OA1', 305, 575, 5, 615, 676.0, 5, 1, 125, 134, 119
1, 500, 500.0, 0.0, 500.0, 0.0, 'T4U14H', 300, 580, 5, 620, 682.0, 5, 1, 126, 135, 120
1, 500, 224.0, 0.0, 224.0, 0.0, '58OFQO', 295, 585, 5, 625, 688.0, 5, 1, 127, 136, 121
1, 500, 500.0, 0.0, 500.0, 0.0, 'VD1GME', 290, 590, 5, 630, 693.0, 5, 1, 128, 137, 122
1, 500, 40.0, 0.0, 40.0, 0.0, 'V6BL9V', 285, 595, 5, 635, 698.0, 5, 1, 129, 138, 123
1, 500, 500.0, 0.0, 500.0, 0.0, 'A1QSUY', 280, 600, 5, 640, 704.0, 5, 1, 130, 139, 124
1, 500, 500.0, 0.0, 500.0, 0.0, '1PR1HL', 275, 605, 5, 645, 710.0, 5, 1, 131, 140, 125
1, 500, 238.0, 0.0, 238.0, 0.0, 'GH5KMI', 270, 610, 5, 650, 715.0, 5, 1, 132, 141, 126
1, 500, 500.0, 0.0, 500.0, 0.0, 'IR9BZV', 265, 615, 5, 655, 721.0, 5, 1, 133, 142, 127
1, 500, 500.0, 0.0, 500.0, 0.0, '9045I6', 260, 620, 5, 650, 715.0, 5, 1, 134, 143, 128
1, 500, 500.0, 0.0, 500.0, 0.0, 'TGLDQW', 255, 625, 5, 645, 710.0, 5, 1, 135, 144, 129
1, 500, 207.0, 0.0, 207.0, 0.0, 'LNIBUM', 250, 630, 5, 640, 704.0, 5, 1, 136, 145, 130
1, 500, 222.0, 0.0, 222.0, 0.0, '7R4O16', 245, 635, 5, 635, 698.0, 5, 1, 137, 146, 131
1, 500, 500.0, 0.0, 500.0, 0.0, 'XZ2P0Y', 240, 640, 5, 640, 704.0, 5, 1, 138, 147, 132
1, 500, 500.0, 0.0, 500.0, 0.0, 'P7TBGY', 235, 645, 5, 635, 698.0, 5, 1, 139, 148, 133
1, 500, 262.0, 0.0, 262.0, 0.0, 'G5TXFN', 230, 650, 5, 630, 693.0, 5, 1, 140, 149, 134
1, 500, 67.0, 0.0, 67.0, 0.0, 'DBPZFG', 225, 655, 5, 635, 698.0, 5, 1, 141, 150, 135
1, 500, 278.0, 0.0, 278.0, 0.0, 'Y2FMK9', 220, 660, 5, 640, 704.0, 5, 1, 142, 151, 136
1, 500, 187.0, 0.0, 187.0, 0.0, 'UJG9H3', 215, 665, 5, 645, 710.0, 5, 1, 143, 152, 137
1, 500, 500.0, 0.0, 500.0, 0.0, 'FGASAS', 210, 670, 5, 650, 715.0, 5, 1, 144, 153, 138
1, 500, 500.0, 0.0, 500.0, 0.0, 'N80ZRB', 205, 675, 5, 655, 721.0, 5, 1, 145, 154, 139
1, 500, 500.0, 0.0, 500.0, 0.0, 'MMJX4I', 200, 680, 5, 660, 726.0, 5, 1, 146, 155, 140
1, 500, 167.0, 0.0, 167.0, 0.0, 'A6PM0Q', 195, 685, 5, 665, 732.0, 5, 1, 147, 156, 141
1, 500, 500.0, 0.0, 500.0, 0.0, 'JJ899E', 190, 690, 5, 670, 737.0, 5, 1, 148, 157, 142
1, 500, 500.0, 0.0, 500.0, 0.0, 'DXZ9IN', 185, 695, 5, 675, 743.0, 5, 1, 149, 158, 143
1, 500, 500.0, 0.0, 500.0, 0.0, '1ZC82L', 180, 700, 5, 680, 748.0, 5, 1, 150, 159, 144
1, 500, 500.0, 0.0, 500.0, 0.0, 'BMOJ41', 175, 705, 5, 685, 754.0, 5, 1, 151, 160, 145
1, 500, 97.0, 0.0, 97.0, 0.0, 'FUMK89', 170, 710, 5, 690, 759.0, 5, 1, 152, 161, 146
1, 500, 81.0, 0.0, 81.0, 0.0, '568MXR', 165, 715, 5, 695, 765.0, 5, 1, 153, 162, 147
1, 500, 500.0, 0.0, 500.0, 0.0, '6L691O', 160, 720, 5, 700, 770.0, 5, 1, 154, 163, 148
1, 500, 242.0, 0.0, 242.0, 0.0, 'X4174S', 155, 725, 5, 705, 776.0, 5, 1, 155, 164, 149
1, 500, 500.0, 0.0, 500.0, 0.0, 'P5VRF6', 150, 730, 5, 710, 781.0, 5, 1, 156, 165, 150
1, 500, 109.0, 0.0, 109.0, 0.0, 'Y77O1S', 145, 735, 5, 715, 787.0, 5, 1, 157, 166, 151
1, 500, 500.0, 0.0, 500.0, 0.0, 'CFR60T', 140, 740, 5, 720, 792.0, 5, 1, 158, 167, 152
1, 500, 500.0, 0.0, 500.0, 0.0, 'Y1O6C9', 135, 745, 5, 725, 798.0, 5, 1, 159, 168, 153
1, 500, 500.0, 0.0, 500.0, 0.0, 'XJ8MK9', 130, 750, 5, 730, 803.0, 5, 1, 160, 169, 154
1, 500, 500.0, 0.0, 500.0, 0.0, 'TAM32Q', 125, 755, 5, 735, 809.0, 5, 1, 161, 170, 155
1, 500, 96.0, 0.0, 96.0, 0.0, 'T0FX0C', 120, 760, 5, 740, 814.0, 5, 1, 162, 171, 156
1, 500, 500.0, 0.0, 500.0, 0.0, 'BSXA3Y', 115, 765, 5, 745, 820.0, 5, 1, 163, 172, 157
1, 500, 500.0, 0.0, 500.0, 0.0, 'JF8SNN', 110, 770, 5, 750, 825.0, 5, 1, 164, 173, 158
1, 500, 500.0, 0.0, 500.0, 0.0, '1Y3WA4', 105, 775, 5, 755, 831.0, 5, 1, 165, 174, 159
1, 500, 500.0, 0.0, 500.0, 0.0, 'KQ1357', 100, 780, 5, 760, 836.0, 5, 1, 166, 175, 160
1, 500, 500.0, 0.0, 500.0, 0.0, '92UB95', 100, 785, 5, 765, 842.0, 5, 1, 167, 176, 161
1, 500, 500.0, 0.0, 500.0, 0.0, '2LG9DM', 100, 790, 5, 770, 847.0, 5, 1, 168, 177, 162
1, 500, 500.0, 0.0, 500.0, 0.0, 'XPEAJR', 100, 795, 5, 775, 853.0, 5, 1, 169, 178, 163
1, 500, 500.0, 0.0, 500.0, 0.0, '91QDMW', 100, 800, 5, 780, 858.0, 5, 1, 170, 179, 164
1, 500, 500.0, 0.0, 500.0, 0.0, 'YWIDQ1', 100, 805, 5, 785, 864.0, 5, 1, 171, 180, 165
1, 500, 500.0, 0.0, 500.0, 0.0, 'CK8J0G', 100, 810, 5, 790, 869.0, 5, 1, 172, 181, 166
1, 5000, 9.0, 0.0, 9.0, 0.0, '11RNU2', 100, 810, 5, 790, 869.0, 5, 1, 172, 181, 166
