1, 500, 13.0, 0.0, 13.0, 0.0, 'HGK78V', 304, 392, 19, 59, 94, 14, 5, 22, 12, 14
1, 500, 40.0, 0.0, 40.0, 0.0, '2SKH32', 289, 411, 11, 45, 90, 10, 2, 18, 20, 1
1, 500, 105.0, 0.0, 105.0, 0.0, 'SHI12T', 312, 377, 17, 69, 97, 10, 2, 19, 38, 17
1, 500, 39.0, 0.0, 39.0, 0.0, '6EYH3L', 300, 399, 16, 67, 104, 5, 3, 17, 43, 1
1, 500, 298.0, 0.0, 298.0, 0.0, 'L463NX', 287, 387, 16, 66, 93, 17, 10, 18, 30, 17
1, 500, 54.0, 0.0, 54.0, 0.0, 'O5Q8AO', 292, 401, 14, 63, 114, 8, 1, 16, 22, 3
1, 500, 14.0, 0.0, 14.0, 0.0, 'ELJT39', 297, 397, 8, 60, 97, 13, 9, 23, 16, 13
1, 500, 58.0, 0.0, 58.0, 0.0, 'GKVIY8', 313, 385, 18, 73, 106, 8, 6, 18, 12, 35
1, 500, 500.0, 0.0, 500.0, 0.0, 'JP71PK', 287, 400, 16, 69, 101, 5, 2, 15, 24, 37
1, 500, 19.0, 0.0, 19.0, 0.0, '4PEM7M', 309, 392, 30, 63, 119, 14, 3, 15, 28, 17
1, 500, 170.0, 0.0, 170.0, 0.0, 'WCX3TW', 296, 406, 15, 82, 104, 14, 3, 20, 19, 27
1, 500, 21.0, 0.0, 21.0, 0.0, '4J2ZJT', 323, 386, 17, 56, 86, 8, 6, 19, 15, 8
1, 500, 31.0, 0.0, 31.0, 0.0, 'SOZMU6', 289, 383, 20, 80, 100, 8, 5, 18, 29, 9
1, 500, 39.0, 0.0, 39.0, 0.0, 'WWZMTS', 287, 408, 18, 61, 103, 5, 4, 22, 46, 1
1, 500, 30.0, 0.0, 30.0, 0.0, 'PFQXFQ', 301, 415, 18, 59, 87, 5, 1, 19, 28, 11
1, 500, 20.0, 0.0, 20.0, 0.0, 'LE4QCM', 283, 407, 22, 60, 117, 11, 1, 15, 31, 14
1, 500, 46.0, 0.0, 46.0, 0.0, 'JZN698', 295, 386, 15, 72, 111, 5, 1, 12, 44, 7
1, 500, 24.0, 0.0, 24.0, 0.0, '1YYJEP', 310, 403, 19, 62, 102, 10, 1, 15, 21, 22
1, 500, 36.0, 0.0, 36.0, 0.0, 'CK5TP2', 299, 390, 17, 81, 99, 10, 1, 16, 42, 1
1, 500, 10.0, 0.0, 10.0, 0.0, 'VIQU9I', 272, 394, 26, 78, 101, 19, 5, 13, 27, 4
1, 500, 18.0, 0.0, 18.0, 0.0, 'DJ9JKV', 306, 397, 15, 64, 104, 10, 4, 15, 31, 1
1, 500, 34.0, 0.0, 34.0, 0.0, 'UA1EG0', 286, 399, 15, 54, 97, 10, 2, 13, 13, 18
1, 500, 12.0, 0.0, 12.0, 0.0, 'J7DV8H', 295, 385, 26, 83, 95, 10, 1, 8, 18, 11
1, 500, 24.0, 0.0, 24.0, 0.0, 'WT2Q68', 286, 388, 14, 67, 103, 10, 4, 23, 14, 4
1, 500, 500.0, 0.0, 500.0, 0.0, '5B820X', 286, 401, 13, 71, 111, 15, 1, 10, 41, 25
1, 500, 23.0, 0.0, 23.0, 0.0, 'KPRX9W', 295, 423, 23, 71, 114, 16, 2, 19, 34, 9
1, 500, 44.0, 0.0, 44.0, 0.0, 'HCOJCC', 306, 384, 27, 80, 104, 5, 5, 18, 26, 13
1, 500, 53.0, 0.0, 53.0, 0.0, 'I50IVZ', 302, 407, 11, 86, 103, 7, 1, 21, 22, 7
1, 500, 14.0, 0.0, 14.0, 0.0, '5W0FUV', 291, 393, 24, 95, 104.50000000000001, 8, 1, 19, 34, 26
1, 500, 72.0, 0.0, 72.0, 0.0, '2OYILN', 295, 392, 14, 57, 103, 12, 1, 13, 14, 13
1, 500, 38.0, 0.0, 38.0, 0.0, 'K6UA0I', 296, 412, 25, 75, 107, 11, 7, 17, 13, 1
1, 500, 51.0, 0.0, 51.0, 0.0, 'TK1EKA', 298, 392, 26, 74, 93, 11, 2, 16, 16, 8
1, 500, 19.0, 0.0, 19.0, 0.0, 'HFKSIX', 301, 405, 30, 61, 109, 9, 12, 20, 37, 16
1, 500, 37.0, 0.0, 37.0, 0.0, 'CXO2NJ', 302, 398, 26, 86, 105, 5, 4, 13, 39, 2
1, 500, 22.0, 0.0, 22.0, 0.0, 'LDXOLI', 299, 424, 18, 54, 111, 15, 5, 22, 20, 16
1, 500, 18.0, 0.0, 18.0, 0.0, '2W3K73', 307, 392, 23, 74, 105, 9, 1, 13, 37, 1
1, 500, 27.0, 0.0, 27.0, 0.0, 'JXX4AB', 302, 400, 24, 56, 97, 18, 8, 12, 40, 9
1, 500, 23.0, 0.0, 23.0, 0.0, 'LH0GED', 299, 384, 29, 66, 100, 7, 4, 18, 9, 1
1, 500, 28.0, 0.0, 28.0, 0.0, 'D5U8ZD', 306, 393, 19, 67, 92, 13, 5, 23, 16, 22
1, 500, 37.0, 0.0, 37.0, 0.0, 'V74K8T', 315, 392, 11, 68, 103, 14, 4, 10, 37, 1
1, 500, 149.0, 0.0, 149.0, 0.0, 'D9WIYO', 305, 385, 16, 64, 99, 14, 2, 27, 17, 23
1, 500, 102.0, 0.0, 102.0, 0.0, '3XLBBS', 296, 429, 20, 68, 102, 5, 2, 8, 24, 27
1, 500, 81.0, 0.0, 81.0, 0.0, 'XNKD49', 310, 415, 19, 57, 94, 11, 3, 18, 28, 13
1, 500, 18.0, 0.0, 18.0, 0.0, 'SE7R5X', 287, 420, 20, 60, 90, 5, 1, 12, 15, 1
1, 500, 44.0, 0.0, 44.0, 0.0, 'C59M11', 289, 422, 18, 66, 105, 6, 1, 19, 21, 17
1, 500, 293.0, 0.0, 293.0, 0.0, 'DC2574', 292, 406, 16, 77, 97, 10, 2, 14, 43, 19
1, 500, 55.0, 0.0, 55.0, 0.0, 'VLX3O4', 310, 393, 19, 71, 110, 6, 5, 2, 36, 11
1, 500, 74.0, 0.0, 74.0, 0.0, '55PYPO', 289, 405, 20, 82, 104, 6, 2, 9, 18, 15
1, 500, 13.0, 0.0, 13.0, 0.0, '1DN1FM', 302, 416, 22, 74, 101, 15, 1, 6, 1, 29
1, 500, 24.0, 0.0, 24.0, 0.0, 'BNGYN9', 287, 378, 13, 67, 121, 15, 1, 18, 25, 16
1, 500, 12.0, 0.0, 12.0, 0.0, 'NI6MUD', 288, 390, 23, 79, 99, 17, 1, 15, 5, 16
1, 500, 23.0, 0.0, 23.0, 0.0, 'XXSISB', 304, 395, 18, 63, 114, 19, 1, 23, 26, 26
1, 500, 17.0, 0.0, 17.0, 0.0, 'WDVANA', 298, 382, 27, 47, 106, 12, 3, 21, 24, 1
1, 500, 65.0, 0.0, 65.0, 0.0, 'QM07R4', 299, 384, 25, 76, 99, 12, 8, 17, 34, 5
1, 500, 59.0, 0.0, 59.0, 0.0, 'LF8TED', 300, 393, 18, 73, 103, 9, 9, 11, 27, 1
1, 500, 258.0, 0.0, 258.0, 0.0, 'NKEZEL', 303, 383, 23, 68, 82, 12, 1, 13, 25, 32
1, 500, 12.0, 0.0, 12.0, 0.0, 'LU5Y7G', 290, 387, 24, 72, 104, 13, 2, 14, 25, 8
1, 500, 70.0, 0.0, 70.0, 0.0, 'IZ12QV', 322, 381, 13, 76, 104, 12, 3, 17, 14, 34
1, 500, 20.0, 0.0, 20.0, 0.0, '2B57H6', 301, 410, 19, 69, 108, 17, 4, 23, 20, 1
1, 500, 155.0, 0.0, 155.0, 0.0, 'X01VV8', 305, 417, 12, 74, 94, 12, 2, 15, 23, 19
1, 500, 25.0, 0.0, 25.0, 0.0, '7CJ5V6', 303, 386, 16, 81, 104, 15, 1, 15, 24, 30
1, 500, 26.0, 0.0, 26.0, 0.0, 'H5KTDJ', 300, 378, 18, 66, 99, 5, 1, 14, 20, 4
1, 500, 18.0, 0.0, 18.0, 0.0, 'LF5EAQ', 302, 390, 17, 74, 122, 12, 1, 18, 31, 24
1, 500, 340.0, 0.0, 340.0, 0.0, 'XIREQD', 286, 414, 15, 61, 89, 12, 4, 10, 36, 15
1, 500, 41.0, 0.0, 41.0, 0.0, 'CHDQWF', 307, 404, 21, 80, 108, 10, 4, 15, 24, 2
1, 500, 83.0, 0.0, 83.0, 0.0, 'EJ7IWT', 293, 381, 14, 79, 96, 5, 1, 19, 40, 14
1, 500, 35.0, 0.0, 35.0, 0.0, '98HC2C', 308, 415, 20, 67, 83, 12, 8, 13, 30, 7
1, 500, 13.0, 0.0, 13.0, 0.0, '1OWKG0', 287, 377, 20, 79, 99, 10, 1, 14, 30, 3
1, 500, 15.0, 0.0, 15.0, 0.0, '2CWD5H', 311, 396, 23, 79, 99, 16, 1, 17, 25, 1
1, 500, 48.0, 0.0, 48.0, 0.0, '3MDKKJ', 299, 384, 11, 71, 100, 12, 1, 19, 6, 12
1, 500, 42.0, 0.0, 42.0, 0.0, 'Y99PYD', 305, 380, 22, 77, 111, 5, 13, 21, 25, 21
1, 500, 94.0, 0.0, 94.0, 0.0, 'X24BQ2', 302, 391, 11, 74, 103, 18, 1, 16, 27, 17
1, 500, 34.0, 0.0, 34.0, 0.0, 'NMX1MK', 298, 377, 23, 78, 108, 7, 6, 9, 36, 1
1, 500, 94.0, 0.0, 94.0, 0.0, 'SZVJ8L', 305, 410, 25, 75, 92, 7, 5, 1, 19, 13
1, 500, 17.0, 0.0, 17.0, 0.0, '5MW7GY', 288, 422, 21, 64, 102, 18, 3, 17, 48, 2
1, 500, 25.0, 0.0, 25.0, 0.0, 'WQJ2R7', 309, 402, 18, 79, 101, 13, 2, 14, 18, 27
1, 500, 26.0, 0.0, 26.0, 0.0, 'EII3V7', 293, 410, 21, 75, 96, 9, 1, 15, 28, 7
1, 500, 20.0, 0.0, 20.0, 0.0, '4FB4OA', 288, 403, 20, 65, 106, 7, 2, 11, 5, 17
1, 500, 27.0, 0.0, 27.0, 0.0, 'OEM0KV', 282, 389, 31, 86, 94.60000000000001, 11, 7, 15, 36, 1
1, 500, 11.0, 0.0, 11.0, 0.0, '45D3PW', 289, 398, 23, 57, 109, 8, 1, 19, 12, 1
1, 500, 11.0, 0.0, 11.0, 0.0, 'GY8YV1', 305, 406, 17, 71, 97, 5, 5, 8, 8, 21
1, 500, 17.0, 0.0, 17.0, 0.0, '9R9IZJ', 300, 403, 24, 74, 101, 15, 2, 18, 28, 1
1, 500, 206.0, 0.0, 206.0, 0.0, 'HFAEU0', 288, 411, 18, 73, 103, 5, 2, 16, 31, 15
1, 500, 24.0, 0.0, 24.0, 0.0, 'HHR0V9', 302, 404, 17, 74, 96, 11, 1, 8, 18, 8
1, 500, 15.0, 0.0, 15.0, 0.0, '0D5F0B', 297, 392, 24, 49, 86, 5, 1, 14, 5, 5
1, 500, 17.0, 0.0, 17.0, 0.0, 'SV7SX4', 295, 402, 21, 81, 104, 5, 1, 20, 37, 1
1, 500, 15.0, 0.0, 15.0, 0.0, 'TCU5MZ', 293, 386, 29, 75, 89, 10, 1, 5, 27, 4
1, 500, 500.0, 0.0, 500.0, 0.0, '47RV70', 285, 413, 22, 78, 95, 14, 2, 23, 30, 25
1, 500, 29.0, 0.0, 29.0, 0.0, 'LHUXA1', 298, 393, 24, 60, 91, 5, 1, 18, 34, 3
1, 500, 35.0, 0.0, 35.0, 0.0, '23UCSN', 290, 363, 27, 76, 97, 7, 2, 20, 22, 19
1, 500, 16.0, 0.0, 16.0, 0.0, 'Z9DYC0', 309, 378, 24, 75, 107, 12, 1, 12, 34, 1
1, 500, 36.0, 0.0, 36.0, 0.0, 'W92OSS', 306, 385, 19, 52, 88, 12, 5, 14, 30, 14
1, 500, 30.0, 0.0, 30.0, 0.0, 'JCIVBF', 293, 401, 18, 71, 105, 9, 2, 16, 30, 1
1, 500, 51.0, 0.0, 51.0, 0.0, 'WAEWTD', 289, 405, 24, 79, 105, 5, 5, 12, 23, 13
1, 500, 29.0, 0.0, 29.0, 0.0, 'HLG9F1', 293, 420, 24, 88, 96.80000000000001, 7, 3, 16, 28, 3
1, 500, 12.0, 0.0, 12.0, 0.0, '6UEJ8K', 297, 392, 16, 80, 95, 5, 1, 16, 28, 19
1, 500, 38.0, 0.0, 38.0, 0.0, 'JRSYZS', 317, 395, 22, 46, 96, 13, 6, 21, 25, 14
1, 500, 29.0, 0.0, 29.0, 0.0, '7UNLBE', 297, 382, 19, 86, 94.60000000000001, 13, 2, 17, 16, 7
1, 500, 91.0, 0.0, 91.0, 0.0, 'XNKMOX', 302, 402, 19, 86, 94.60000000000001, 10, 5, 22, 28, 10
1, 500, 20.0, 0.0, 20.0, 0.0, 'V0WHZY', 310, 419, 29, 74, 116, 6, 1, 10, 17, 5
1, 500, 30.0, 0.0, 30.0, 0.0, '5SQK2B', 314, 400, 15, 73, 95, 14, 4, 19, 37, 1
1, 500, 38.0, 0.0, 38.0, 0.0, '70N767', 309, 388, 23, 87, 108, 5, 1, 21, 40, 9
1, 500, 19.0, 0.0, 19.0, 0.0, 'CIMF2W', 311, 397, 25, 66, 109, 15, 1, 11, 33, 11
1, 500, 17.0, 0.0, 17.0, 0.0, '8A1RZX', 303, 400, 19, 61, 104, 15, 1, 20, 19, 7
1, 500, 23.0, 0.0, 23.0, 0.0, '7RE5M1', 295, 416, 15, 72, 101, 10, 4, 17, 21, 1
1, 500, 108.0, 0.0, 108.0, 0.0, 'NBQYLN', 303, 396, 17, 71, 86, 17, 5, 18, 25, 16
1, 500, 87.0, 0.0, 87.0, 0.0, 'TMWFNK', 302, 406, 24, 56, 103, 12, 3, 13, 24, 19
1, 500, 446.0, 0.0, 446.0, 0.0, '7ZJUPC', 312, 425, 18, 91, 113, 5, 10, 10, 27, 17
1, 500, 50.0, 0.0, 50.0, 0.0, 'TXZ2YR', 314, 395, 17, 68, 108, 14, 1, 13, 27, 17
1, 500, 12.0, 0.0, 12.0, 0.0, 'UUHFUR', 312, 395, 22, 74, 102, 9, 8, 19, 17, 1
1, 500, 13.0, 0.0, 13.0, 0.0, 'LUGTDS', 295, 427, 25, 64, 112, 8, 1, 14, 8, 7
1, 500, 73.0, 0.0, 73.0, 0.0, 'BX957Z', 292, 397, 21, 66, 104, 7, 8, 15, 21, 11
1, 500, 13.0, 0.0, 13.0, 0.0, '6V2KFC', 292, 404, 23, 91, 111, 9, 1, 7, 15, 10
1, 500, 16.0, 0.0, 16.0, 0.0, '3P2UR2', 316, 387, 12, 63, 95, 12, 1, 17, 22, 1
1, 500, 65.0, 0.0, 65.0, 0.0, 'GE2HYA', 293, 428, 18, 73, 100, 5, 9, 19, 20, 10
1, 500, 68.0, 0.0, 68.0, 0.0, 'G4AEQI', 305, 395, 16, 76, 110, 5, 1, 13, 35, 6
1, 500, 125.0, 0.0, 125.0, 0.0, 'VFCRFM', 306, 388, 16, 65, 105, 10, 1, 8, 23, 14
1, 500, 23.0, 0.0, 23.0, 0.0, '6G2F55', 296, 399, 16, 75, 84, 5, 6, 19, 21, 6
1, 500, 121.0, 0.0, 121.0, 0.0, 'GGVR18', 283, 418, 17, 64, 94, 12, 4, 9, 24, 4
1, 500, 34.0, 0.0, 34.0, 0.0, 'S9BHLF', 296, 395, 15, 68, 110, 6, 1, 20, 45, 1
1, 500, 18.0, 0.0, 18.0, 0.0, 'HFN9PW', 293, 393, 23, 71, 105, 14, 2, 20, 21, 18
1, 500, 84.0, 0.0, 84.0, 0.0, '1RGR98', 293, 390, 16, 66, 106, 5, 3, 12, 25, 5
1, 500, 17.0, 0.0, 17.0, 0.0, 'GYS8KC', 308, 403, 25, 66, 102, 8, 1, 17, 24, 1
1, 500, 21.0, 0.0, 21.0, 0.0, '4COV36', 308, 397, 12, 58, 86, 13, 1, 18, 24, 1
1, 500, 16.0, 0.0, 16.0, 0.0, 'CUD3T8', 281, 388, 18, 61, 111, 8, 6, 18, 13, 24
1, 500, 20.0, 0.0, 20.0, 0.0, 'T67KS5', 312, 375, 28, 52, 104, 15, 1, 14, 21, 10
1, 500, 19.0, 0.0, 19.0, 0.0, '7PH5P5', 299, 405, 21, 69, 106, 5, 2, 15, 30, 5
1, 500, 40.0, 0.0, 40.0, 0.0, '5MRPVB', 272, 385, 15, 79, 97, 14, 1, 22, 19, 16
1, 500, 26.0, 0.0, 26.0, 0.0, 'HOLPFU', 288, 370, 27, 69, 97, 12, 1, 21, 20, 6
1, 500, 19.0, 0.0, 19.0, 0.0, 'DHPVGF', 303, 417, 24, 63, 112, 11, 1, 16, 19, 13
1, 500, 32.0, 0.0, 32.0, 0.0, 'S28U83', 317, 393, 8, 76, 117, 17, 2, 25, 30, 1
1, 500, 145.0, 0.0, 145.0, 0.0, 'YAG562', 286, 382, 18, 62, 106, 9, 4, 25, 47, 21
1, 500, 28.0, 0.0, 28.0, 0.0, 'ER223M', 289, 400, 20, 61, 106, 17, 7, 23, 34, 11
1, 500, 18.0, 0.0, 18.0, 0.0, 'CPXIX0', 290, 393, 25, 51, 113, 5, 7, 28, 15, 11
1, 500, 331.0, 0.0, 331.0, 0.0, '9HLDB0', 303, 396, 20, 77, 84.7, 10, 3, 11, 12, 32
1, 500, 20.0, 0.0, 20.0, 0.0, 'Z0TDSQ', 295, 396, 34, 71, 84, 5, 1, 10, 27, 14
1, 500, 25.0, 0.0, 25.0, 0.0, 'MTPHJ6', 291, 420, 8, 63, 93, 13, 1, 16, 21, 1
1, 500, 70.0, 0.0, 70.0, 0.0, 'OQFLIB', 298, 410, 18, 56, 93, 18, 5, 11, 37, 25
1, 500, 161.0, 0.0, 161.0, 0.0, 'G776MH', 311, 414, 13, 47, 99, 11, 2, 19, 14, 15
1, 500, 32.0, 0.0, 32.0, 0.0, 'SG0SQS', 303, 401, 20, 66, 116, 7, 3, 18, 36, 21
1, 500, 24.0, 0.0, 24.0, 0.0, '2B9PBC', 296, 385, 17, 71, 97, 5, 2, 11, 14, 1
1, 500, 73.0, 0.0, 73.0, 0.0, '9M1WHX', 297, 384, 18, 79, 104, 20, 1, 14, 27, 13
1, 500, 17.0, 0.0, 17.0, 0.0, '4K36AG', 311, 404, 32, 67, 111, 10, 6, 6, 19, 1
1, 500, 82.0, 0.0, 82.0, 0.0, 'Q3DF0J', 279, 409, 12, 76, 97, 5, 1, 17, 25, 5
1, 500, 93.0, 0.0, 93.0, 0.0, '0V2HBM', 296, 414, 17, 80, 88.0, 15, 1, 7, 31, 23
1, 500, 24.0, 0.0, 24.0, 0.0, 'RQ591Y', 282, 395, 27, 73, 107, 11, 2, 16, 31, 1
1, 500, 68.0, 0.0, 68.0, 0.0, 'JWGUE3', 301, 396, 16, 64, 70.4, 11, 6, 20, 20, 10
1, 500, 30.0, 0.0, 30.0, 0.0, 'IU444R', 296, 400, 19, 68, 128, 10, 1, 19, 30, 1
1, 500, 9.0, 0.0, 9.0, 0.0, '2SDKJB', 297, 402, 15, 43, 100, 17, 1, 23, 9, 1
1, 500, 25.0, 0.0, 25.0, 0.0, 'JLMJUF', 308, 419, 17, 64, 119, 10, 1, 16, 16, 7
1, 500, 51.0, 0.0, 51.0, 0.0, '0JQPBN', 300, 405, 20, 71, 96, 7, 1, 12, 20, 22
1, 500, 63.0, 0.0, 63.0, 0.0, 'OOW16Z', 287, 390, 12, 82, 103, 7, 7, 14, 31, 6
1, 500, 19.0, 0.0, 19.0, 0.0, 'MFNLQF', 311, 380, 26, 72, 114, 16, 7, 5, 34, 9
1, 500, 126.0, 0.0, 126.0, 0.0, 'W5CA09', 301, 387, 19, 86, 98, 10, 4, 12, 17, 19
1, 500, 18.0, 0.0, 18.0, 0.0, 'TPVVU8', 293, 412, 19, 71, 92, 11, 1, 19, 31, 4
1, 500, 19.0, 0.0, 19.0, 0.0, 'I12LZ6', 287, 416, 18, 71, 78.10000000000001, 20, 1, 16, 24, 23
1, 500, 9.0, 0.0, 9.0, 0.0, '795ERI', 296, 411, 15, 79, 89, 17, 7, 11, 12, 4
1, 500, 20.0, 0.0, 20.0, 0.0, '5MOQOS', 303, 382, 27, 85, 103, 15, 2, 18, 16, 19
1, 500, 19.0, 0.0, 19.0, 0.0, '8FMP7K', 287, 394, 15, 57, 81, 9, 1, 21, 19, 21
1, 500, 12.0, 0.0, 12.0, 0.0, 'LHSV5A', 304, 402, 25, 70, 108, 7, 1, 13, 35, 3
1, 500, 61.0, 0.0, 61.0, 0.0, 'PXTGT1', 310, 401, 17, 81, 120, 5, 2, 20, 22, 3
1, 500, 52.0, 0.0, 52.0, 0.0, 'G17GHD', 315, 403, 32, 74, 114, 14, 5, 16, 27, 25
1, 500, 15.0, 0.0, 15.0, 0.0, 'XF11QT', 302, 381, 13, 68, 93, 18, 4, 17, 27, 16
1, 500, 66.0, 0.0, 66.0, 0.0, 'V4LU1R', 293, 406, 21, 66, 107, 9, 5, 18, 29, 8
1, 500, 48.0, 0.0, 48.0, 0.0, 'JPSQEA', 294, 407, 30, 68, 86, 9, 3, 17, 14, 16
1, 500, 132.0, 0.0, 132.0, 0.0, 'QPZ3AD', 300, 398, 14, 65, 93, 16, 3, 10, 11, 19
1, 500, 30.0, 0.0, 30.0, 0.0, 'UYAXSJ', 290, 410, 17, 76, 83.60000000000001, 8, 2, 17, 26, 2
1, 500, 12.0, 0.0, 12.0, 0.0, 'W2KACC', 299, 393, 16, 75, 107, 12, 1, 12, 26, 1
1, 500, 65.0, 0.0, 65.0, 0.0, 'RHYQHN', 278, 400, 18, 73, 98, 5, 5, 21, 19, 1
1, 500, 23.0, 0.0, 23.0, 0.0, 'GK6SVN', 288, 396, 25, 89, 101, 8, 1, 11, 29, 1
1, 500, 9.0, 0.0, 9.0, 0.0, '45UEMD', 307, 404, 16, 52, 105, 7, 7, 8, 18, 23
1, 500, 21.0, 0.0, 21.0, 0.0, 'EIZODJ', 305, 390, 16, 73, 104, 9, 12, 18, 27, 9
1, 500, 17.0, 0.0, 17.0, 0.0, '5RG6PK', 299, 409, 22, 70, 111, 13, 3, 28, 14, 10
1, 500, 9.0, 0.0, 9.0, 0.0, 'QPPBIQ', 302, 380, 18, 75, 96, 13, 8, 20, 25, 16
1, 500, 250.0, 0.0, 250.0, 0.0, 'SN8JS7', 301, 376, 19, 64, 92, 6, 1, 20, 17, 25
1, 500, 58.0, 0.0, 58.0, 0.0, '06HY8D', 296, 422, 16, 83, 95, 12, 6, 17, 18, 1
1, 500, 17.0, 0.0, 17.0, 0.0, '1KIJ46', 309, 429, 21, 81, 89.10000000000001, 15, 2, 11, 38, 5
1, 500, 22.0, 0.0, 22.0, 0.0, 'QIIM70', 302, 360, 25, 59, 95, 9, 5, 5, 22, 6
1, 500, 28.0, 0.0, 28.0, 0.0, 'F8W7BT', 319, 381, 20, 76, 99, 10, 4, 17, 1, 17
1, 500, 40.0, 0.0, 40.0, 0.0, 'EF9MAG', 303, 415, 12, 65, 96, 5, 9, 13, 22, 1
1, 500, 61.0, 0.0, 61.0, 0.0, 'Y0C3DP', 314, 426, 17, 63, 98, 5, 6, 9, 18, 6
1, 500, 12.0, 0.0, 12.0, 0.0, '820JPQ', 295, 406, 19, 73, 102, 9, 7, 19, 17, 1
1, 500, 319.0, 0.0, 319.0, 0.0, '8PLFVR', 291, 407, 20, 63, 93, 5, 4, 12, 45, 11
1, 500, 27.0, 0.0, 27.0, 0.0, 'Y07V59', 292, 404, 20, 67, 107, 5, 2, 15, 24, 14
1, 500, 19.0, 0.0, 19.0, 0.0, '74A0BN', 289, 344, 22, 69, 96, 13, 1, 11, 32, 1
1, 500, 30.0, 0.0, 30.0, 0.0, 'XK5ANJ', 299, 400, 20, 76, 104, 5, 6, 9, 15, 1
1, 500, 16.0, 0.0, 16.0, 0.0, 'F32LBI', 310, 401, 23, 66, 94, 14, 1, 17, 27, 19
1, 500, 25.0, 0.0, 25.0, 0.0, 'JXZQAM', 282, 417, 22, 84, 102, 6, 3, 19, 38, 4
1, 500, 13.0, 0.0, 13.0, 0.0, 'TC7H4Y', 296, 379, 16, 70, 110, 13, 1, 16, 13, 1
1, 500, 24.0, 0.0, 24.0, 0.0, 'EIULUT', 291, 416, 21, 92, 120, 5, 2, 14, 35, 1
1, 500, 17.0, 0.0, 17.0, 0.0, 'MT65J6', 282, 394, 19, 63, 87, 17, 5, 15, 37, 1
1, 500, 19.0, 0.0, 19.0, 0.0, '0JI40T', 304, 410, 19, 77, 89, 7, 1, 13, 15, 17
1, 500, 43.0, 0.0, 43.0, 0.0, 'KMXKGV', 288, 416, 23, 64, 108, 7, 2, 14, 38, 20
1, 500, 81.0, 0.0, 81.0, 0.0, 'TOF9P9', 304, 386, 28, 68, 111, 6, 4, 10, 33, 5
1, 500, 51.0, 0.0, 51.0, 0.0, 'L876YB', 299, 397, 18, 68, 121, 18, 2, 12, 33, 3
1, 500, 34.0, 0.0, 34.0, 0.0, '3T0B26', 307, 361, 20, 85, 99, 10, 1, 17, 16, 17
1, 500, 95.0, 0.0, 95.0, 0.0, 'HXAYIJ', 298, 410, 9, 67, 79, 15, 1, 18, 36, 13
1, 500, 46.0, 0.0, 46.0, 0.0, '5LWHI0', 283, 383, 12, 84, 92.4, 8, 1, 19, 18, 10
1, 500, 9.0, 0.0, 9.0, 0.0, 'JJDDEV', 314, 374, 18, 62, 102, 16, 1, 17, 7, 9
1, 500, 219.0, 0.0, 219.0, 0.0, 'R9U7DX', 314, 393, 14, 64, 99, 5, 8, 18, 38, 26
1, 500, 17.0, 0.0, 17.0, 0.0, 'HGZ7RI', 289, 411, 26, 64, 106, 16, 4, 18, 17, 16
1, 500, 25.0, 0.0, 25.0, 0.0, 'J3XUEP', 311, 397, 25, 71, 104, 9, 2, 16, 32, 2
1, 500, 12.0, 0.0, 12.0, 0.0, 'EN7G77', 302, 418, 26, 43, 100, 20, 1, 17, 15, 9
1, 500, 27.0, 0.0, 27.0, 0.0, 'ERNOO1', 295, 381, 14, 65, 104, 15, 1, 14, 26, 1
1, 500, 32.0, 0.0, 32.0, 0.0, 'XARZG0', 320, 411, 22, 86, 118, 10, 6, 25, 8, 1
1, 500, 24.0, 0.0, 24.0, 0.0, 'T1IA1A', 292, 397, 23, 79, 103, 12, 1, 21, 25, 9
1, 500, 15.0, 0.0, 15.0, 0.0, 'C7J9DD', 304, 394, 26, 56, 104, 14, 1, 12, 19, 3
1, 500, 110.0, 0.0, 110.0, 0.0, '3857WL', 305, 412, 11, 66, 101, 12, 1, 12, 25, 21
1, 500, 54.0, 0.0, 54.0, 0.0, 'KNOVX0', 286, 386, 29, 96, 106, 6, 4, 16, 44, 5
1, 500, 10.0, 0.0, 10.0, 0.0, 'IBNQOX', 315, 380, 15, 65, 106, 12, 3, 14, 20, 1
1, 500, 94.0, 0.0, 94.0, 0.0, '9T9PR4', 296, 408, 20, 71, 100, 10, 2, 18, 22, 23
1, 500, 32.0, 0.0, 32.0, 0.0, 'F5WGRN', 310, 393, 27, 70, 106, 12, 1, 22, 33, 16
1, 500, 75.0, 0.0, 75.0, 0.0, '5H0687', 304, 412, 26, 88, 108, 9, 1, 18, 23, 17
1, 500, 40.0, 0.0, 40.0, 0.0, 'M5BF4Z', 310, 390, 15, 82, 96, 10, 1, 15, 34, 1
1, 500, 77.0, 0.0, 77.0, 0.0, '27XJEB', 289, 393, 10, 85, 93.50000000000001, 12, 7, 20, 16, 8
1, 500, 100.0, 0.0, 100.0, 0.0, 'T26OQ2', 276, 412, 16, 56, 122, 7, 4, 12, 15, 12
1, 500, 23.0, 0.0, 23.0, 0.0, 'TJUIWP', 301, 402, 26, 77, 90, 8, 1, 15, 20, 1
1, 500, 25.0, 0.0, 25.0, 0.0, 'WRY6EV', 304, 412, 21, 61, 97, 7, 3, 18, 23, 5
1, 500, 500.0, 0.0, 500.0, 0.0, 'U9V1WE', 300, 407, 15, 60, 93, 16, 1, 16, 40, 16
1, 500, 31.0, 0.0, 31.0, 0.0, '0Y44L5', 304, 420, 22, 60, 104, 16, 1, 22, 8, 17
1, 500, 80.0, 0.0, 80.0, 0.0, 'FBBKQ0', 300, 376, 22, 59, 107, 5, 4, 21, 20, 16
1, 500, 54.0, 0.0, 54.0, 0.0, 'I2EN5M', 298, 402, 19, 57, 91, 8, 1, 25, 25, 17
1, 500, 33.0, 0.0, 33.0, 0.0, '7VTEWP', 307, 406, 16, 81, 90, 8, 3, 15, 38, 11
1, 500, 115.0, 0.0, 115.0, 0.0, 'P333CW', 285, 375, 22, 74, 99, 13, 5, 15, 6, 10
1, 500, 25.0, 0.0, 25.0, 0.0, 'KCAPND', 295, 415, 19, 77, 111, 5, 3, 24, 39, 8
1, 500, 128.0, 0.0, 128.0, 0.0, '7K2VJZ', 303, 404, 10, 75, 107, 7, 4, 18, 40, 9
1, 500, 127.0, 0.0, 127.0, 0.0, 'V5QTBP', 291, 416, 20, 78, 88, 10, 9, 20, 44, 19
1, 500, 23.0, 0.0, 23.0, 0.0, 'Q1JLNI', 300, 412, 16, 71, 96, 20, 1, 15, 32, 10
1, 500, 149.0, 0.0, 149.0, 0.0, 'RC1NZ4', 289, 388, 20, 77, 109, 12, 1, 21, 19, 21
1, 500, 51.0, 0.0, 51.0, 0.0, '0YZQOF', 295, 425, 13, 78, 93, 9, 2, 24, 23, 1
1, 500, 31.0, 0.0, 31.0, 0.0, 'D45J6M', 297, 389, 26, 68, 88, 12, 1, 13, 34, 20
1, 500, 72.0, 0.0, 72.0, 0.0, 'HGRKL4', 293, 414, 18, 63, 107, 5, 3, 25, 34, 14
1, 500, 28.0, 0.0, 28.0, 0.0, 'HDUC0L', 313, 401, 21, 75, 95, 22, 1, 19, 27, 3
1, 500, 30.0, 0.0, 30.0, 0.0, 'HPIEO5', 322, 420, 24, 86, 94.60000000000001, 9, 6, 16, 23, 1
1, 500, 25.0, 0.0, 25.0, 0.0, 'GSGUN3', 289, 389, 18, 39, 88, 10, 2, 19, 11, 13
1, 500, 500.0, 0.0, 500.0, 0.0, 'T5UR7V', 276, 407, 20, 74, 106, 10, 3, 19, 13, 39
1, 500, 27.0, 0.0, 27.0, 0.0, 'JBE1LT', 315, 418, 17, 78, 102, 10, 1, 13, 35, 1
1, 500, 23.0, 0.0, 23.0, 0.0, '8OYTBQ', 299, 405, 11, 71, 96, 17, 4, 15, 46, 4
1, 500, 500.0, 0.0, 500.0, 0.0, '7YDU29', 304, 407, 19, 71, 80, 5, 3, 14, 37, 22
1, 500, 8.0, 0.0, 8.0, 0.0, '5DPUUU', 297, 388, 16, 59, 105, 7, 3, 3, 5, 1
1, 500, 21.0, 0.0, 21.0, 0.0, 'YB2FMQ', 320, 407, 16, 77, 93, 14, 2, 12, 2, 13
1, 500, 26.0, 0.0, 26.0, 0.0, 'AB6FDZ', 296, 399, 21, 81, 92, 10, 4, 14, 10, 7
1, 500, 27.0, 0.0, 27.0, 0.0, 'A4AQD5', 293, 365, 20, 61, 75, 10, 3, 16, 15, 1
1, 500, 500.0, 0.0, 500.0, 0.0, 'YDMNEH', 302, 397, 18, 65, 99, 11, 3, 26, 26, 24
1, 500, 15.0, 0.0, 15.0, 0.0, '7F8AQ4', 310, 400, 17, 64, 88, 15, 1, 17, 23, 17
1, 500, 13.0, 0.0, 13.0, 0.0, 'AEP8U9', 297, 395, 31, 70, 92, 13, 1, 18, 19, 10
1, 500, 22.0, 0.0, 22.0, 0.0, 'BCR1WH', 301, 426, 21, 68, 99, 10, 1, 13, 25, 8
1, 500, 11.0, 0.0, 11.0, 0.0, '6XEKYM', 293, 393, 28, 64, 106, 5, 1, 13, 25, 17
1, 500, 57.0, 0.0, 57.0, 0.0, 'KF1GC5', 311, 385, 22, 53, 89, 10, 5, 15, 27, 7
1, 500, 22.0, 0.0, 22.0, 0.0, 'QES5IL', 304, 425, 16, 58, 94, 12, 1, 18, 19, 1
1, 500, 30.0, 0.0, 30.0, 0.0, '7DW141', 311, 397, 29, 68, 79, 14, 2, 11, 42, 19
1, 500, 15.0, 0.0, 15.0, 0.0, '1CZZQQ', 296, 434, 17, 73, 101, 6, 1, 17, 23, 1
1, 500, 17.0, 0.0, 17.0, 0.0, 'R5MYTB', 282, 385, 21, 62, 86, 5, 1, 15, 26, 21
1, 500, 85.0, 0.0, 85.0, 0.0, 'JCA3JT', 306, 409, 16, 54, 102, 7, 5, 17, 17, 17
1, 500, 54.0, 0.0, 54.0, 0.0, 'BYB6TO', 303, 368, 23, 59, 95, 8, 6, 7, 31, 13
1, 500, 25.0, 0.0, 25.0, 0.0, '0HIPCW', 291, 409, 25, 70, 77, 8, 2, 12, 17, 4
1, 500, 251.0, 0.0, 251.0, 0.0, 'QGW14R', 294, 386, 13, 80, 96, 11, 1, 13, 28, 21
1, 500, 34.0, 0.0, 34.0, 0.0, 'OJTMZ7', 300, 395, 19, 83, 102, 8, 3, 15, 18, 9
1, 500, 36.0, 0.0, 36.0, 0.0, '011UBQ', 305, 388, 17, 61, 96, 6, 5, 16, 16, 13
1, 500, 26.0, 0.0, 26.0, 0.0, 'VZECI8', 311, 399, 30, 63, 89, 13, 3, 20, 29, 4
1, 500, 78.0, 0.0, 78.0, 0.0, 'K3VHWS', 284, 400, 22, 73, 93, 7, 4, 22, 11, 26
1, 500, 23.0, 0.0, 23.0, 0.0, 'YF2EI7', 295, 400, 20, 59, 98, 8, 6, 19, 24, 4
1, 500, 295.0, 0.0, 295.0, 0.0, '2NRX4U', 307, 402, 13, 65, 106, 5, 5, 18, 33, 22
1, 500, 33.0, 0.0, 33.0, 0.0, 'SL9N99', 311, 409, 22, 63, 99, 13, 2, 19, 18, 15
1, 500, 147.0, 0.0, 147.0, 0.0, 'IZCMZ4', 306, 395, 9, 70, 105, 11, 2, 13, 38, 14
1, 500, 80.0, 0.0, 80.0, 0.0, 'ACA8UB', 315, 400, 11, 73, 106, 5, 1, 26, 9, 20
1, 500, 27.0, 0.0, 27.0, 0.0, '4FFBFF', 299, 370, 25, 62, 113, 11, 2, 23, 33, 13
1, 500, 16.0, 0.0, 16.0, 0.0, 'YPP06K', 309, 398, 32, 76, 99, 7, 1, 19, 32, 8
1, 500, 18.0, 0.0, 18.0, 0.0, 'Y6BCOL', 297, 415, 24, 69, 78, 9, 2, 20, 46, 6
1, 500, 31.0, 0.0, 31.0, 0.0, 'SEU3ER', 293, 406, 20, 69, 115, 14, 2, 15, 15, 9
1, 500, 50.0, 0.0, 50.0, 0.0, 'Q2943X', 274, 385, 18, 66, 91, 8, 6, 18, 32, 1
1, 500, 25.0, 0.0, 25.0, 0.0, 'WEJL4S', 295, 406, 20, 68, 98, 15, 3, 14, 15, 1
1, 500, 41.0, 0.0, 41.0, 0.0, 'O4Y03K', 313, 420, 22, 72, 99, 5, 1, 20, 36, 7
1, 500, 19.0, 0.0, 19.0, 0.0, 'MPNLAD', 299, 378, 21, 84, 105, 11, 5, 15, 23, 3
1, 500, 157.0, 0.0, 157.0, 0.0, 'A4SPEM', 300, 411, 31, 68, 97, 15, 1, 10, 24, 32
1, 500, 27.0, 0.0, 27.0, 0.0, 'AV5FGD', 314, 390, 26, 53, 98, 14, 6, 18, 28, 2
1, 500, 14.0, 0.0, 14.0, 0.0, 'NQHJ71', 292, 400, 22, 76, 104, 17, 2, 20, 29, 1
1, 500, 127.0, 0.0, 127.0, 0.0, 'GGUEOH', 292, 394, 24, 64, 99, 10, 3, 15, 9, 13
1, 500, 8.0, 0.0, 8.0, 0.0, '967VA4', 318, 395, 14, 63, 92, 16, 5, 17, 10, 7
1, 500, 46.0, 0.0, 46.0, 0.0, 'HO0XQ8', 294, 385, 16, 72, 99, 7, 5, 12, 28, 1
1, 500, 179.0, 0.0, 179.0, 0.0, 'P2PVSQ', 291, 425, 16, 47, 114, 8, 4, 16, 8, 18
1, 500, 22.0, 0.0, 22.0, 0.0, '0SICO2', 277, 395, 19, 67, 99, 8, 2, 14, 23, 4
1, 500, 133.0, 0.0, 133.0, 0.0, 'Y4RUZH', 285, 443, 10, 63, 97, 12, 2, 14, 28, 26
1, 500, 251.0, 0.0, 251.0, 0.0, 'K4R89P', 291, 427, 22, 80, 91, 12, 3, 13, 28, 29
1, 500, 9.0, 0.0, 9.0, 0.0, 'QP7A3O', 286, 410, 21, 54, 94, 15, 1, 3, 27, 9
1, 500, 84.0, 0.0, 84.0, 0.0, 'S1YE9I', 313, 396, 11, 71, 91, 10, 6, 16, 39, 21
1, 500, 16.0, 0.0, 16.0, 0.0, '32BOLF', 295, 398, 21, 65, 105, 10, 4, 15, 21, 17
1, 500, 23.0, 0.0, 23.0, 0.0, 'ZGFAUO', 304, 420, 18, 72, 98, 7, 1, 17, 49, 3
1, 500, 18.0, 0.0, 18.0, 0.0, 'BP87UJ', 292, 404, 25, 69, 100, 9, 4, 18, 3, 11
1, 500, 23.0, 0.0, 23.0, 0.0, 'W8NL4W', 305, 395, 26, 70, 112, 16, 4, 14, 23, 27
1, 500, 152.0, 0.0, 152.0, 0.0, 'YMQM6V', 303, 411, 16, 65, 96, 11, 2, 12, 24, 15
1, 500, 21.0, 0.0, 21.0, 0.0, 'S0ZAGL', 291, 387, 18, 67, 108, 7, 2, 17, 11, 5
1, 500, 21.0, 0.0, 21.0, 0.0, '6JVVY7', 309, 387, 27, 79, 90, 10, 3, 13, 16, 14
1, 500, 500.0, 0.0, 500.0, 0.0, 'G1CHL2', 308, 408, 11, 71, 107, 10, 5, 16, 30, 25
1, 500, 167.0, 0.0, 167.0, 0.0, 'K2KR2F', 307, 380, 17, 61, 98, 5, 3, 21, 36, 21
1, 500, 24.0, 0.0, 24.0, 0.0, 'T5GK73', 308, 389, 21, 71, 110, 8, 3, 21, 9, 1
1, 500, 160.0, 0.0, 160.0, 0.0, 'M8MH4W', 292, 394, 17, 48, 100, 16, 1, 17, 17, 25
1, 500, 18.0, 0.0, 18.0, 0.0, 'JSSW62', 291, 427, 14, 59, 108, 9, 3, 13, 12, 7
1, 500, 68.0, 0.0, 68.0, 0.0, 'XRUBP1', 290, 399, 13, 59, 100, 13, 6, 9, 23, 15
1, 500, 210.0, 0.0, 210.0, 0.0, 'KST1BK', 292, 397, 18, 84, 92.4, 5, 1, 21, 20, 17
1, 500, 16.0, 0.0, 16.0, 0.0, '5AV4B9', 303, 427, 28, 65, 82, 14, 1, 20, 10, 17
1, 500, 16.0, 0.0, 16.0, 0.0, 'YCW6QD', 300, 406, 15, 60, 99, 17, 1, 23, 12, 12
1, 500, 29.0, 0.0, 29.0, 0.0, 'O6P833', 319, 414, 22, 80, 103, 11, 7, 17, 12, 1
1, 500, 22.0, 0.0, 22.0, 0.0, 'EFPHOS', 273, 397, 22, 81, 92, 5, 1, 10, 20, 1
1, 500, 19.0, 0.0, 19.0, 0.0, 'OCHZ2Q', 302, 404, 20, 72, 103, 7, 8, 19, 28, 1
1, 500, 24.0, 0.0, 24.0, 0.0, 'D6IBG6', 311, 406, 12, 62, 96, 12, 6, 19, 17, 10
1, 500, 36.0, 0.0, 36.0, 0.0, 'ST567O', 302, 403, 18, 63, 99, 5, 4, 14, 41, 6
1, 500, 25.0, 0.0, 25.0, 0.0, 'T0RPM0', 296, 410, 18, 67, 94, 5, 1, 14, 39, 18
1, 500, 18.0, 0.0, 18.0, 0.0, '2YD58P', 299, 428, 20, 63, 118, 14, 3, 16, 27, 3
1, 500, 47.0, 0.0, 47.0, 0.0, 'MND5QR', 302, 390, 18, 61, 101, 14, 1, 15, 32, 5
1, 500, 39.0, 0.0, 39.0, 0.0, 'CKB569', 290, 386, 20, 83, 94, 5, 4, 14, 19, 7
1, 500, 17.0, 0.0, 17.0, 0.0, 'TZLVHV', 311, 404, 16, 90, 100, 16, 1, 15, 19, 2
1, 500, 22.0, 0.0, 22.0, 0.0, 'CLV0JD', 304, 393, 21, 44, 98, 10, 5, 7, 16, 1
1, 500, 16.0, 0.0, 16.0, 0.0, '7D3BYN', 295, 416, 21, 68, 91, 16, 3, 20, 22, 1
1, 500, 21.0, 0.0, 21.0, 0.0, 'NLKNZL', 297, 408, 14, 50, 98, 11, 2, 11, 18, 19
1, 500, 52.0, 0.0, 52.0, 0.0, 'I7GS5T', 320, 394, 18, 66, 91, 10, 1, 15, 24, 18
1, 500, 22.0, 0.0, 22.0, 0.0, '81RA4Z', 297, 410, 21, 74, 113, 6, 1, 7, 13, 14
1, 500, 17.0, 0.0, 17.0, 0.0, '1ILOCU', 310, 404, 25, 72, 121, 10, 3, 16, 8, 4
1, 500, 18.0, 0.0, 18.0, 0.0, 'YCIXIY', 308, 399, 23, 64, 100, 5, 1, 14, 27, 1
1, 500, 30.0, 0.0, 30.0, 0.0, '1KZH6X', 298, 409, 15, 76, 112, 10, 1, 18, 26, 3
1, 500, 21.0, 0.0, 21.0, 0.0, 'I5WWCD', 288, 392, 18, 63, 70, 20, 2, 7, 20, 7
1, 500, 67.0, 0.0, 67.0, 0.0, 'LUI6R1', 297, 399, 19, 64, 107, 17, 9, 15, 26, 17
1, 500, 16.0, 0.0, 16.0, 0.0, '9TWGI1', 288, 426, 11, 59, 85, 11, 4, 12, 40, 2
1, 500, 28.0, 0.0, 28.0, 0.0, 'HYVHQW', 306, 396, 22, 76, 106, 9, 5, 9, 10, 20
1, 500, 17.0, 0.0, 17.0, 0.0, '9BLA9I', 303, 386, 17, 77, 93, 14, 1, 19, 20, 7
1, 500, 81.0, 0.0, 81.0, 0.0, 'CXG8P7', 300, 394, 17, 54, 101, 5, 4, 14, 32, 17
1, 500, 23.0, 0.0, 23.0, 0.0, 'QP91SC', 303, 403, 13, 63, 73, 5, 1, 20, 26, 1
1, 500, 20.0, 0.0, 20.0, 0.0, 'N8SGMD', 287, 415, 15, 66, 90, 13, 1, 11, 11, 7
1, 500, 270.0, 0.0, 270.0, 0.0, 'CO85YX', 291, 382, 20, 84, 96, 10, 2, 18, 25, 16
1, 500, 21.0, 0.0, 21.0, 0.0, '3Y8G12', 296, 382, 12, 78, 87, 19, 7, 10, 39, 8
1, 500, 26.0, 0.0, 26.0, 0.0, 'LA4JAB', 305, 396, 20, 54, 102, 11, 4, 15, 28, 3
1, 500, 16.0, 0.0, 16.0, 0.0, 'BO4GBJ', 302, 423, 21, 85, 107, 12, 1, 16, 14, 2
1, 500, 16.0, 0.0, 16.0, 0.0, '1LBVA9', 312, 386, 24, 75, 102, 16, 1, 11, 33, 18
1, 500, 70.0, 0.0, 70.0, 0.0, '7BM2GV', 288, 411, 17, 70, 114, 13, 8, 14, 23, 9
1, 500, 17.0, 0.0, 17.0, 0.0, 'KNXJH7', 293, 390, 16, 63, 97, 16, 4, 13, 9, 18
1, 500, 25.0, 0.0, 25.0, 0.0, 'G1MKO3', 307, 412, 19, 65, 90, 6, 1, 8, 13, 7
1, 500, 23.0, 0.0, 23.0, 0.0, '2FJ07G', 303, 408, 27, 67, 91, 8, 5, 10, 29, 1
1, 500, 92.0, 0.0, 92.0, 0.0, 'Y7G0T8', 321, 365, 18, 70, 102, 6, 3, 19, 23, 8
1, 500, 19.0, 0.0, 19.0, 0.0, 'B6FK1A', 303, 390, 25, 66, 91, 5, 1, 16, 24, 16
1, 500, 44.0, 0.0, 44.0, 0.0, 'T2D1SE', 299, 375, 24, 78, 104, 5, 2, 6, 35, 1
1, 500, 15.0, 0.0, 15.0, 0.0, '2CM0J6', 306, 407, 22, 63, 113, 11, 2, 15, 17, 4
1, 500, 34.0, 0.0, 34.0, 0.0, 'NLGQJS', 286, 409, 22, 60, 101, 12, 3, 25, 15, 1
1, 500, 28.0, 0.0, 28.0, 0.0, '2087OS', 302, 388, 19, 66, 104, 12, 1, 18, 19, 12
1, 500, 16.0, 0.0, 16.0, 0.0, 'LCY1Z7', 303, 393, 17, 69, 117, 14, 6, 23, 36, 1
1, 500, 6.0, 0.0, 6.0, 0.0, 'F4AR25', 298, 424, 20, 66, 107, 13, 8, 1, 2, 1
1, 500, 22.0, 0.0, 22.0, 0.0, 'VQW2IV', 293, 417, 21, 68, 85, 5, 1, 12, 22, 1
1, 500, 23.0, 0.0, 23.0, 0.0, 'PLEJOA', 289, 412, 23, 72, 114, 8, 5, 21, 22, 11
1, 500, 15.0, 0.0, 15.0, 0.0, 'AN7WRL', 291, 408, 27, 71, 98, 10, 1, 8, 37, 1
1, 500, 26.0, 0.0, 26.0, 0.0, '6PPZ16', 295, 384, 30, 62, 93, 5, 3, 9, 25, 4
1, 500, 22.0, 0.0, 22.0, 0.0, '3359V1', 312, 391, 19, 75, 100, 5, 5, 10, 5, 17
1, 500, 48.0, 0.0, 48.0, 0.0, 'D3XAR8', 307, 409, 25, 55, 107, 15, 1, 9, 30, 24
1, 500, 126.0, 0.0, 126.0, 0.0, 'BR71JA', 320, 383, 17, 69, 103, 5, 6, 14, 18, 24
1, 500, 59.0, 0.0, 59.0, 0.0, 'EPD1VX', 307, 391, 17, 70, 96, 8, 1, 17, 27, 14
1, 500, 135.0, 0.0, 135.0, 0.0, 'ZJ7QXY', 299, 396, 16, 59, 98, 5, 4, 11, 23, 13
1, 500, 72.0, 0.0, 72.0, 0.0, 'B3GTW0', 288, 385, 12, 61, 107, 5, 1, 7, 11, 1
1, 500, 166.0, 0.0, 166.0, 0.0, 'XDPPLH', 300, 401, 12, 81, 106, 9, 4, 15, 16, 27
1, 500, 17.0, 0.0, 17.0, 0.0, 'PJT07M', 295, 416, 23, 64, 103, 12, 7, 18, 22, 21
1, 500, 206.0, 0.0, 206.0, 0.0, 'Z9JB7U', 285, 411, 14, 65, 114, 5, 3, 18, 23, 16
1, 500, 72.0, 0.0, 72.0, 0.0, 'X0BGPK', 314, 388, 16, 90, 99.00000000000001, 17, 3, 16, 31, 16
1, 500, 17.0, 0.0, 17.0, 0.0, '6TFW8E', 307, 405, 23, 74, 107, 11, 3, 19, 1, 1
1, 500, 20.0, 0.0, 20.0, 0.0, 'BHOFCC', 301, 427, 11, 62, 97, 18, 5, 21, 34, 6
1, 500, 17.0, 0.0, 17.0, 0.0, 'ZFWD46', 307, 408, 27, 80, 98, 12, 1, 14, 24, 1
1, 500, 32.0, 0.0, 32.0, 0.0, 'FGOSXI', 291, 383, 15, 84, 112, 11, 6, 15, 38, 9
1, 500, 33.0, 0.0, 33.0, 0.0, 'M2K9RW', 312, 407, 25, 87, 106, 9, 1, 8, 31, 9
1, 500, 68.0, 0.0, 68.0, 0.0, 'D8S3QF', 295, 419, 12, 74, 113, 7, 5, 3, 35, 13
1, 500, 13.0, 0.0, 13.0, 0.0, 'AK92SH', 292, 392, 24, 44, 92, 19, 2, 9, 18, 10
1, 500, 29.0, 0.0, 29.0, 0.0, 'IKJ4AV', 308, 390, 21, 68, 110, 14, 6, 20, 34, 1
1, 500, 21.0, 0.0, 21.0, 0.0, 'X2CE8I', 298, 397, 32, 76, 94, 5, 1, 16, 38, 9
1, 500, 232.0, 0.0, 232.0, 0.0, 'W985GG', 300, 418, 10, 51, 95, 13, 3, 13, 18, 26
1, 500, 109.0, 0.0, 109.0, 0.0, '02SRFK', 310, 411, 23, 98, 112, 7, 5, 15, 16, 13
1, 500, 14.0, 0.0, 14.0, 0.0, 'OUQZPG', 295, 387, 19, 59, 116, 22, 7, 20, 27, 1
1, 500, 346.0, 0.0, 346.0, 0.0, '40N3OV', 304, 401, 11, 69, 117, 5, 2, 18, 26, 12
1, 500, 24.0, 0.0, 24.0, 0.0, 'CK9G8U', 317, 421, 16, 75, 83, 12, 1, 13, 23, 5
1, 500, 20.0, 0.0, 20.0, 0.0, 'RIR2UO', 302, 383, 26, 66, 100, 14, 4, 24, 26, 27
1, 500, 78.0, 0.0, 78.0, 0.0, 'CHYSHE', 304, 396, 14, 68, 96, 5, 5, 15, 14, 16
1, 500, 25.0, 0.0, 25.0, 0.0, 'G5XDFL', 281, 405, 20, 76, 100, 5, 1, 13, 22, 9
1, 500, 27.0, 0.0, 27.0, 0.0, 'FXCKNH', 296, 383, 29, 92, 101.2, 9, 9, 21, 21, 11
1, 500, 22.0, 0.0, 22.0, 0.0, '2VTG3W', 288, 406, 20, 81, 106, 14, 1, 10, 26, 4
1, 500, 100.0, 0.0, 100.0, 0.0, '8SRHET', 303, 398, 23, 86, 94.60000000000001, 5, 2, 22, 36, 20
1, 500, 22.0, 0.0, 22.0, 0.0, 'WNV5NK', 280, 397, 23, 77, 104, 10, 5, 22, 26, 6
1, 500, 74.0, 0.0, 74.0, 0.0, 'XO9LCP', 297, 381, 21, 87, 95.7, 10, 1, 9, 24, 11
1, 500, 27.0, 0.0, 27.0, 0.0, 'OBA866', 285, 401, 21, 69, 113, 11, 4, 16, 16, 14
1, 500, 92.0, 0.0, 92.0, 0.0, 'SNE7UF', 308, 405, 14, 65, 101, 5, 1, 12, 32, 31
1, 500, 329.0, 0.0, 329.0, 0.0, 'VB6UJ2', 314, 417, 21, 74, 94, 14, 4, 20, 15, 18
1, 500, 15.0, 0.0, 15.0, 0.0, 'CGW6UJ', 301, 387, 15, 72, 106, 14, 3, 16, 12, 1
1, 500, 15.0, 0.0, 15.0, 0.0, 'D1WEBW', 301, 411, 30, 53, 91, 12, 1, 26, 27, 7
1, 500, 12.0, 0.0, 12.0, 0.0, 'AADP3F', 298, 414, 28, 76, 101, 9, 1, 15, 20, 14
1, 500, 9.0, 0.0, 9.0, 0.0, 'WVCCQT', 272, 399, 20, 73, 83, 5, 1, 15, 27, 4
1, 500, 22.0, 0.0, 22.0, 0.0, 'Q3PSRL', 304, 393, 23, 51, 100, 5, 1, 12, 40, 5
1, 500, 21.0, 0.0, 21.0, 0.0, 'I09ZSZ', 302, 379, 17, 63, 88, 9, 1, 12, 40, 1
1, 500, 27.0, 0.0, 27.0, 0.0, '00CFMR', 306, 404, 26, 70, 95, 11, 9, 19, 32, 19
1, 500, 37.0, 0.0, 37.0, 0.0, '7FUG5H', 309, 406, 24, 97, 106.7, 11, 5, 10, 15, 19
1, 500, 29.0, 0.0, 29.0, 0.0, 'DHJWI8', 294, 396, 21, 63, 93, 6, 1, 18, 37, 6
1, 500, 21.0, 0.0, 21.0, 0.0, 'VGU5B9', 303, 420, 23, 67, 113, 8, 2, 20, 20, 11
1, 500, 97.0, 0.0, 97.0, 0.0, 'NS0X5J', 295, 418, 14, 69, 104, 8, 6, 7, 24, 15
1, 500, 15.0, 0.0, 15.0, 0.0, '8QOFDE', 291, 429, 25, 75, 107, 11, 2, 17, 20, 5
1, 500, 67.0, 0.0, 67.0, 0.0, '4KFVC8', 317, 396, 15, 57, 111, 5, 2, 5, 20, 30
1, 500, 197.0, 0.0, 197.0, 0.0, 'OCROLZ', 320, 404, 14, 52, 100, 12, 4, 8, 25, 19
1, 500, 31.0, 0.0, 31.0, 0.0, 'N7LLUD', 304, 382, 15, 64, 107, 7, 8, 18, 36, 1
1, 500, 70.0, 0.0, 70.0, 0.0, 'A05EE8', 294, 380, 14, 63, 106, 13, 7, 22, 37, 3
1, 500, 29.0, 0.0, 29.0, 0.0, '9OBODD', 293, 389, 10, 54, 88, 12, 1, 22, 12, 8
1, 500, 19.0, 0.0, 19.0, 0.0, '987NW3', 312, 407, 25, 79, 101, 11, 4, 16, 21, 11
1, 500, 21.0, 0.0, 21.0, 0.0, 'VBMDJ8', 307, 372, 16, 63, 108, 10, 1, 20, 22, 11
1, 500, 7.0, 0.0, 7.0, 0.0, 'AGBEDM', 311, 424, 17, 79, 114, 14, 6, 10, 1, 8
1, 500, 26.0, 0.0, 26.0, 0.0, 'GZ6WW4', 295, 400, 22, 85, 102, 8, 2, 15, 36, 6
1, 500, 73.0, 0.0, 73.0, 0.0, '6LDG0X', 302, 398, 23, 56, 107, 5, 6, 9, 21, 13
1, 500, 24.0, 0.0, 24.0, 0.0, 'LQ9TYX', 315, 422, 22, 73, 106, 7, 5, 16, 9, 27
1, 500, 13.0, 0.0, 13.0, 0.0, 'CETK3G', 287, 398, 26, 75, 112, 5, 1, 12, 6, 3
1, 500, 268.0, 0.0, 268.0, 0.0, 'MWXL16', 303, 418, 15, 63, 83, 6, 2, 22, 28, 30
1, 500, 44.0, 0.0, 44.0, 0.0, 'SH1VR3', 321, 403, 13, 73, 80.30000000000001, 5, 2, 17, 38, 1
1, 500, 34.0, 0.0, 34.0, 0.0, '44D2NG', 293, 406, 25, 67, 95, 5, 2, 11, 38, 13
1, 500, 96.0, 0.0, 96.0, 0.0, 'FH2OYX', 309, 380, 7, 65, 108, 15, 3, 11, 18, 2
1, 500, 24.0, 0.0, 24.0, 0.0, 'NNCMCG', 297, 387, 18, 71, 84, 14, 3, 11, 26, 1
1, 500, 66.0, 0.0, 66.0, 0.0, 'H3O5K8', 310, 390, 23, 85, 93.50000000000001, 7, 1, 20, 26, 13
1, 500, 68.0, 0.0, 68.0, 0.0, 'OZ4426', 299, 401, 18, 65, 90, 16, 2, 11, 37, 14
1, 500, 154.0, 0.0, 154.0, 0.0, 'GY2A9V', 292, 402, 10, 65, 79, 5, 4, 12, 12, 10
1, 500, 500.0, 0.0, 500.0, 0.0, '855FM2', 309, 418, 5, 69, 94, 13, 5, 15, 41, 20
1, 500, 25.0, 0.0, 25.0, 0.0, '0V1KWD', 311, 380, 26, 55, 89, 6, 3, 6, 37, 9
1, 500, 28.0, 0.0, 28.0, 0.0, 'FQ0J7R', 280, 395, 23, 56, 106, 5, 1, 11, 32, 13
1, 500, 19.0, 0.0, 19.0, 0.0, 'SDZ4E8', 306, 411, 18, 55, 90, 14, 2, 3, 18, 24
1, 500, 207.0, 0.0, 207.0, 0.0, 'RGTX1U', 294, 408, 16, 86, 94.60000000000001, 5, 4, 10, 32, 39
1, 500, 14.0, 0.0, 14.0, 0.0, '005LR4', 306, 390, 27, 66, 96, 14, 1, 20, 11, 8
1, 500, 91.0, 0.0, 91.0, 0.0, 'EJEX3A', 316, 393, 12, 76, 93, 10, 5, 4, 16, 1
1, 500, 28.0, 0.0, 28.0, 0.0, 'OFLPD0', 302, 401, 28, 58, 87, 6, 3, 21, 36, 1
1, 500, 15.0, 0.0, 15.0, 0.0, 'QEBMPP', 296, 401, 18, 52, 90, 14, 1, 16, 36, 18
1, 500, 18.0, 0.0, 18.0, 0.0, 'FV9W03', 321, 413, 29, 76, 106, 12, 4, 17, 29, 22
1, 500, 59.0, 0.0, 59.0, 0.0, 'LAUAI0', 288, 405, 15, 61, 80, 12, 5, 15, 26, 1
1, 500, 96.0, 0.0, 96.0, 0.0, 'ZQOQIG', 310, 409, 16, 76, 85, 8, 4, 20, 41, 11
1, 500, 80.0, 0.0, 80.0, 0.0, 'C04EJV', 308, 369, 15, 73, 97, 9, 3, 23, 25, 11
1, 500, 12.0, 0.0, 12.0, 0.0, 'UJ3BQ2', 288, 414, 15, 52, 85, 12, 6, 12, 22, 5
1, 500, 23.0, 0.0, 23.0, 0.0, 'SX4DM0', 317, 411, 20, 75, 96, 13, 5, 17, 11, 9
1, 500, 53.0, 0.0, 53.0, 0.0, 'ZK8EDA', 296, 378, 13, 65, 111, 8, 1, 18, 27, 1
1, 500, 34.0, 0.0, 34.0, 0.0, 'T79SX1', 297, 390, 16, 79, 86.9, 9, 4, 6, 21, 1
1, 500, 15.0, 0.0, 15.0, 0.0, '9AA6TJ', 308, 403, 20, 68, 93, 19, 3, 23, 26, 8
1, 500, 29.0, 0.0, 29.0, 0.0, 'JCOO98', 304, 400, 23, 79, 86.9, 5, 1, 17, 34, 28
1, 500, 124.0, 0.0, 124.0, 0.0, 'P4LHPN', 295, 400, 12, 58, 100, 12, 7, 15, 12, 19
1, 500, 17.0, 0.0, 17.0, 0.0, 'S3SYVN', 298, 422, 24, 63, 107, 14, 3, 15, 18, 17
1, 500, 15.0, 0.0, 15.0, 0.0, 'PUZ8AL', 296, 388, 23, 75, 101, 16, 1, 15, 29, 14
1, 500, 13.0, 0.0, 13.0, 0.0, '6C5XKH', 294, 389, 22, 65, 92, 13, 1, 15, 1, 13
1, 500, 22.0, 0.0, 22.0, 0.0, '0GLWB9', 293, 419, 12, 64, 91, 19, 1, 12, 31, 11
1, 500, 61.0, 0.0, 61.0, 0.0, 'C9TJT0', 300, 419, 29, 75, 108, 5, 5, 8, 34, 22
1, 500, 6.0, 0.0, 6.0, 0.0, '6VSKWL', 314, 382, 18, 52, 97, 17, 3, 5, 23, 1
1, 500, 20.0, 0.0, 20.0, 0.0, 'Y8A8PQ', 297, 413, 12, 100, 110.00000000000001, 13, 10, 29, 15, 1
1, 500, 51.0, 0.0, 51.0, 0.0, 'IZHEEJ', 307, 382, 22, 67, 98, 6, 2, 18, 33, 1
1, 500, 203.0, 0.0, 203.0, 0.0, '95CV7R', 277, 396, 23, 70, 111, 7, 1, 15, 26, 25
1, 500, 13.0, 0.0, 13.0, 0.0, '9V47H8', 285, 391, 30, 69, 99, 13, 3, 17, 19, 21
1, 500, 16.0, 0.0, 16.0, 0.0, '5RVYVC', 292, 390, 12, 64, 89, 17, 1, 13, 16, 15
1, 500, 29.0, 0.0, 29.0, 0.0, '2D2PHZ', 314, 420, 21, 69, 93, 6, 1, 25, 28, 1
1, 500, 16.0, 0.0, 16.0, 0.0, 'QYW8CI', 300, 388, 23, 70, 102, 18, 1, 19, 22, 1
1, 500, 23.0, 0.0, 23.0, 0.0, '3DQNKG', 297, 413, 14, 51, 117, 13, 3, 15, 16, 16
1, 500, 24.0, 0.0, 24.0, 0.0, 'W2HL9P', 298, 408, 22, 70, 120, 18, 5, 15, 27, 3
1, 500, 20.0, 0.0, 20.0, 0.0, '2O3X4R', 286, 411, 17, 60, 100, 6, 1, 16, 26, 9
1, 500, 15.0, 0.0, 15.0, 0.0, 'S61WZW', 287, 403, 19, 79, 103, 16, 5, 11, 18, 7
1, 500, 19.0, 0.0, 19.0, 0.0, '6NZAUW', 291, 379, 19, 70, 84, 17, 5, 23, 18, 1
1, 500, 19.0, 0.0, 19.0, 0.0, 'KKRLI1', 302, 391, 17, 57, 97, 8, 3, 14, 10, 8
1, 500, 21.0, 0.0, 21.0, 0.0, 'IW9TN4', 301, 410, 21, 80, 106, 12, 1, 18, 22, 1
1, 500, 11.0, 0.0, 11.0, 0.0, 'POE9DE', 313, 411, 27, 78, 102, 6, 1, 23, 38, 2
1, 500, 56.0, 0.0, 56.0, 0.0, '2LTE2Z', 289, 416, 24, 92, 101.2, 7, 1, 16, 24, 32
1, 500, 108.0, 0.0, 108.0, 0.0, '1CKUE6', 299, 383, 18, 78, 100, 5, 6, 20, 28, 21
1, 500, 33.0, 0.0, 33.0, 0.0, 'H64E9W', 296, 390, 18, 76, 103, 5, 2, 19, 26, 1
1, 500, 15.0, 0.0, 15.0, 0.0, 'Z1PW5K', 302, 398, 23, 77, 97, 14, 1, 8, 28, 1
1, 500, 11.0, 0.0, 11.0, 0.0, 'AEQSLU', 310, 374, 32, 61, 100, 12, 5, 13, 23, 2
1, 500, 135.0, 0.0, 135.0, 0.0, 'IIF498', 302, 410, 19, 39, 80, 5, 7, 5, 35, 8
1, 500, 33.0, 0.0, 33.0, 0.0, 'RCLTK2', 300, 399, 21, 74, 98, 10, 3, 12, 35, 15
1, 500, 56.0, 0.0, 56.0, 0.0, 'V5VLU9', 309, 380, 18, 69, 94, 5, 1, 25, 25, 20
1, 500, 38.0, 0.0, 38.0, 0.0, '2OM8DV', 294, 382, 27, 67, 82, 5, 1, 30, 35, 31
1, 500, 395.0, 0.0, 395.0, 0.0, '7VGT9F', 308, 419, 16, 80, 90, 6, 7, 17, 46, 15
1, 500, 29.0, 0.0, 29.0, 0.0, '9YIEXO', 287, 389, 26, 73, 105, 12, 5, 12, 33, 13
1, 500, 26.0, 0.0, 26.0, 0.0, 'NFYBT1', 306, 409, 24, 52, 91, 11, 4, 17, 27, 12
1, 500, 27.0, 0.0, 27.0, 0.0, 'NU9Z64', 304, 404, 23, 60, 95, 17, 1, 15, 26, 7
1, 500, 55.0, 0.0, 55.0, 0.0, 'RBX1QW', 308, 403, 18, 69, 107, 5, 1, 13, 47, 31
1, 500, 10.0, 0.0, 10.0, 0.0, 'QZ8JMK', 287, 405, 21, 71, 96, 6, 1, 1, 1, 6
1, 500, 31.0, 0.0, 31.0, 0.0, 'LN8B53', 307, 389, 21, 101, 111.10000000000001, 8, 3, 16, 45, 2
1, 500, 20.0, 0.0, 20.0, 0.0, '318UH2', 296, 402, 24, 74, 110, 11, 4, 13, 13, 1
1, 500, 13.0, 0.0, 13.0, 0.0, 'D01065', 314, 390, 29, 63, 85, 12, 7, 12, 24, 1
1, 500, 30.0, 0.0, 30.0, 0.0, 'T7MX96', 311, 402, 14, 70, 105, 5, 1, 22, 11, 5
1, 500, 12.0, 0.0, 12.0, 0.0, '2YPE67', 311, 412, 16, 61, 108, 23, 8, 20, 27, 16
1, 500, 97.0, 0.0, 97.0, 0.0, 'IV2S38', 299, 387, 24, 65, 100, 5, 5, 20, 28, 12
1, 500, 42.0, 0.0, 42.0, 0.0, '3MH53M', 291, 395, 20, 88, 96.80000000000001, 6, 1, 13, 38, 16
1, 500, 76.0, 0.0, 76.0, 0.0, 'N5QRF3', 306, 381, 10, 78, 112, 5, 1, 10, 29, 10
1, 500, 18.0, 0.0, 18.0, 0.0, 'LVTOFD', 297, 374, 19, 55, 94, 8, 1, 15, 22, 7
1, 500, 39.0, 0.0, 39.0, 0.0, 'S2WADZ', 316, 400, 16, 67, 98, 11, 1, 11, 24, 4
1, 500, 72.0, 0.0, 72.0, 0.0, 'G2X1NL', 298, 412, 22, 60, 95, 14, 1, 8, 26, 11
1, 500, 20.0, 0.0, 20.0, 0.0, '0VALOK', 311, 391, 23, 50, 88, 10, 1, 9, 12, 8
1, 500, 48.0, 0.0, 48.0, 0.0, '9TTXWQ', 294, 405, 18, 66, 100, 12, 4, 16, 27, 11
1, 500, 36.0, 0.0, 36.0, 0.0, '459GJK', 317, 381, 24, 78, 97, 7, 8, 22, 14, 17
1, 500, 38.0, 0.0, 38.0, 0.0, '6O2F9E', 302, 366, 22, 61, 73, 10, 1, 10, 31, 5
1, 500, 17.0, 0.0, 17.0, 0.0, '99RB22', 298, 423, 21, 69, 118, 5, 1, 11, 11, 1
1, 500, 13.0, 0.0, 13.0, 0.0, 'VW5K7U', 305, 403, 11, 63, 87, 7, 5, 11, 15, 1
1, 500, 72.0, 0.0, 72.0, 0.0, 'YA1FNJ', 287, 382, 13, 74, 94, 14, 1, 14, 17, 9
1, 500, 157.0, 0.0, 157.0, 0.0, '8HTLJT', 310, 397, 13, 60, 105, 15, 7, 15, 24, 19
1, 500, 85.0, 0.0, 85.0, 0.0, '02PLOB', 310, 402, 22, 77, 114, 15, 2, 18, 12, 14
1, 500, 161.0, 0.0, 161.0, 0.0, 'SQBGXI', 291, 389, 21, 79, 94, 15, 1, 11, 18, 27
1, 500, 32.0, 0.0, 32.0, 0.0, 'TWMIVD', 292, 404, 16, 66, 101, 7, 1, 15, 34, 13
1, 500, 22.0, 0.0, 22.0, 0.0, '6IOFQJ', 310, 382, 18, 78, 92, 11, 1, 13, 28, 2
1, 500, 21.0, 0.0, 21.0, 0.0, 'W8BSK7', 293, 383, 16, 70, 78, 16, 5, 23, 43, 19
1, 500, 9.0, 0.0, 9.0, 0.0, 'FZ91RE', 305, 385, 28, 71, 89, 10, 1, 18, 23, 3
1, 500, 56.0, 0.0, 56.0, 0.0, 'O1YERI', 309, 378, 20, 65, 100, 9, 1, 9, 39, 19
1, 500, 32.0, 0.0, 32.0, 0.0, 'B7GG07', 292, 399, 21, 73, 100, 5, 5, 13, 21, 7
1, 500, 177.0, 0.0, 177.0, 0.0, '9XLZYI', 277, 398, 20, 63, 108, 11, 6, 14, 32, 9
1, 500, 46.0, 0.0, 46.0, 0.0, 'T3RPTU', 295, 405, 15, 75, 95, 5, 4, 15, 26, 11
1, 500, 307.0, 0.0, 307.0, 0.0, '9M8IC0', 290, 410, 10, 80, 90, 5, 5, 14, 27, 12
1, 500, 185.0, 0.0, 185.0, 0.0, 'KJXPPH', 285, 415, 5, 85, 94.0, 5, 6, 13, 28, 13
1, 500, 124.0, 0.0, 124.0, 0.0, '7ZCLFY', 280, 420, 5, 90, 99.0, 5, 7, 12, 29, 14
1, 500, 500.0, 0.0, 500.0, 0.0, 'TWAGVB', 275, 425, 5, 95, 105.0, 5, 8, 11, 30, 15
1, 500, 16.0, 0.0, 16.0, 0.0, 'G5X7M7', 270, 430, 5, 100, 110.0, 5, 9, 10, 31, 16
1, 500, 100.0, 0.0, 100.0, 0.0, 'WGYJPJ', 265, 435, 5, 105, 116.0, 5, 10, 9, 32, 17
1, 500, 134.0, 0.0, 134.0, 0.0, 'FVDLAK', 260, 440, 5, 110, 121.0, 5, 11, 8, 33, 18
1, 500, 90.0, 0.0, 90.0, 0.0, '2MCW3L', 255, 445, 5, 115, 127.0, 5, 12, 7, 34, 19
1, 500, 500.0, 0.0, 500.0, 0.0, 'Q437RL', 250, 450, 5, 120, 132.0, 5, 13, 8, 35, 20
1, 500, 161.0, 0.0, 161.0, 0.0, 'B0EEJ0', 245, 455, 5, 125, 138.0, 5, 14, 7, 36, 21
1, 500, 92.0, 0.0, 92.0, 0.0, 'CA80RX', 240, 460, 5, 130, 143.0, 5, 15, 6, 37, 22
1, 500, 500.0, 0.0, 500.0, 0.0, 'EQZ6XG', 235, 465, 5, 135, 148.0, 5, 16, 7, 38, 23
1, 500, 29.0, 0.0, 29.0, 0.0, 'E8FMIB', 230, 470, 5, 140, 154.0, 5, 17, 6, 39, 24
1, 500, 88.0, 0.0, 88.0, 0.0, '61XFD9', 225, 475, 5, 145, 160.0, 5, 18, 7, 40, 25
1, 500, 53.0, 0.0, 53.0, 0.0, 'GNTV2E', 220, 480, 5, 150, 165.0, 5, 19, 8, 41, 26
1, 500, 32.0, 0.0, 32.0, 0.0, 'OWHILX', 215, 485, 5, 155, 170.0, 5, 20, 9, 42, 27
1, 500, 95.0, 0.0, 95.0, 0.0, 'U1K998', 210, 490, 5, 160, 176.0, 5, 21, 10, 43, 28
1, 500, 110.0, 0.0, 110.0, 0.0, 'OPNJ30', 215, 495, 5, 155, 170.0, 5, 22, 11, 44, 29
1, 500, 41.0, 0.0, 41.0, 0.0, 'JY90YD', 220, 500, 5, 150, 165.0, 5, 23, 12, 45, 30
1, 500, 27.0, 0.0, 27.0, 0.0, 'UN1NYC', 225, 505, 5, 145, 160.0, 5, 24, 13, 46, 31
1, 500, 17.0, 0.0, 17.0, 0.0, '6PQMP1', 230, 510, 5, 140, 154.0, 5, 25, 12, 47, 32
1, 500, 119.0, 0.0, 119.0, 0.0, 'DL3MOQ', 235, 515, 5, 135, 148.0, 5, 24, 11, 48, 33
1, 500, 112.0, 0.0, 112.0, 0.0, 'YTYSD4', 240, 520, 5, 130, 143.0, 5, 23, 10, 49, 34
1, 500, 36.0, 0.0, 36.0, 0.0, 'HKCK85', 245, 515, 5, 125, 138.0, 5, 22, 9, 50, 35
1, 500, 4.0, 0.0, 4.0, 0.0, 'H6SVSO', 250, 510, 5, 120, 132.0, 5, 21, 8, 51, 36
1, 500, 500.0, 0.0, 500.0, 0.0, 'SQTHTI', 255, 505, 5, 115, 127.0, 5, 20, 7, 52, 37
1, 500, 24.0, 0.0, 24.0, 0.0, 'F9B8MD', 260, 500, 5, 110, 121.0, 5, 19, 6, 53, 38
1, 500, 232.0, 0.0, 232.0, 0.0, '7APAMR', 265, 495, 5, 105, 116.0, 5, 18, 5, 54, 39
1, 500, 13.0, 0.0, 13.0, 0.0, 'EBZUZB', 270, 490, 5, 100, 110.0, 5, 17, 4, 55, 40
1, 500, 500.0, 0.0, 500.0, 0.0, '18DAP4', 275, 485, 5, 95, 105.0, 5, 16, 5, 56, 41
1, 500, 170.0, 0.0, 170.0, 0.0, '2YLZTJ', 280, 480, 5, 90, 99.0, 5, 15, 4, 57, 42
1, 500, 500.0, 0.0, 500.0, 0.0, 'HNZIP6', 285, 475, 5, 85, 94.0, 5, 14, 5, 58, 43
1, 500, 17.0, 0.0, 17.0, 0.0, 'T100VT', 290, 470, 5, 80, 88.0, 5, 13, 4, 59, 44
1, 500, 10.0, 0.0, 10.0, 0.0, 'CMUSOQ', 295, 465, 5, 75, 82.0, 5, 12, 5, 60, 45
1, 500, 130.0, 0.0, 130.0, 0.0, 'IWSX6R', 300, 460, 5, 80, 88.0, 5, 11, 6, 61, 46
1, 500, 500.0, 0.0, 500.0, 0.0, '72QS5V', 295, 455, 5, 85, 94.0, 5, 10, 7, 62, 47
1, 500, 58.0, 0.0, 58.0, 0.0, 'LAV7RA', 300, 450, 5, 90, 99.0, 5, 9, 8, 63, 48
1, 500, 55.0, 0.0, 55.0, 0.0, '65ZEPL', 295, 445, 5, 95, 105.0, 5, 8, 9, 64, 49
1, 500, 195.0, 0.0, 195.0, 0.0, 'RP1Y8H', 290, 440, 5, 90, 99.0, 5, 7, 10, 65, 50
1, 500, 122.0, 0.0, 122.0, 0.0, '4ZET6D', 285, 435, 5, 85, 94.0, 5, 6, 11, 66, 51
1, 500, 114.0, 0.0, 114.0, 0.0, 'WP4Q1Q', 280, 430, 5, 80, 88.0, 5, 5, 12, 67, 52
1, 500, 80.0, 0.0, 80.0, 0.0, 'QB12MB', 275, 425, 5, 75, 82.0, 5, 4, 13, 68, 53
1, 500, 115.0, 0.0, 115.0, 0.0, 'I4LJOR', 270, 420, 5, 80, 88.0, 5, 3, 14, 69, 54
1, 500, 119.0, 0.0, 119.0, 0.0, 'C176DN', 275, 415, 5, 85, 94.0, 5, 2, 15, 70, 55
1, 500, 71.0, 0.0, 71.0, 0.0, '61EGHO', 280, 410, 5, 90, 99.0, 5, 3, 16, 71, 56
1, 500, 56.0, 0.0, 56.0, 0.0, '0WIBGF', 285, 405, 5, 85, 94.0, 5, 4, 17, 72, 57
1, 500, 57.0, 0.0, 57.0, 0.0, 'CENNI9', 290, 400, 5, 80, 88.0, 5, 5, 18, 73, 58
1, 500, 500.0, 0.0, 500.0, 0.0, '4175B8', 295, 395, 5, 75, 82.0, 5, 6, 17, 72, 59
1, 500, 72.0, 0.0, 72.0, 0.0, '163SC1', 300, 390, 5, 70, 77.0, 5, 7, 18, 73, 60
1, 500, 500.0, 0.0, 500.0, 0.0, 'X6J7YO', 305, 385, 5, 65, 72.0, 5, 8, 17, 74, 61
1, 500, 500.0, 0.0, 500.0, 0.0, 'Q6JQHZ', 310, 380, 5, 60, 66.0, 5, 9, 18, 75, 62
1, 500, 72.0, 0.0, 72.0, 0.0, 'ZXMSPM', 315, 375, 5, 55, 61.0, 5, 10, 19, 76, 63
1, 500, 30.0, 0.0, 30.0, 0.0, 'N8UWX1', 320, 370, 5, 50, 55.0, 5, 11, 20, 77, 64
1, 500, 500.0, 0.0, 500.0, 0.0, '1CJ790', 325, 365, 5, 55, 61.0, 5, 10, 19, 78, 65
1, 500, 50.0, 0.0, 50.0, 0.0, 'YIE9PT', 330, 363.0, 5, 60, 66.0, 5, 11, 18, 79, 66
1, 500, 500.0, 0.0, 500.0, 0.0, 'E3ZQPV', 335, 369.0, 5, 65, 72.0, 5, 10, 17, 80, 67
1, 500, 94.0, 0.0, 94.0, 0.0, 'LGZC44', 340, 374.0, 5, 70, 77.0, 5, 11, 16, 81, 68
1, 500, 500.0, 0.0, 500.0, 0.0, 'REJS2D', 345, 380.0, 5, 75, 82.0, 5, 10, 15, 82, 69
1, 500, 115.0, 0.0, 115.0, 0.0, 'E6Y96H', 350, 385.0, 5, 80, 88.0, 5, 11, 14, 83, 70
1, 500, 69.0, 0.0, 69.0, 0.0, 'NGGA4A', 355, 391.0, 5, 85, 94.0, 5, 10, 13, 84, 71
1, 500, 96.0, 0.0, 96.0, 0.0, 'ZLE9JT', 350, 385.0, 5, 80, 88.0, 5, 9, 14, 83, 72
1, 500, 38.0, 0.0, 38.0, 0.0, 'LZDY8P', 345, 380.0, 5, 75, 82.0, 5, 8, 15, 82, 73
1, 500, 47.0, 0.0, 47.0, 0.0, 'LH4I5M', 340, 374.0, 5, 70, 77.0, 5, 7, 16, 81, 74
1, 500, 52.0, 0.0, 52.0, 0.0, '8UZ9KE', 335, 369.0, 5, 65, 72.0, 5, 6, 17, 80, 75
1, 500, 69.0, 0.0, 69.0, 0.0, 'I7XBR0', 330, 370, 5, 60, 66.0, 5, 5, 18, 79, 76
1, 500, 500.0, 0.0, 500.0, 0.0, 'ETDJ4P', 325, 375, 5, 55, 61.0, 5, 4, 19, 78, 77
1, 500, 500.0, 0.0, 500.0, 0.0, 'ZOJEK9', 320, 380, 5, 50, 55.0, 5, 3, 20, 77, 78
1, 500, 500.0, 0.0, 500.0, 0.0, 'VHIIG6', 315, 385, 5, 45, 50.0, 5, 2, 21, 76, 79
1, 500, 95.0, 0.0, 95.0, 0.0, '3DLJ5W', 310, 390, 5, 40, 44.0, 5, 1, 22, 75, 80
1, 500, 78.0, 0.0, 78.0, 0.0, 'LZQOUI', 305, 395, 5, 35, 38.0, 5, 1, 23, 74, 81
1, 500, 178.0, 0.0, 178.0, 0.0, 'CEI59Y', 300, 400, 5, 30, 33.0, 5, 1, 22, 73, 82
1, 500, 500.0, 0.0, 500.0, 0.0, 'JCG4HY', 295, 405, 5, 25, 28.0, 5, 1, 21, 72, 83
1, 500, 140.0, 0.0, 140.0, 0.0, 'ENZK5S', 290, 410, 5, 25, 28.0, 5, 1, 22, 71, 84
1, 500, 500.0, 0.0, 500.0, 0.0, 'V4NDTW', 285, 415, 5, 25, 28.0, 5, 1, 21, 70, 85
1, 500, 500.0, 0.0, 500.0, 0.0, 'XV4M0G', 280, 420, 5, 25, 28.0, 5, 1, 20, 69, 86
1, 500, 156.0, 0.0, 156.0, 0.0, 'JT4I4V', 275, 425, 5, 25, 28.0, 5, 1, 21, 68, 87
1, 500, 127.0, 0.0, 127.0, 0.0, 'S0OZJ1', 270, 430, 5, 25, 28.0, 5, 1, 20, 67, 88
1, 500, 500.0, 0.0, 500.0, 0.0, 'C2PRGH', 265, 435, 5, 25, 28.0, 5, 1, 19, 66, 89
1, 500, 186.0, 0.0, 186.0, 0.0, 'B6MFQD', 260, 440, 5, 25, 28.0, 5, 1, 18, 65, 90
1, 500, 427.0, 0.0, 427.0, 0.0, 'NZSKZ8', 255, 445, 5, 25, 28.0, 5, 1, 17, 64, 91
1, 500, 295.0, 0.0, 295.0, 0.0, 'GFWJ5G', 250, 450, 5, 25, 28.0, 5, 1, 16, 63, 92
1, 500, 340.0, 0.0, 340.0, 0.0, 'P2L2K2', 245, 455, 5, 25, 28.0, 5, 1, 15, 62, 93
1, 500, 500.0, 0.0, 500.0, 0.0, 'LPETYT', 240, 460, 5, 25, 28.0, 5, 1, 14, 61, 94
1, 500, 139.0, 0.0, 139.0, 0.0, 'V5E8SE', 235, 465, 5, 25, 28.0, 5, 1, 13, 60, 95
1, 500, 176.0, 0.0, 176.0, 0.0, 'D9CHC8', 230, 470, 5, 25, 28.0, 5, 1, 12, 59, 96
1, 500, 200.0, 0.0, 200.0, 0.0, '420VJM', 225, 465, 5, 25, 28.0, 5, 1, 13, 58, 97
1, 500, 201.0, 0.0, 201.0, 0.0, 'XLMYL4', 220, 460, 5, 25, 28.0, 5, 1, 14, 57, 98
1, 500, 134.0, 0.0, 134.0, 0.0, '6L4023', 215, 455, 5, 25, 28.0, 5, 1, 15, 56, 99
1, 500, 386.0, 0.0, 386.0, 0.0, 'AMGIA4', 220, 450, 5, 25, 28.0, 5, 1, 16, 55, 100
1, 500, 500.0, 0.0, 500.0, 0.0, 'OPNOAZ', 225, 445, 5, 25, 28.0, 5, 1, 17, 54, 101
1, 500, 129.0, 0.0, 129.0, 0.0, 'B711B3', 220, 440, 5, 25, 28.0, 5, 1, 18, 53, 102
1, 500, 500.0, 0.0, 500.0, 0.0, '2FO4N6', 225, 435, 5, 25, 28.0, 5, 1, 19, 52, 103
1, 500, 242.0, 0.0, 242.0, 0.0, 'GHV8GS', 220, 430, 5, 25, 28.0, 5, 1, 20, 51, 104
1, 500, 145.0, 0.0, 145.0, 0.0, 'HJYAZS', 225, 425, 5, 25, 28.0, 5, 1, 21, 50, 105
1, 500, 230.0, 0.0, 230.0, 0.0, 'ZH884A', 230, 430, 5, 25, 28.0, 5, 1, 20, 49, 106
1, 500, 132.0, 0.0, 132.0, 0.0, 'H68SEC', 235, 435, 5, 25, 28.0, 5, 1, 19, 48, 107
1, 500, 119.0, 0.0, 119.0, 0.0, 'GI7T5K', 240, 440, 5, 25, 28.0, 5, 1, 18, 49, 108
1, 500, 135.0, 0.0, 135.0, 0.0, 'H0PSJ6', 245, 445, 5, 25, 28.0, 5, 1, 17, 50, 109
1, 500, 227.0, 0.0, 227.0, 0.0, 'JO8L2P', 250, 450, 5, 30, 33.0, 5, 1, 16, 51, 110
1, 500, 138.0, 0.0, 138.0, 0.0, 'U664PU', 255, 455, 5, 35, 38.0, 5, 2, 15, 52, 111
1, 500, 500.0, 0.0, 500.0, 0.0, '34U8KV', 260, 450, 5, 40, 44.0, 5, 3, 14, 53, 112
1, 500, 90.0, 0.0, 90.0, 0.0, 'F42VZU', 265, 455, 5, 45, 50.0, 5, 4, 13, 54, 113
1, 500, 59.0, 0.0, 59.0, 0.0, 'MSN6BC', 270, 450, 5, 50, 55.0, 5, 5, 12, 55, 114
1, 500, 80.0, 0.0, 80.0, 0.0, '83L90C', 275, 445, 5, 55, 61.0, 5, 6, 13, 56, 115
1, 500, 500.0, 0.0, 500.0, 0.0, 'K04KWM', 280, 440, 5, 60, 66.0, 5, 7, 14, 57, 116
1, 500, 52.0, 0.0, 52.0, 0.0, '8USRQ2', 285, 435, 5, 65, 72.0, 5, 8, 15, 58, 117
1, 500, 45.0, 0.0, 45.0, 0.0, 'NPH3O3', 290, 430, 5, 70, 77.0, 5, 9, 16, 59, 118
1, 500, 178.0, 0.0, 178.0, 0.0, 'ZS41WK', 295, 425, 5, 75, 82.0, 5, 10, 17, 60, 119
1, 500, 52.0, 0.0, 52.0, 0.0, 'UM8Z1D', 300, 420, 5, 80, 88.0, 5, 11, 18, 61, 120
1, 500, 48.0, 0.0, 48.0, 0.0, 'LW4GCA', 295, 415, 5, 85, 94.0, 5, 12, 19, 62, 121
1, 500, 83.0, 0.0, 83.0, 0.0, 'TZ48W8', 290, 420, 5, 80, 88.0, 5, 13, 18, 63, 122
1, 500, 54.0, 0.0, 54.0, 0.0, 'IKIQAH', 285, 425, 5, 75, 82.0, 5, 14, 17, 64, 123
1, 500, 66.0, 0.0, 66.0, 0.0, 'MWJ7TD', 280, 430, 5, 70, 77.0, 5, 13, 16, 65, 124
1, 500, 86.0, 0.0, 86.0, 0.0, 'BQ07VZ', 275, 435, 5, 65, 72.0, 5, 12, 15, 66, 125
1, 500, 163.0, 0.0, 163.0, 0.0, 'K9N531', 270, 440, 5, 60, 66.0, 5, 11, 14, 67, 126
1, 500, 500.0, 0.0, 500.0, 0.0, 'RHD65O', 265, 445, 5, 55, 61.0, 5, 10, 13, 68, 127
1, 500, 74.0, 0.0, 74.0, 0.0, '3150LD', 260, 450, 5, 50, 55.0, 5, 9, 12, 69, 128
1, 500, 213.0, 0.0, 213.0, 0.0, 'CE7SFO', 255, 455, 5, 45, 50.0, 5, 8, 11, 70, 129
1, 500, 244.0, 0.0, 244.0, 0.0, '2P4LA4', 250, 460, 5, 40, 44.0, 5, 7, 10, 71, 130
1, 500, 500.0, 0.0, 500.0, 0.0, '9NBRLF', 245, 465, 5, 35, 38.0, 5, 6, 9, 72, 131
1, 500, 130.0, 0.0, 130.0, 0.0, '6OBXYM', 240, 470, 5, 30, 33.0, 5, 5, 8, 73, 132
1, 500, 113.0, 0.0, 113.0, 0.0, '87YFW6', 235, 475, 5, 25, 28.0, 5, 4, 7, 74, 133
1, 500, 140.0, 0.0, 140.0, 0.0, 'X3QTXX', 230, 480, 5, 30, 33.0, 5, 3, 8, 75, 134
1, 500, 216.0, 0.0, 216.0, 0.0, 'DBO0FD', 225, 485, 5, 35, 38.0, 5, 2, 9, 76, 135
1, 500, 500.0, 0.0, 500.0, 0.0, 'U7MZXG', 220, 490, 5, 40, 44.0, 5, 1, 10, 77, 136
1, 500, 500.0, 0.0, 500.0, 0.0, 'J2R7DB', 215, 495, 5, 45, 50.0, 5, 1, 11, 78, 137
1, 500, 133.0, 0.0, 133.0, 0.0, 'U6J7R4', 210, 500, 5, 50, 55.0, 5, 1, 12, 79, 138
1, 500, 134.0, 0.0, 134.0, 0.0, 'VLLY5M', 205, 505, 5, 55, 61.0, 5, 1, 13, 80, 139
1, 500, 349.0, 0.0, 349.0, 0.0, 'K1VPJ4', 200, 510, 5, 60, 66.0, 5, 1, 14, 81, 140
1, 500, 500.0, 0.0, 500.0, 0.0, '2EQ972', 195, 515, 5, 65, 72.0, 5, 1, 15, 82, 141
1, 500, 500.0, 0.0, 500.0, 0.0, '7OZQPP', 190, 520, 5, 70, 77.0, 5, 1, 16, 83, 142
1, 500, 95.0, 0.0, 95.0, 0.0, '4SPWBC', 185, 525, 5, 75, 82.0, 5, 1, 17, 84, 143
1, 500, 500.0, 0.0, 500.0, 0.0, 'LDLXUU', 180, 530, 5, 80, 88.0, 5, 1, 18, 85, 144
1, 500, 450.0, 0.0, 450.0, 0.0, 'TQIG5F', 175, 535, 5, 85, 94.0, 5, 1, 19, 86, 145
1, 500, 500.0, 0.0, 500.0, 0.0, 'C8XROH', 170, 540, 5, 90, 99.0, 5, 1, 20, 87, 146
1, 500, 500.0, 0.0, 500.0, 0.0, '9PA1XI', 165, 545, 5, 95, 105.0, 5, 1, 21, 88, 147
1, 500, 87.0, 0.0, 87.0, 0.0, '33OSZN', 160, 550, 5, 100, 110.0, 5, 1, 22, 89, 148
1, 500, 323.0, 0.0, 323.0, 0.0, '2K9HX0', 155, 555, 5, 105, 116.0, 5, 1, 23, 90, 149
1, 500, 141.0, 0.0, 141.0, 0.0, 'LSTI8A', 150, 560, 5, 110, 121.0, 5, 1, 24, 91, 150
1, 500, 168.0, 0.0, 168.0, 0.0, 'J8P3Q0', 145, 565, 5, 115, 127.0, 5, 1, 25, 92, 151
1, 500, 107.0, 0.0, 107.0, 0.0, '78YB1W', 140, 570, 5, 120, 132.0, 5, 1, 26, 93, 152
1, 500, 115.0, 0.0, 115.0, 0.0, 'MPVD88', 135, 575, 5, 115, 127.0, 5, 1, 25, 94, 153
1, 500, 106.0, 0.0, 106.0, 0.0, '4DQRT3', 130, 580, 5, 110, 121.0, 5, 1, 24, 95, 154
1, 500, 500.0, 0.0, 500.0, 0.0, '7R9C8A', 125, 585, 5, 105, 116.0, 5, 1, 23, 96, 155
1, 500, 91.0, 0.0, 91.0, 0.0, 'RTL12A', 120, 590, 5, 100, 110.0, 5, 1, 22, 97, 156
1, 500, 500.0, 0.0, 500.0, 0.0, '3V2K9M', 115, 595, 5, 95, 105.0, 5, 1, 21, 98, 157
1, 500, 11.0, 0.0, 11.0, 0.0, '4VG6WV', 110, 600, 5, 90, 99.0, 5, 1, 20, 99, 158
1, 500, 290.0, 0.0, 290.0, 0.0, 'MJDFSP', 105, 605, 5, 85, 94.0, 5, 1, 19, 100, 159
1, 500, 141.0, 0.0, 141.0, 0.0, 'WBSM62', 100, 610, 5, 80, 88.0, 5, 1, 18, 101, 160
1, 500, 192.0, 0.0, 192.0, 0.0, '4THIO4', 100, 615, 5, 85, 94.0, 5, 1, 17, 102, 161
1, 500, 170.0, 0.0, 170.0, 0.0, '4JLUVT', 100, 620, 5, 90, 99.0, 5, 1, 16, 103, 162
1, 500, 124.0, 0.0, 124.0, 0.0, 'STHJ8D', 105, 625, 5, 95, 105.0, 5, 1, 15, 104, 163
1, 500, 233.0, 0.0, 233.0, 0.0, 'X1NGAI', 110, 630, 5, 100, 110.0, 5, 1, 14, 105, 164
1, 500, 121.0, 0.0, 121.0, 0.0, 'CW36I2', 115, 635, 5, 105, 116.0, 5, 1, 13, 106, 165
1, 500, 500.0, 0.0, 500.0, 0.0, '833QLP', 120, 630, 5, 110, 121.0, 5, 1, 12, 107, 166
1, 500, 76.0, 0.0, 76.0, 0.0, 'ARINQA', 125, 635, 5, 115, 127.0, 5, 1, 11, 108, 167
1, 500, 174.0, 0.0, 174.0, 0.0, 'O7246M', 130, 630, 5, 120, 132.0, 5, 1, 10, 109, 168
1, 500, 101.0, 0.0, 101.0, 0.0, 'S5O1W6', 135, 625, 5, 125, 138.0, 5, 1, 9, 110, 169
1, 500, 109.0, 0.0, 109.0, 0.0, '838NX7', 130, 620, 5, 130, 143.0, 5, 1, 8, 111, 170
1, 500, 100.0, 0.0, 100.0, 0.0, 'CY6KA7', 125, 615, 5, 135, 148.0, 5, 1, 9, 112, 171
1, 500, 500.0, 0.0, 500.0, 0.0, '8QJHSB', 120, 610, 5, 130, 143.0, 5, 1, 10, 113, 172
1, 500, 312.0, 0.0, 312.0, 0.0, 'L0LDHS', 115, 605, 5, 135, 148.0, 5, 1, 9, 114, 173
1, 500, 500.0, 0.0, 500.0, 0.0, 'FVA6E4', 110, 600, 5, 140, 154.0, 5, 1, 8, 115, 174
1, 500, 81.0, 0.0, 81.0, 0.0, 'RX24V8', 105, 595, 5, 145, 160.0, 5, 1, 7, 116, 175
1, 500, 82.0, 0.0, 82.0, 0.0, 'DGZC30', 100, 590, 5, 150, 165.0, 5, 1, 6, 117, 176
1, 500, 95.0, 0.0, 95.0, 0.0, 'CH86JD', 100, 585, 5, 155, 170.0, 5, 1, 5, 118, 177
1, 500, 173.0, 0.0, 173.0, 0.0, 'R62PFP', 100, 580, 5, 150, 165.0, 5, 1, 6, 119, 178
1, 500, 500.0, 0.0, 500.0, 0.0, '7NLK4P', 105, 585, 5, 145, 160.0, 5, 1, 7, 120, 179
1, 500, 111.0, 0.0, 111.0, 0.0, 'LIXHOM', 100, 580, 5, 150, 165.0, 5, 1, 6, 121, 180
1, 500, 319.0, 0.0, 319.0, 0.0, 'YLU3FE', 105, 575, 5, 155, 170.0, 5, 1, 7, 122, 181
1, 500, 500.0, 0.0, 500.0, 0.0, 'GLQZ7A', 100, 570, 5, 160, 176.0, 5, 1, 6, 123, 182
1, 500, 500.0, 0.0, 500.0, 0.0, 'FNZCEA', 100, 565, 5, 165, 182.0, 5, 1, 5, 124, 183
1, 500, 233.0, 0.0, 233.0, 0.0, 'A9M20D', 100, 560, 5, 170, 187.0, 5, 1, 4, 125, 184
1, 500, 500.0, 0.0, 500.0, 0.0, 'P7JYYU', 100, 555, 5, 175, 193.0, 5, 1, 3, 126, 185
1, 500, 136.0, 0.0, 136.0, 0.0, '225U14', 100, 550, 5, 180, 198.0, 5, 1, 2, 127, 186
1, 500, 2.0, 0.0, 2.0, 0.0, 'WYDZRL', 100, 545, 5, 185, 204.0, 5, 1, 1, 128, 187
1, 500, 500.0, 0.0, 500.0, 0.0, 'D9I1CS', 100, 540, 5, 190, 209.0, 5, 1, 1, 129, 188
1, 500, 7.0, 0.0, 7.0, 0.0, '2OEL0P', 100, 535, 5, 195, 215.0, 5, 1, 1, 130, 189
1, 500, 500.0, 0.0, 500.0, 0.0, 'I9DZZ1', 100, 530, 5, 200, 220.0, 5, 1, 1, 131, 190
1, 500, 113.0, 0.0, 113.0, 0.0, 'HLK62L', 100, 525, 5, 205, 226.0, 5, 1, 1, 132, 191
1, 500, 91.0, 0.0, 91.0, 0.0, 'HCD4PC', 100, 520, 5, 210, 231.0, 5, 1, 1, 133, 192
1, 500, 500.0, 0.0, 500.0, 0.0, '5PGCTJ', 100, 515, 5, 215, 237.0, 5, 1, 1, 134, 193
1, 500, 23.0, 0.0, 23.0, 0.0, 'M1459L', 100, 510, 5, 220, 242.0, 5, 1, 1, 135, 194
1, 500, 84.0, 0.0, 84.0, 0.0, '9EX9NQ', 100, 505, 5, 225, 248.0, 5, 1, 1, 136, 195
1, 500, 112.0, 0.0, 112.0, 0.0, '92LB16', 100, 500, 5, 230, 253.0, 5, 1, 1, 137, 196
1, 500, 80.0, 0.0, 80.0, 0.0, '05CS4K', 100, 495, 5, 235, 258.0, 5, 1, 1, 138, 197
1, 500, 19.0, 0.0, 19.0, 0.0, 'OWXXJ1', 100, 490, 5, 230, 253.0, 5, 1, 1, 139, 198
1, 500, 22.0, 0.0, 22.0, 0.0, '0LID4X', 100, 495, 5, 225, 248.0, 5, 1, 1, 140, 199
1, 500, 106.0, 0.0, 106.0, 0.0, 'OHST7S', 100, 500, 5, 220, 242.0, 5, 1, 1, 141, 200
1, 500, 500.0, 0.0, 500.0, 0.0, '7EC7D9', 100, 505, 5, 215, 237.0, 5, 1, 1, 142, 201
1, 500, 98.0, 0.0, 98.0, 0.0, 'APAFPV', 100, 510, 5, 210, 231.0, 5, 1, 1, 143, 202
1, 500, 500.0, 0.0, 500.0, 0.0, 'F2Z9GV', 100, 515, 5, 205, 226.0, 5, 1, 1, 144, 203
1, 500, 500.0, 0.0, 500.0, 0.0, 'L10UP0', 100, 510, 5, 200, 220.0, 5, 1, 1, 145, 204
1, 500, 69.0, 0.0, 69.0, 0.0, 'S5RZ3M', 100, 505, 5, 195, 215.0, 5, 1, 1, 146, 205
1, 500, 500.0, 0.0, 500.0, 0.0, '83H74J', 100, 500, 5, 190, 209.0, 5, 1, 1, 147, 206
1, 500, 95.0, 0.0, 95.0, 0.0, 'LHRWI2', 100, 495, 5, 185, 204.0, 5, 1, 1, 148, 207
1, 500, 73.0, 0.0, 73.0, 0.0, 'SHBTL7', 100, 490, 5, 180, 198.0, 5, 1, 1, 149, 208
1, 500, 500.0, 0.0, 500.0, 0.0, 'OXBMJC', 100, 495, 5, 175, 193.0, 5, 1, 1, 150, 209
1, 500, 21.0, 0.0, 21.0, 0.0, 'Z78FKI', 100, 490, 5, 170, 187.0, 5, 1, 1, 151, 210
1, 500, 209.0, 0.0, 209.0, 0.0, 'J4TVHU', 100, 495, 5, 165, 182.0, 5, 1, 1, 152, 211
1, 500, 81.0, 0.0, 81.0, 0.0, 'JJGRJH', 100, 500, 5, 160, 176.0, 5, 1, 1, 153, 212
1, 500, 283.0, 0.0, 283.0, 0.0, 'FPAKV5', 100, 505, 5, 165, 182.0, 5, 1, 1, 154, 213
1, 500, 99.0, 0.0, 99.0, 0.0, '87UOFZ', 100, 510, 5, 170, 187.0, 5, 1, 1, 155, 214
1, 500, 500.0, 0.0, 500.0, 0.0, '82Z5DG', 100, 515, 5, 175, 193.0, 5, 1, 1, 156, 215
1, 500, 500.0, 0.0, 500.0, 0.0, 'UKWATS', 100, 520, 5, 180, 198.0, 5, 1, 1, 157, 216
1, 500, 500.0, 0.0, 500.0, 0.0, 'VN603Z', 100, 525, 5, 175, 193.0, 5, 1, 1, 158, 217
1, 500, 20.0, 0.0, 20.0, 0.0, '76EH6O', 100, 530, 5, 170, 187.0, 5, 1, 1, 159, 218
1, 500, 500.0, 0.0, 500.0, 0.0, 'Y3KT73', 100, 535, 5, 165, 182.0, 5, 1, 1, 160, 219
1, 500, 1.0, 0.0, 1.0, 0.0, 'P1W3FD', 100, 540, 5, 160, 176.0, 5, 1, 1, 161, 220
1, 500, 173.0, 0.0, 173.0, 0.0, '3DW9YZ', 100, 545, 5, 165, 182.0, 5, 1, 1, 162, 221
1, 500, 13.0, 0.0, 13.0, 0.0, '0O7PBH', 100, 550, 5, 170, 187.0, 5, 1, 1, 163, 222
1, 500, 96.0, 0.0, 96.0, 0.0, 'KSC5I8', 100, 555, 5, 175, 193.0, 5, 1, 1, 164, 223
1, 500, 87.0, 0.0, 87.0, 0.0, '7GLSA6', 100, 560, 5, 180, 198.0, 5, 1, 1, 165, 224
1, 500, 103.0, 0.0, 103.0, 0.0, 'P7N0GZ', 100, 565, 5, 185, 204.0, 5, 1, 1, 166, 225
1, 500, 3.0, 0.0, 3.0, 0.0, 'LBQ4PQ', 100, 560, 5, 190, 209.0, 5, 1, 1, 167, 226
1, 500, 16.0, 0.0, 16.0, 0.0, 'ZWIXZ3', 100, 555, 5, 195, 215.0, 5, 1, 1, 168, 227
1, 500, 87.0, 0.0, 87.0, 0.0, 'KTQVZO', 100, 550, 5, 200, 220.0, 5, 1, 1, 169, 228
1, 500, 89.0, 0.0, 89.0, 0.0, '6U46B4', 100, 545, 5, 205, 226.0, 5, 1, 1, 170, 229
1, 500, 77.0, 0.0, 77.0, 0.0, '1BVZZ4', 100, 540, 5, 210, 231.0, 5, 1, 1, 171, 230
1, 500, 500.0, 0.0, 500.0, 0.0, '1LIPGB', 100, 535, 5, 215, 237.0, 5, 1, 1, 172, 231
1, 500, 83.0, 0.0, 83.0, 0.0, '06CV29', 100, 530, 5, 220, 242.0, 5, 1, 1, 173, 232
1, 500, 500.0, 0.0, 500.0, 0.0, 'UGBOT2', 100, 525, 5, 225, 248.0, 5, 1, 1, 174, 233
1, 500, 77.0, 0.0, 77.0, 0.0, '5B4CJ1', 100, 520, 5, 230, 253.0, 5, 1, 1, 175, 234
1, 500, 500.0, 0.0, 500.0, 0.0, 'PGGQ0U', 100, 515, 5, 235, 258.0, 5, 1, 1, 176, 235
1, 500, 500.0, 0.0, 500.0, 0.0, 'WGY1AJ', 100, 510, 5, 240, 264.0, 5, 1, 1, 177, 236
1, 500, 93.0, 0.0, 93.0, 0.0, 'SGKBOW', 100, 505, 5, 245, 270.0, 5, 1, 1, 178, 237
1, 500, 14.0, 0.0, 14.0, 0.0, '4BX70Q', 100, 500, 5, 250, 275.0, 5, 1, 1, 179, 238
1, 500, 94.0, 0.0, 94.0, 0.0, '0VC59B', 100, 495, 5, 255, 280.0, 5, 1, 1, 180, 239
1, 500, 192.0, 0.0, 192.0, 0.0, 'CJYGZY', 100, 490, 5, 260, 286.0, 5, 1, 1, 181, 240
1, 500, 17.0, 0.0, 17.0, 0.0, '3IX1AN', 100, 485, 5, 265, 292.0, 5, 1, 1, 182, 241
1, 500, 113.0, 0.0, 113.0, 0.0, 'HJOX2H', 100, 480, 5, 270, 297.0, 5, 1, 1, 183, 242
1, 500, 110.0, 0.0, 110.0, 0.0, 'KJ4HBW', 100, 475, 5, 275, 302.0, 5, 1, 1, 184, 243
1, 500, 95.0, 0.0, 95.0, 0.0, 'MU8IGT', 100, 470, 5, 280, 308.0, 5, 1, 1, 185, 244
1, 500, 13.0, 0.0, 13.0, 0.0, 'SBAE2E', 100, 475, 5, 285, 314.0, 5, 1, 1, 186, 245
1, 500, 26.0, 0.0, 26.0, 0.0, 'GWS6ZM', 100, 480, 5, 290, 319.0, 5, 1, 1, 187, 246
1, 500, 1.0, 0.0, 1.0, 0.0, 'LZWSGJ', 100, 485, 5, 295, 324.0, 5, 1, 1, 188, 247
1, 500, 110.0, 0.0, 110.0, 0.0, 'MSOIA7', 100, 490, 5, 290, 319.0, 5, 1, 1, 189, 248
1, 500, 12.0, 0.0, 12.0, 0.0, 'UZFN56', 100, 495, 5, 285, 314.0, 5, 1, 1, 190, 249
1, 500, 73.0, 0.0, 73.0, 0.0, 'SHZWT1', 100, 500, 5, 280, 308.0, 5, 1, 1, 191, 250
1, 500, 500.0, 0.0, 500.0, 0.0, '39N1L3', 100, 505, 5, 275, 302.0, 5, 1, 1, 192, 251
1, 500, 500.0, 0.0, 500.0, 0.0, 'EXJDP2', 100, 510, 5, 280, 308.0, 5, 1, 1, 193, 252
1, 500, 80.0, 0.0, 80.0, 0.0, 'GCB1DG', 100, 515, 5, 285, 314.0, 5, 1, 1, 194, 253
1, 500, 254.0, 0.0, 254.0, 0.0, '6DLW5X', 100, 520, 5, 290, 319.0, 5, 1, 1, 195, 254
1, 500, 81.0, 0.0, 81.0, 0.0, 'J4BJWF', 100, 525, 5, 295, 324.0, 5, 1, 1, 196, 255
1, 500, 129.0, 0.0, 129.0, 0.0, 'U7IN0C', 100, 530, 5, 300, 330.0, 5, 1, 1, 197, 256
1, 500, 113.0, 0.0, 113.0, 0.0, 'OVWC4U', 100, 535, 5, 305, 336.0, 5, 1, 1, 198, 257
1, 500, 500.0, 0.0, 500.0, 0.0, 'QH5EU7', 100, 540, 5, 310, 341.0, 5, 1, 1, 199, 258
1, 500, 2.0, 0.0, 2.0, 0.0, 'FOMHWP', 100, 545, 5, 315, 346.0, 5, 1, 1, 200, 259
1, 500, 500.0, 0.0, 500.0, 0.0, 'CMD9YF', 100, 550, 5, 320, 352.0, 5, 1, 1, 201, 260
1, 500, 500.0, 0.0, 500.0, 0.0, 'WZ7CJR', 100, 555, 5, 325, 358.0, 5, 1, 1, 202, 261
1, 500, 21.0, 0.0, 21.0, 0.0, 'RO97ER', 100, 560, 5, 330, 363.0, 5, 1, 1, 203, 262
1, 500, 114.0, 0.0, 114.0, 0.0, 'JCJQY8', 100, 565, 5, 335, 369.0, 5, 1, 1, 204, 263
1, 500, 500.0, 0.0, 500.0, 0.0, 'AH51QC', 100, 570, 5, 340, 374.0, 5, 1, 1, 205, 264
1, 500, 500.0, 0.0, 500.0, 0.0, 'TAHICA', 100, 575, 5, 345, 380.0, 5, 1, 1, 206, 265
1, 500, 500.0, 0.0, 500.0, 0.0, 'JXZWVZ', 100, 580, 5, 350, 385.0, 5, 1, 1, 207, 266
1, 500, 500.0, 0.0, 500.0, 0.0, '7FV8K8', 100, 585, 5, 355, 391.0, 5, 1, 1, 208, 267
1, 500, 500.0, 0.0, 500.0, 0.0, 'F2A4DN', 100, 590, 5, 360, 396.0, 5, 1, 1, 209, 268
1, 500, 103.0, 0.0, 103.0, 0.0, 'HD8WK7', 100, 595, 5, 365, 402.0, 5, 1, 1, 210, 269
1, 500, 295.0, 0.0, 295.0, 0.0, '2043RV', 100, 600, 5, 370, 407.0, 5, 1, 1, 211, 270
1, 500, 500.0, 0.0, 500.0, 0.0, 'AYBSB3', 100, 605, 5, 375, 413.0, 5, 1, 1, 212, 271
1, 500, 126.0, 0.0, 126.0, 0.0, 'A8MMMF', 100, 610, 5, 380, 418.0, 5, 1, 1, 213, 272
1, 500, 500.0, 0.0, 500.0, 0.0, 'QFDUZK', 100, 615, 5, 385, 424.0, 5, 1, 1, 214, 273
1, 500, 500.0, 0.0, 500.0, 0.0, 'WRNNF6', 100, 620, 5, 390, 429.0, 5, 1, 1, 215, 274
1, 500, 236.0, 0.0, 236.0, 0.0, 'LM88B9', 100, 625, 5, 395, 435.0, 5, 1, 1, 216, 275
1, 500, 149.0, 0.0, 149.0, 0.0, 'WKZLSD', 100, 630, 5, 400, 440.0, 5, 1, 1, 217, 276
1, 500, 130.0, 0.0, 130.0, 0.0, '6YSCH5', 100, 635, 5, 405, 446.0, 5, 1, 1, 218, 277
1, 500, 500.0, 0.0, 500.0, 0.0, 'M41UXV', 100, 640, 5, 410, 451.0, 5, 1, 1, 219, 278
1, 500, 138.0, 0.0, 138.0, 0.0, '7YGQGH', 100, 645, 5, 415, 457.0, 5, 1, 1, 220, 279
1, 500, 500.0, 0.0, 500.0, 0.0, 'W02NEI', 100, 650, 5, 420, 462.0, 5, 1, 1, 221, 280
1, 500, 500.0, 0.0, 500.0, 0.0, 'KDGO8T', 100, 655, 5, 425, 468.0, 5, 1, 1, 222, 281
1, 500, 108.0, 0.0, 108.0, 0.0, 'TAAED6', 100, 660, 5, 430, 473.0, 5, 1, 1, 223, 282
1, 500, 1.0, 0.0, 1.0, 0.0, 'FT4BCM', 100, 665, 5, 435, 479.0, 5, 1, 1, 224, 283
1, 500, 25.0, 0.0, 25.0, 0.0, 'J0NBG5', 100, 670, 5, 440, 484.0, 5, 1, 1, 225, 284
1, 500, 14.0, 0.0, 14.0, 0.0, 'BYJEEG', 100, 675, 5, 445, 490.0, 5, 1, 1, 226, 285
1, 500, 500.0, 0.0, 500.0, 0.0, '8HSHHC', 100, 680, 5, 450, 495.0, 5, 1, 2, 227, 286
1, 500, 500.0, 0.0, 500.0, 0.0, '7O9OPZ', 100, 685, 5, 455, 501.0, 5, 1, 3, 228, 287
1, 500, 205.0, 0.0, 205.0, 0.0, 'NQVLZA', 100, 690, 5, 460, 506.0, 5, 1, 4, 229, 288
1, 500, 327.0, 0.0, 327.0, 0.0, 'QTI16C', 100, 695, 5, 465, 512.0, 5, 1, 5, 230, 289
1, 500, 500.0, 0.0, 500.0, 0.0, 'Y0K951', 100, 700, 5, 470, 517.0, 5, 1, 6, 231, 290
1, 500, 500.0, 0.0, 500.0, 0.0, 'DIWDGZ', 100, 705, 5, 475, 522.0, 5, 1, 7, 232, 291
1, 500, 500.0, 0.0, 500.0, 0.0, '1203TH', 100, 710, 5, 480, 528.0, 5, 1, 8, 233, 292
1, 500, 500.0, 0.0, 500.0, 0.0, 'PZKCIS', 100, 715, 5, 485, 534.0, 5, 1, 9, 234, 293
1, 500, 500.0, 0.0, 500.0, 0.0, '6NGWID', 100, 720, 5, 490, 539.0, 5, 1, 10, 235, 294
1, 500, 289.0, 0.0, 289.0, 0.0, 'I7ZEP4', 100, 725, 5, 495, 544.0, 5, 1, 11, 236, 295
1, 500, 500.0, 0.0, 500.0, 0.0, 'MSGJR4', 100, 730, 5, 500, 550.0, 5, 1, 12, 237, 296
1, 500, 500.0, 0.0, 500.0, 0.0, 'BKM6KL', 100, 735, 5, 505, 556.0, 5, 1, 13, 238, 297
1, 500, 500.0, 0.0, 500.0, 0.0, 'XDF2MA', 100, 740, 5, 510, 561.0, 5, 1, 14, 239, 298
1, 500, 180.0, 0.0, 180.0, 0.0, 'Y9CRU1', 100, 745, 5, 515, 566.0, 5, 1, 15, 240, 299
1, 500, 500.0, 0.0, 500.0, 0.0, 'GLJ8RL', 100, 750, 5, 520, 572.0, 5, 1, 16, 241, 300
1, 500, 122.0, 0.0, 122.0, 0.0, '6L2OIP', 100, 755, 5, 525, 578.0, 5, 1, 17, 242, 301
1, 500, 500.0, 0.0, 500.0, 0.0, 'D24N7G', 100, 760, 5, 530, 583.0, 5, 1, 18, 243, 302
1, 500, 500.0, 0.0, 500.0, 0.0, 'A2T9W5', 100, 765, 5, 535, 588.0, 5, 1, 19, 244, 303
1, 500, 500.0, 0.0, 500.0, 0.0, 'CCH7ZW', 100, 770, 5, 540, 594.0, 5, 1, 20, 245, 304
1, 500, 500.0, 0.0, 500.0, 0.0, '5C4LAJ', 100, 775, 5, 545, 600.0, 5, 1, 21, 246, 305
1, 500, 500.0, 0.0, 500.0, 0.0, 'UQLODJ', 100, 780, 5, 550, 605.0, 5, 1, 22, 247, 306
1, 500, 500.0, 0.0, 500.0, 0.0, 'PJETN1', 100, 785, 5, 555, 610.0, 5, 1, 23, 248, 307
1, 500, 261.0, 0.0, 261.0, 0.0, 'XSTI6V', 100, 790, 5, 560, 616.0, 5, 1, 24, 249, 308
1, 500, 500.0, 0.0, 500.0, 0.0, 'QPM9KF', 100, 795, 5, 565, 622.0, 5, 1, 25, 250, 309
1, 500, 500.0, 0.0, 500.0, 0.0, 'FKAWC0', 100, 800, 5, 570, 627.0, 5, 1, 26, 251, 310
1, 500, 500.0, 0.0, 500.0, 0.0, '8FQKUL', 105, 805, 5, 575, 632.0, 5, 1, 27, 252, 311
1, 500, 283.0, 0.0, 283.0, 0.0, 'L7GOR5', 110, 810, 5, 580, 638.0, 5, 1, 28, 253, 312
1, 500, 500.0, 0.0, 500.0, 0.0, 'TC8MWU', 115, 815, 5, 585, 644.0, 5, 1, 29, 254, 313
1, 500, 500.0, 0.0, 500.0, 0.0, 'TFO5VR', 120, 820, 5, 590, 649.0, 5, 1, 30, 255, 314
1, 500, 500.0, 0.0, 500.0, 0.0, 'U2CR0U', 125, 825, 5, 595, 654.0, 5, 1, 31, 256, 315
1, 500, 25.0, 0.0, 25.0, 0.0, 'KMB4KL', 130, 830, 5, 600, 660.0, 5, 1, 32, 257, 316
1, 500, 500.0, 0.0, 500.0, 0.0, 'D5P9MF', 135, 835, 5, 605, 666.0, 5, 1, 33, 258, 317
1, 500, 500.0, 0.0, 500.0, 0.0, '5HG6H8', 140, 840, 5, 610, 671.0, 5, 1, 34, 259, 318
1, 500, 246.0, 0.0, 246.0, 0.0, 'MIOB6X', 145, 845, 5, 615, 676.0, 5, 1, 35, 260, 319
1, 500, 500.0, 0.0, 500.0, 0.0, 'ZP68YZ', 150, 850, 5, 620, 682.0, 5, 1, 36, 261, 320
1, 500, 500.0, 0.0, 500.0, 0.0, '5EGZ1D', 155, 855, 5, 625, 688.0, 5, 1, 37, 262, 321
1, 500, 500.0, 0.0, 500.0, 0.0, 'VPW1DQ', 160, 860, 5, 630, 693.0, 5, 1, 38, 263, 322
1, 500, 500.0, 0.0, 500.0, 0.0, 'H3SNE4', 165, 865, 5, 635, 698.0, 5, 1, 39, 264, 323
1, 500, 500.0, 0.0, 500.0, 0.0, '7Q1P99', 170, 870, 5, 640, 704.0, 5, 1, 40, 265, 324
1, 500, 500.0, 0.0, 500.0, 0.0, 'BE84Y0', 175, 875, 5, 645, 710.0, 5, 1, 41, 266, 325
1, 500, 500.0, 0.0, 500.0, 0.0, '5ECE4P', 180, 880, 5, 650, 715.0, 5, 1, 42, 267, 326
1, 500, 127.0, 0.0, 127.0, 0.0, 'ZCSDGS', 185, 885, 5, 655, 721.0, 5, 1, 43, 268, 327
1, 500, 500.0, 0.0, 500.0, 0.0, '0J66AL', 190, 890, 5, 660, 726.0, 5, 1, 44, 269, 328
1, 500, 500.0, 0.0, 500.0, 0.0, 'A4R4IO', 195, 895, 5, 665, 732.0, 5, 1, 45, 270, 329
1, 500, 500.0, 0.0, 500.0, 0.0, '5MRN0O', 200, 900, 5, 670, 737.0, 5, 1, 46, 271, 330
1, 500, 500.0, 0.0, 500.0, 0.0, 'MRNW3L', 205, 905, 5, 675, 743.0, 5, 1, 47, 272, 331
1, 500, 500.0, 0.0, 500.0, 0.0, 'DWAL4J', 210, 910, 5, 680, 748.0, 5, 1, 48, 273, 332
1, 500, 207.0, 0.0, 207.0, 0.0, '7ZDBYP', 215, 915, 5, 685, 754.0, 5, 1, 49, 274, 333
1, 500, 500.0, 0.0, 500.0, 0.0, '0IYXJ2', 220, 920, 5, 690, 759.0, 5, 1, 50, 275, 334
1, 500, 500.0, 0.0, 500.0, 0.0, 'NX9AHL', 225, 925, 5, 695, 765.0, 5, 1, 51, 276, 335
1, 500, 500.0, 0.0, 500.0, 0.0, '63G2PP', 230, 930, 5, 700, 770.0, 5, 1, 52, 277, 336
1, 500, 264.0, 0.0, 264.0, 0.0, '0PCOXC', 235, 935, 5, 705, 776.0, 5, 1, 53, 278, 337
1, 500, 500.0, 0.0, 500.0, 0.0, '4AGPJX', 240, 940, 5, 710, 781.0, 5, 1, 54, 279, 338
1, 500, 500.0, 0.0, 500.0, 0.0, 'FATEIO', 245, 945, 5, 715, 787.0, 5, 1, 55, 280, 339
1, 500, 500.0, 0.0, 500.0, 0.0, 'VHNFNP', 250, 950, 5, 720, 792.0, 5, 1, 56, 281, 340
1, 500, 500.0, 0.0, 500.0, 0.0, 'ZTYY5J', 255, 955, 5, 725, 798.0, 5, 1, 57, 282, 341
1, 500, 500.0, 0.0, 500.0, 0.0, '1TJUMS', 260, 960, 5, 730, 803.0, 5, 1, 58, 283, 342
1, 500, 500.0, 0.0, 500.0, 0.0, 'RL9QVE', 265, 965, 5, 735, 809.0, 5, 1, 59, 284, 343
1, 500, 500.0, 0.0, 500.0, 0.0, 'W8W9AF', 270, 970, 5, 740, 814.0, 5, 1, 60, 285, 344
1, 500, 260.0, 0.0, 260.0, 0.0, '8RHL81', 275, 975, 5, 745, 820.0, 5, 1, 61, 286, 345
1, 500, 500.0, 0.0, 500.0, 0.0, 'M1TU2E', 280, 980, 5, 750, 825.0, 5, 1, 62, 287, 346
1, 500, 500.0, 0.0, 500.0, 0.0, '1P0TNG', 285, 985, 5, 755, 831.0, 5, 1, 63, 288, 347
1, 500, 500.0, 0.0, 500.0, 0.0, 'AF6GM8', 290, 990, 5, 760, 836.0, 5, 1, 64, 289, 348
1, 500, 500.0, 0.0, 500.0, 0.0, '2HB6V7', 295, 995, 5, 765, 842.0, 5, 1, 65, 290, 349
1, 500, 500.0, 0.0, 500.0, 0.0, 'KC585W', 300, 1000, 5, 770, 847.0, 5, 1, 66, 291, 350
1, 500, 500.0, 0.0, 500.0, 0.0, 'OH5CRS', 305, 1005, 5, 775, 853.0, 5, 1, 67, 292, 351
1, 500, 500.0, 0.0, 500.0, 0.0, '6LSSV5', 310, 1010, 5, 780, 858.0, 5, 1, 68, 293, 352
1, 500, 500.0, 0.0, 500.0, 0.0, 'X1N1N0', 315, 1015, 5, 785, 864.0, 5, 1, 69, 294, 353
1, 500, 500.0, 0.0, 500.0, 0.0, 'H0O8XL', 320, 1020, 5, 790, 869.0, 5, 1, 70, 295, 354
1, 500, 500.0, 0.0, 500.0, 0.0, 'S51C5X', 325, 1025, 5, 795, 875.0, 5, 1, 71, 296, 355
1, 5000, 5000.0, 0.0, 5000.0, 0.0, 'ITSS5I', 325, 1025.0, 5, 795, 875.0, 5, 1, 71, 296, 355
