1, 500, 16.0, 0.0, 16.0, 0.0, 'AKQ2L7', 292, 423, 14, 70, 80, 6, 1, 11, 17, 1
1, 500, 19.0, 0.0, 19.0, 0.0, '3LGTFK', 290, 406, 30, 78, 89, 13, 6, 15, 24, 1
1, 500, 200.0, 0.0, 200.0, 0.0, '1SCC67', 301, 391, 12, 65, 85, 11, 5, 16, 27, 8
1, 500, 19.0, 0.0, 19.0, 0.0, 'XHAWFH', 310, 420, 21, 86, 94.60000000000001, 9, 9, 15, 31, 7
1, 500, 25.0, 0.0, 25.0, 0.0, '3EWQDK', 310, 397, 23, 72, 90, 13, 5, 9, 24, 5
1, 500, 80.0, 0.0, 80.0, 0.0, 'F8B7DC', 299, 373, 23, 76, 104, 5, 1, 18, 18, 10
1, 500, 98.0, 0.0, 98.0, 0.0, '5DBB1A', 309, 403, 16, 77, 113, 5, 2, 33, 34, 12
1, 500, 28.0, 0.0, 28.0, 0.0, 'K9ZL37', 308, 389, 18, 70, 94, 14, 8, 23, 32, 13
1, 500, 211.0, 0.0, 211.0, 0.0, 'R9OECM', 286, 403, 17, 81, 110, 14, 6, 22, 28, 34
1, 500, 42.0, 0.0, 42.0, 0.0, '5T7E47', 317, 419, 22, 64, 111, 5, 5, 17, 12, 15
1, 500, 95.0, 0.0, 95.0, 0.0, '3F0C7T', 280, 403, 17, 69, 101, 5, 3, 12, 26, 1
1, 500, 81.0, 0.0, 81.0, 0.0, '37DWPK', 299, 400, 28, 77, 100, 11, 3, 13, 18, 9
1, 500, 17.0, 0.0, 17.0, 0.0, 'LEYZDT', 310, 365, 21, 67, 97, 13, 1, 14, 41, 1
1, 500, 48.0, 0.0, 48.0, 0.0, '0C1TKE', 280, 409, 20, 73, 113, 5, 1, 14, 37, 23
1, 500, 20.0, 0.0, 20.0, 0.0, '7VYUFZ', 294, 416, 28, 60, 90, 8, 4, 21, 12, 18
1, 500, 26.0, 0.0, 26.0, 0.0, '6GCNOF', 314, 420, 19, 66, 101, 12, 2, 16, 24, 9
1, 500, 21.0, 0.0, 21.0, 0.0, 'TL2R1B', 309, 364, 18, 85, 93.50000000000001, 16, 1, 15, 25, 1
1, 500, 60.0, 0.0, 60.0, 0.0, 'FWOGNJ', 304, 383, 19, 82, 92, 5, 1, 6, 21, 2
1, 500, 115.0, 0.0, 115.0, 0.0, 'D9GLHA', 307, 377, 17, 77, 89, 7, 6, 15, 20, 32
1, 500, 18.0, 0.0, 18.0, 0.0, 'J47S34', 326, 416, 23, 70, 101, 10, 1, 20, 16, 6
1, 500, 27.0, 0.0, 27.0, 0.0, 'SNYDVU', 288, 358, 21, 70, 111, 7, 2, 13, 21, 23
1, 500, 52.0, 0.0, 52.0, 0.0, '71E6L3', 282, 393, 16, 73, 90, 10, 4, 10, 24, 20
1, 500, 22.0, 0.0, 22.0, 0.0, 'GEAC0O', 288, 380, 13, 70, 101, 18, 5, 21, 30, 1
1, 500, 26.0, 0.0, 26.0, 0.0, 'PSHR7T', 306, 393, 20, 65, 105, 10, 2, 14, 21, 1
1, 500, 8.0, 0.0, 8.0, 0.0, 'E5WKVU', 307, 406, 11, 75, 108, 16, 4, 13, 12, 7
1, 500, 14.0, 0.0, 14.0, 0.0, '4BAUQS', 284, 387, 19, 83, 106, 16, 1, 23, 19, 1
1, 500, 10.0, 0.0, 10.0, 0.0, '393H16', 298, 414, 18, 76, 117, 20, 1, 19, 37, 1
1, 500, 47.0, 0.0, 47.0, 0.0, '4CE7BC', 288, 394, 20, 82, 94, 13, 2, 5, 2, 15
1, 500, 19.0, 0.0, 19.0, 0.0, '3Z3AQG', 284, 425, 21, 71, 94, 7, 1, 5, 21, 18
1, 500, 221.0, 0.0, 221.0, 0.0, 'QV1FKD', 301, 411, 23, 57, 103, 5, 4, 16, 45, 25
1, 500, 22.0, 0.0, 22.0, 0.0, 'GE5LA6', 304, 417, 19, 69, 88, 11, 5, 12, 21, 19
1, 500, 19.0, 0.0, 19.0, 0.0, '228FKY', 297, 409, 20, 70, 94, 16, 1, 17, 20, 21
1, 500, 63.0, 0.0, 63.0, 0.0, '74CMLG', 306, 410, 21, 57, 106, 5, 7, 22, 49, 11
1, 500, 12.0, 0.0, 12.0, 0.0, 'VHDP19', 293, 403, 21, 68, 87, 14, 1, 10, 28, 4
1, 500, 14.0, 0.0, 14.0, 0.0, 'ZRA8UO', 281, 390, 22, 66, 107, 9, 1, 13, 10, 1
1, 500, 19.0, 0.0, 19.0, 0.0, '18GO7P', 292, 393, 16, 58, 98, 7, 1, 12, 49, 4
1, 500, 90.0, 0.0, 90.0, 0.0, 'OJF9C7', 314, 400, 21, 65, 99, 8, 6, 22, 14, 7
1, 500, 70.0, 0.0, 70.0, 0.0, 'O3HIE7', 301, 366, 17, 66, 105, 13, 2, 19, 17, 15
1, 500, 270.0, 0.0, 270.0, 0.0, '957ZC8', 310, 393, 21, 71, 104, 11, 1, 14, 5, 37
1, 500, 21.0, 0.0, 21.0, 0.0, 'V9DRLO', 311, 410, 21, 85, 103, 13, 1, 13, 45, 3
1, 500, 31.0, 0.0, 31.0, 0.0, 'IM1TLA', 293, 402, 15, 73, 80.30000000000001, 16, 3, 10, 36, 9
1, 500, 52.0, 0.0, 52.0, 0.0, 'GEV8O7', 293, 376, 13, 74, 93, 13, 1, 13, 25, 7
1, 500, 23.0, 0.0, 23.0, 0.0, '6YITSZ', 290, 415, 23, 88, 97, 12, 2, 18, 22, 18
1, 500, 10.0, 0.0, 10.0, 0.0, 'MW5M7A', 291, 405, 24, 39, 104, 18, 6, 16, 24, 14
1, 500, 19.0, 0.0, 19.0, 0.0, '4XS827', 305, 381, 28, 59, 93, 8, 1, 23, 24, 18
1, 500, 29.0, 0.0, 29.0, 0.0, '5JBS1H', 306, 400, 20, 76, 83.60000000000001, 5, 5, 7, 38, 1
1, 500, 20.0, 0.0, 20.0, 0.0, 'F865I3', 309, 390, 22, 66, 104, 5, 6, 8, 30, 3
1, 500, 14.0, 0.0, 14.0, 0.0, 'I41XO2', 300, 364, 10, 64, 85, 8, 6, 18, 8, 1
1, 500, 14.0, 0.0, 14.0, 0.0, 'FJ4YYC', 297, 390, 20, 59, 96, 19, 1, 19, 23, 19
1, 500, 30.0, 0.0, 30.0, 0.0, 'UEWOSP', 281, 382, 7, 65, 95, 13, 2, 21, 26, 9
1, 500, 7.0, 0.0, 7.0, 0.0, 'BBESCI', 299, 406, 19, 57, 102, 18, 7, 4, 32, 1
1, 500, 23.0, 0.0, 23.0, 0.0, 'ODVY95', 297, 423, 21, 69, 95, 5, 1, 21, 14, 2
1, 500, 181.0, 0.0, 181.0, 0.0, 'GDQ4RY', 292, 404, 16, 51, 95, 5, 1, 7, 30, 6
1, 500, 35.0, 0.0, 35.0, 0.0, '8ZX1EZ', 315, 374, 27, 57, 87, 6, 3, 9, 25, 10
1, 500, 146.0, 0.0, 146.0, 0.0, 'DQ2NE2', 307, 400, 17, 94, 104, 5, 4, 11, 20, 23
1, 500, 185.0, 0.0, 185.0, 0.0, '8V726N', 298, 402, 16, 81, 98, 5, 1, 21, 17, 22
1, 500, 82.0, 0.0, 82.0, 0.0, 'B9URGO', 315, 389, 17, 71, 100, 10, 5, 1, 35, 15
1, 500, 12.0, 0.0, 12.0, 0.0, '1VKG6X', 269, 384, 17, 78, 97, 6, 1, 14, 19, 27
1, 500, 41.0, 0.0, 41.0, 0.0, 'SMPQK1', 303, 384, 17, 75, 95, 5, 4, 17, 33, 4
1, 500, 73.0, 0.0, 73.0, 0.0, '909PND', 301, 405, 16, 73, 97, 9, 1, 16, 25, 18
1, 500, 9.0, 0.0, 9.0, 0.0, 'ZUC6W5', 308, 406, 16, 75, 113, 17, 7, 11, 26, 5
1, 500, 18.0, 0.0, 18.0, 0.0, '2TR3I8', 313, 414, 23, 83, 120, 6, 1, 15, 24, 4
1, 500, 76.0, 0.0, 76.0, 0.0, '1ZSGRT', 303, 401, 13, 66, 94, 6, 8, 8, 43, 4
1, 500, 14.0, 0.0, 14.0, 0.0, '5X9959', 310, 405, 12, 70, 91, 14, 4, 12, 9, 19
1, 500, 28.0, 0.0, 28.0, 0.0, 'J6TQV3', 308, 380, 24, 61, 106, 5, 5, 13, 3, 16
1, 500, 11.0, 0.0, 11.0, 0.0, '4AGW3P', 300, 402, 24, 51, 117, 10, 5, 12, 11, 9
1, 500, 36.0, 0.0, 36.0, 0.0, 'RLVWM3', 307, 391, 18, 66, 110, 5, 1, 19, 30, 1
1, 500, 500.0, 0.0, 500.0, 0.0, 'M9UZTT', 292, 399, 19, 51, 118, 5, 1, 13, 34, 19
1, 500, 13.0, 0.0, 13.0, 0.0, 'BFDDO4', 300, 399, 20, 66, 97, 16, 1, 22, 20, 1
1, 500, 70.0, 0.0, 70.0, 0.0, 'HS19N3', 290, 403, 26, 64, 107, 5, 1, 10, 27, 12
1, 500, 134.0, 0.0, 134.0, 0.0, 'LA5UUL', 299, 414, 19, 61, 96, 5, 3, 23, 25, 15
1, 500, 185.0, 0.0, 185.0, 0.0, '2QY5E8', 320, 384, 10, 70, 106, 7, 4, 20, 31, 9
1, 500, 15.0, 0.0, 15.0, 0.0, 'K2Q9ZF', 293, 413, 31, 70, 103, 14, 1, 19, 38, 9
1, 500, 26.0, 0.0, 26.0, 0.0, 'MLYSYZ', 306, 370, 25, 71, 94, 7, 1, 11, 31, 1
1, 500, 186.0, 0.0, 186.0, 0.0, 'YTFOLS', 282, 385, 11, 78, 106, 5, 1, 10, 23, 8
1, 500, 26.0, 0.0, 26.0, 0.0, '1OVH7G', 286, 391, 19, 81, 103, 12, 4, 11, 28, 1
1, 500, 17.0, 0.0, 17.0, 0.0, '0XQOZ0', 302, 358, 18, 90, 99.00000000000001, 14, 1, 23, 23, 1
1, 500, 87.0, 0.0, 87.0, 0.0, 'HYWF0I', 316, 399, 24, 58, 101, 12, 2, 14, 27, 11
1, 500, 20.0, 0.0, 20.0, 0.0, '1D08EQ', 299, 385, 19, 69, 86, 23, 2, 9, 30, 18
1, 500, 23.0, 0.0, 23.0, 0.0, '8EA5GV', 301, 401, 21, 71, 106, 15, 4, 25, 20, 6
1, 500, 16.0, 0.0, 16.0, 0.0, 'KL1QN5', 310, 391, 26, 56, 68, 12, 4, 12, 32, 2
1, 500, 51.0, 0.0, 51.0, 0.0, 'F0PQTA', 308, 408, 17, 78, 104, 9, 4, 12, 20, 2
1, 500, 51.0, 0.0, 51.0, 0.0, '643VZY', 296, 427, 17, 78, 94, 10, 7, 14, 37, 11
1, 500, 35.0, 0.0, 35.0, 0.0, 'EWHPJ4', 301, 401, 20, 71, 100, 5, 1, 8, 23, 10
1, 500, 64.0, 0.0, 64.0, 0.0, 'LFSLWT', 302, 414, 18, 86, 102, 8, 1, 18, 1, 12
1, 500, 25.0, 0.0, 25.0, 0.0, 'FOHJOK', 304, 380, 19, 45, 117, 13, 4, 13, 18, 18
1, 500, 104.0, 0.0, 104.0, 0.0, 'A4A7PC', 297, 387, 18, 75, 82.5, 11, 6, 20, 18, 13
1, 500, 21.0, 0.0, 21.0, 0.0, '0WW958', 299, 391, 29, 66, 88, 5, 5, 13, 32, 3
1, 500, 81.0, 0.0, 81.0, 0.0, 'F9EL0V', 304, 390, 22, 63, 102, 6, 2, 18, 24, 19
1, 500, 24.0, 0.0, 24.0, 0.0, 'Q55J22', 290, 391, 20, 61, 105, 13, 7, 17, 14, 10
1, 500, 37.0, 0.0, 37.0, 0.0, 'MFI390', 300, 399, 24, 79, 112, 10, 5, 17, 43, 7
1, 500, 79.0, 0.0, 79.0, 0.0, 'IT72RK', 308, 404, 11, 71, 89, 14, 2, 11, 18, 22
1, 500, 500.0, 0.0, 500.0, 0.0, 'MLHFD4', 283, 398, 17, 83, 91.30000000000001, 12, 4, 11, 24, 27
1, 500, 101.0, 0.0, 101.0, 0.0, '4I2902', 306, 390, 19, 72, 80, 9, 3, 13, 24, 21
1, 500, 52.0, 0.0, 52.0, 0.0, '1MI8W6', 289, 380, 19, 61, 88, 10, 1, 23, 32, 6
1, 500, 27.0, 0.0, 27.0, 0.0, 'EXZRY9', 310, 411, 18, 90, 99.00000000000001, 5, 1, 14, 27, 18
1, 500, 66.0, 0.0, 66.0, 0.0, '9FLV8T', 296, 407, 11, 92, 101.2, 10, 5, 14, 11, 1
1, 500, 20.0, 0.0, 20.0, 0.0, 'OOU5QX', 297, 408, 16, 78, 96, 11, 2, 10, 9, 1
1, 500, 57.0, 0.0, 57.0, 0.0, 'P42Z42', 294, 383, 20, 85, 105, 6, 4, 5, 41, 16
1, 500, 56.0, 0.0, 56.0, 0.0, 'UN0DCN', 305, 412, 12, 59, 94, 5, 3, 15, 15, 9
1, 500, 115.0, 0.0, 115.0, 0.0, 'GBQBWR', 306, 393, 19, 88, 114, 8, 5, 9, 18, 24
1, 500, 12.0, 0.0, 12.0, 0.0, 'CW86NN', 279, 404, 29, 64, 112, 7, 3, 12, 20, 17
1, 500, 10.0, 0.0, 10.0, 0.0, 'J4N8UO', 293, 403, 34, 74, 107, 9, 1, 18, 25, 21
1, 500, 107.0, 0.0, 107.0, 0.0, '9EE5NW', 317, 400, 20, 83, 93, 9, 7, 15, 19, 21
1, 500, 15.0, 0.0, 15.0, 0.0, 'L2QS8J', 315, 392, 24, 60, 85, 5, 1, 8, 34, 1
1, 500, 10.0, 0.0, 10.0, 0.0, 'NZN0FE', 292, 409, 18, 66, 74, 5, 1, 3, 25, 10
1, 500, 153.0, 0.0, 153.0, 0.0, 'UW89F1', 294, 394, 18, 64, 97, 15, 2, 22, 28, 33
1, 500, 23.0, 0.0, 23.0, 0.0, '9NZ6XT', 299, 434, 27, 86, 102, 17, 5, 18, 24, 4
1, 500, 16.0, 0.0, 16.0, 0.0, 'OR0VK2', 283, 409, 17, 62, 99, 18, 5, 18, 13, 1
1, 500, 13.0, 0.0, 13.0, 0.0, 'KIY7FV', 299, 419, 25, 77, 97, 16, 1, 21, 17, 23
1, 500, 26.0, 0.0, 26.0, 0.0, 'AJNH6T', 301, 406, 20, 80, 90, 5, 1, 23, 15, 1
1, 500, 255.0, 0.0, 255.0, 0.0, 'NRRI6X', 297, 373, 11, 81, 96, 6, 5, 13, 19, 9
1, 500, 139.0, 0.0, 139.0, 0.0, 'SQ5OBE', 318, 388, 12, 82, 110, 5, 3, 14, 19, 9
1, 500, 19.0, 0.0, 19.0, 0.0, 'WXBWAV', 291, 377, 20, 65, 85, 12, 3, 25, 14, 1
1, 500, 17.0, 0.0, 17.0, 0.0, 'U60W0X', 302, 371, 24, 64, 100, 5, 1, 10, 9, 1
1, 500, 60.0, 0.0, 60.0, 0.0, 'VH418H', 304, 403, 20, 65, 113, 9, 4, 21, 44, 4
1, 500, 32.0, 0.0, 32.0, 0.0, '6R10US', 304, 430, 16, 66, 74, 10, 9, 14, 18, 1
1, 500, 27.0, 0.0, 27.0, 0.0, 'U1ZX64', 309, 407, 22, 90, 107, 5, 1, 25, 27, 7
1, 500, 15.0, 0.0, 15.0, 0.0, '2FOXAI', 300, 425, 24, 51, 85, 6, 5, 15, 11, 4
1, 500, 17.0, 0.0, 17.0, 0.0, 'SFVVYQ', 288, 375, 25, 60, 98, 5, 1, 17, 34, 3
1, 500, 41.0, 0.0, 41.0, 0.0, 'X8FQJW', 296, 401, 11, 74, 106, 14, 1, 19, 28, 3
1, 500, 31.0, 0.0, 31.0, 0.0, 'F8Z31D', 298, 387, 17, 76, 83.60000000000001, 6, 3, 19, 26, 1
1, 500, 104.0, 0.0, 104.0, 0.0, 'G2O014', 281, 383, 10, 68, 104, 8, 3, 17, 36, 17
1, 500, 66.0, 0.0, 66.0, 0.0, 'VPVG7H', 285, 414, 14, 76, 106, 14, 1, 21, 27, 21
1, 500, 102.0, 0.0, 102.0, 0.0, 'I4BTME', 297, 395, 28, 78, 95, 10, 2, 13, 24, 28
1, 500, 25.0, 0.0, 25.0, 0.0, 'IICJ5B', 296, 401, 27, 62, 112, 7, 1, 23, 48, 2
1, 500, 72.0, 0.0, 72.0, 0.0, 'Y88PVX', 305, 415, 15, 78, 97, 8, 6, 10, 26, 1
1, 500, 47.0, 0.0, 47.0, 0.0, 'FRTADH', 303, 410, 20, 63, 85, 7, 6, 20, 44, 1
1, 500, 111.0, 0.0, 111.0, 0.0, 'CPETFT', 295, 421, 16, 75, 116, 5, 6, 10, 33, 21
1, 500, 11.0, 0.0, 11.0, 0.0, 'Y6LCWA', 305, 399, 22, 68, 110, 14, 4, 17, 8, 1
1, 500, 22.0, 0.0, 22.0, 0.0, 'FING0U', 302, 385, 16, 82, 97, 14, 1, 21, 50, 5
1, 500, 27.0, 0.0, 27.0, 0.0, 'FHYPZW', 314, 388, 25, 65, 112, 5, 3, 13, 15, 19
1, 500, 10.0, 0.0, 10.0, 0.0, '8QGU4Z', 296, 411, 13, 70, 101, 7, 3, 5, 13, 10
1, 500, 326.0, 0.0, 326.0, 0.0, 'XCGTY2', 308, 424, 11, 63, 102, 11, 4, 23, 25, 24
1, 500, 500.0, 0.0, 500.0, 0.0, '8BG8KM', 303, 398, 14, 72, 107, 13, 6, 15, 19, 36
1, 500, 39.0, 0.0, 39.0, 0.0, '4YS8VM', 294, 403, 17, 74, 91, 5, 7, 14, 24, 5
1, 500, 99.0, 0.0, 99.0, 0.0, '7F93UE', 290, 395, 14, 71, 104, 7, 4, 11, 23, 6
1, 500, 10.0, 0.0, 10.0, 0.0, '1S8VPK', 267, 396, 24, 56, 97, 17, 1, 22, 29, 1
1, 500, 23.0, 0.0, 23.0, 0.0, 'YRCSOO', 302, 376, 14, 86, 99, 11, 3, 14, 35, 17
1, 500, 69.0, 0.0, 69.0, 0.0, '73JJZV', 306, 400, 24, 73, 110, 5, 4, 11, 27, 22
1, 500, 14.0, 0.0, 14.0, 0.0, 'EX576A', 280, 381, 22, 68, 111, 11, 1, 21, 16, 20
1, 500, 70.0, 0.0, 70.0, 0.0, '2EWZKL', 320, 383, 20, 75, 106, 5, 2, 19, 30, 13
1, 500, 32.0, 0.0, 32.0, 0.0, 'BAO9FG', 310, 387, 15, 69, 98, 5, 1, 23, 13, 7
1, 500, 174.0, 0.0, 174.0, 0.0, 'ZMJC8Y', 302, 412, 15, 67, 105, 8, 5, 14, 18, 13
1, 500, 313.0, 0.0, 313.0, 0.0, 'VWU5RF', 310, 402, 17, 76, 102, 10, 8, 24, 15, 8
1, 500, 73.0, 0.0, 73.0, 0.0, 'XEWY54', 295, 401, 11, 72, 95, 11, 1, 9, 17, 3
1, 500, 12.0, 0.0, 12.0, 0.0, '6YEFWR', 285, 399, 22, 55, 107, 19, 1, 17, 18, 12
1, 500, 58.0, 0.0, 58.0, 0.0, '32CQVO', 290, 385, 20, 74, 106, 8, 4, 17, 28, 15
1, 500, 23.0, 0.0, 23.0, 0.0, 'K7Q7NT', 294, 388, 29, 65, 92, 5, 7, 20, 15, 3
1, 500, 19.0, 0.0, 19.0, 0.0, 'ZA5N08', 286, 401, 23, 78, 106, 8, 4, 17, 32, 5
1, 500, 50.0, 0.0, 50.0, 0.0, 'XL2AZ2', 302, 395, 19, 83, 102, 6, 5, 3, 34, 1
1, 500, 54.0, 0.0, 54.0, 0.0, 'EJJDPV', 311, 398, 21, 86, 94.60000000000001, 6, 4, 19, 31, 15
1, 500, 120.0, 0.0, 120.0, 0.0, 'MDRWMM', 299, 401, 10, 81, 114, 13, 1, 12, 32, 11
1, 500, 39.0, 0.0, 39.0, 0.0, '94ZKO6', 311, 390, 22, 59, 102, 10, 4, 6, 24, 1
1, 500, 86.0, 0.0, 86.0, 0.0, 'Q5ADM6', 296, 414, 21, 88, 104, 6, 1, 17, 40, 21
1, 500, 33.0, 0.0, 33.0, 0.0, '93VRKI', 302, 392, 19, 78, 114, 5, 7, 14, 11, 18
1, 500, 16.0, 0.0, 16.0, 0.0, 'XDFKH7', 303, 414, 16, 61, 99, 12, 1, 26, 35, 6
1, 500, 16.0, 0.0, 16.0, 0.0, 'EBR3QA', 313, 371, 24, 57, 104, 8, 2, 11, 8, 18
1, 500, 13.0, 0.0, 13.0, 0.0, '8HI8FC', 293, 413, 12, 72, 95, 15, 4, 24, 12, 3
1, 500, 201.0, 0.0, 201.0, 0.0, '0H8OVM', 283, 392, 17, 94, 103.4, 5, 3, 19, 19, 12
1, 500, 23.0, 0.0, 23.0, 0.0, 'WLS4SK', 293, 352, 16, 73, 103, 18, 2, 19, 30, 8
1, 500, 363.0, 0.0, 363.0, 0.0, 'QG8T4O', 311, 385, 18, 65, 105, 5, 5, 20, 12, 28
1, 500, 114.0, 0.0, 114.0, 0.0, 'RRE7J8', 299, 428, 22, 79, 109, 9, 4, 13, 31, 13
1, 500, 18.0, 0.0, 18.0, 0.0, '92B2VE', 308, 412, 19, 89, 107, 13, 2, 12, 18, 1
1, 500, 18.0, 0.0, 18.0, 0.0, 'PI6ZHS', 296, 384, 14, 64, 105, 15, 1, 23, 26, 1
1, 500, 18.0, 0.0, 18.0, 0.0, 'BDDPO6', 287, 427, 27, 81, 90, 5, 5, 13, 17, 1
1, 500, 40.0, 0.0, 40.0, 0.0, 'GPE6IK', 308, 400, 14, 70, 115, 10, 3, 8, 19, 2
1, 500, 20.0, 0.0, 20.0, 0.0, 'QMHDO5', 296, 388, 15, 84, 94, 12, 1, 19, 26, 20
1, 500, 10.0, 0.0, 10.0, 0.0, 'BSABKX', 301, 400, 29, 86, 94.60000000000001, 12, 1, 10, 20, 27
1, 500, 52.0, 0.0, 52.0, 0.0, 'BB1D7P', 294, 387, 31, 88, 96.80000000000001, 11, 3, 23, 11, 23
1, 500, 39.0, 0.0, 39.0, 0.0, 'QPU1HU', 289, 404, 13, 65, 101, 7, 5, 20, 16, 11
1, 500, 172.0, 0.0, 172.0, 0.0, '7OU09O', 302, 404, 20, 55, 98, 5, 4, 19, 45, 16
1, 500, 80.0, 0.0, 80.0, 0.0, 'HKA3AU', 286, 393, 19, 67, 88, 11, 3, 19, 11, 12
1, 500, 18.0, 0.0, 18.0, 0.0, 'U8OQA0', 306, 395, 16, 73, 103, 8, 1, 11, 32, 17
1, 500, 42.0, 0.0, 42.0, 0.0, 'TK7BL5', 292, 394, 20, 75, 96, 20, 3, 16, 17, 23
1, 500, 67.0, 0.0, 67.0, 0.0, 'SJW8XK', 326, 393, 22, 54, 99, 14, 4, 7, 33, 1
1, 500, 54.0, 0.0, 54.0, 0.0, 'QTRSM5', 293, 389, 15, 73, 112, 8, 1, 11, 34, 10
1, 500, 74.0, 0.0, 74.0, 0.0, 'R9GDTA', 287, 401, 17, 83, 105, 8, 1, 8, 27, 8
1, 500, 117.0, 0.0, 117.0, 0.0, 'QXVB3C', 307, 410, 13, 78, 90, 18, 3, 12, 27, 21
1, 500, 27.0, 0.0, 27.0, 0.0, '70TJC2', 289, 389, 14, 78, 102, 5, 1, 25, 35, 12
1, 500, 48.0, 0.0, 48.0, 0.0, 'GF82YP', 314, 395, 22, 65, 90, 12, 3, 15, 24, 13
1, 500, 111.0, 0.0, 111.0, 0.0, '3Z4QJV', 305, 377, 14, 65, 99, 11, 4, 17, 19, 2
1, 500, 21.0, 0.0, 21.0, 0.0, 'EW9XDI', 297, 408, 24, 75, 100, 13, 5, 15, 25, 1
1, 500, 18.0, 0.0, 18.0, 0.0, 'YSHLB8', 287, 404, 25, 75, 116, 8, 3, 10, 40, 3
1, 500, 24.0, 0.0, 24.0, 0.0, 'ODPB26', 302, 406, 22, 69, 104, 28, 2, 10, 37, 17
1, 500, 181.0, 0.0, 181.0, 0.0, '18CN3Q', 302, 393, 19, 68, 113, 8, 2, 26, 13, 21
1, 500, 32.0, 0.0, 32.0, 0.0, '5B9GMY', 285, 419, 18, 81, 89.10000000000001, 12, 5, 20, 21, 1
1, 500, 66.0, 0.0, 66.0, 0.0, 'MGOA2F', 303, 382, 11, 69, 105, 5, 7, 12, 20, 13
1, 500, 28.0, 0.0, 28.0, 0.0, 'HMP38I', 299, 384, 20, 72, 105, 10, 1, 13, 17, 9
1, 500, 21.0, 0.0, 21.0, 0.0, '589CSO', 312, 416, 25, 76, 110, 17, 7, 16, 34, 15
1, 500, 43.0, 0.0, 43.0, 0.0, '4B3WNP', 297, 437, 18, 76, 116, 9, 1, 26, 24, 15
1, 500, 90.0, 0.0, 90.0, 0.0, '8056O1', 313, 386, 12, 74, 108, 13, 1, 26, 9, 6
1, 500, 111.0, 0.0, 111.0, 0.0, '2EI8GR', 314, 383, 18, 70, 90, 13, 1, 24, 27, 24
1, 500, 49.0, 0.0, 49.0, 0.0, '72OXCL', 287, 397, 18, 80, 112, 10, 4, 12, 21, 1
1, 500, 156.0, 0.0, 156.0, 0.0, '7ZL4TI', 302, 413, 16, 90, 99.00000000000001, 9, 10, 13, 21, 16
1, 500, 15.0, 0.0, 15.0, 0.0, 'MZIEAD', 290, 395, 17, 68, 98, 12, 1, 16, 4, 1
1, 500, 19.0, 0.0, 19.0, 0.0, 'GWA1J4', 309, 386, 14, 69, 93, 11, 4, 20, 9, 15
1, 500, 229.0, 0.0, 229.0, 0.0, '834CVO', 313, 393, 27, 56, 89, 5, 4, 16, 36, 27
1, 500, 70.0, 0.0, 70.0, 0.0, 'W3VSOV', 283, 402, 20, 75, 114, 5, 5, 12, 26, 6
1, 500, 29.0, 0.0, 29.0, 0.0, 'WENHBE', 305, 405, 19, 70, 111, 5, 1, 16, 34, 19
1, 500, 52.0, 0.0, 52.0, 0.0, 'GHDNWS', 303, 426, 18, 52, 105, 10, 4, 14, 6, 4
1, 500, 17.0, 0.0, 17.0, 0.0, '7422OV', 305, 385, 15, 85, 98, 5, 9, 10, 28, 16
1, 500, 15.0, 0.0, 15.0, 0.0, 'XEQXHT', 303, 391, 20, 55, 105, 16, 6, 26, 11, 1
1, 500, 62.0, 0.0, 62.0, 0.0, '14UPFL', 314, 402, 16, 70, 85, 13, 1, 16, 32, 24
1, 500, 27.0, 0.0, 27.0, 0.0, 'V2YETG', 300, 385, 21, 66, 98, 9, 5, 25, 18, 3
1, 500, 47.0, 0.0, 47.0, 0.0, '31W63S', 288, 406, 25, 73, 104, 12, 1, 11, 37, 22
1, 500, 87.0, 0.0, 87.0, 0.0, 'SP42K5', 285, 420, 19, 74, 96, 13, 2, 9, 6, 16
1, 500, 298.0, 0.0, 298.0, 0.0, '4LIFHZ', 294, 383, 11, 64, 106, 13, 1, 4, 20, 21
1, 500, 14.0, 0.0, 14.0, 0.0, 'TAPT96', 300, 391, 13, 64, 86, 14, 3, 15, 9, 14
1, 500, 31.0, 0.0, 31.0, 0.0, '02M76Y', 281, 428, 17, 78, 101, 5, 1, 12, 25, 24
1, 500, 38.0, 0.0, 38.0, 0.0, 'GSXSKY', 299, 397, 23, 58, 94, 14, 4, 11, 29, 5
1, 500, 34.0, 0.0, 34.0, 0.0, 'S21B59', 298, 370, 24, 71, 93, 12, 1, 15, 18, 9
1, 500, 32.0, 0.0, 32.0, 0.0, 'OHSLC6', 311, 382, 25, 81, 106, 8, 1, 25, 26, 5
1, 500, 28.0, 0.0, 28.0, 0.0, 'V6STQA', 298, 392, 18, 65, 84, 5, 3, 16, 34, 1
1, 500, 64.0, 0.0, 64.0, 0.0, 'TVNCJV', 292, 405, 11, 71, 109, 8, 10, 4, 48, 1
1, 500, 164.0, 0.0, 164.0, 0.0, '9FNN1Y', 296, 386, 20, 89, 100, 5, 4, 17, 21, 28
1, 500, 33.0, 0.0, 33.0, 0.0, 'H1URSH', 286, 414, 16, 81, 89.10000000000001, 15, 11, 11, 18, 5
1, 500, 26.0, 0.0, 26.0, 0.0, '6ATD8F', 282, 383, 23, 75, 88, 7, 1, 10, 35, 6
1, 500, 19.0, 0.0, 19.0, 0.0, 'BTRAZR', 311, 407, 19, 48, 99, 15, 1, 22, 30, 2
1, 500, 18.0, 0.0, 18.0, 0.0, 'X6CQPC', 286, 395, 19, 73, 96, 15, 3, 21, 15, 1
1, 500, 500.0, 0.0, 500.0, 0.0, '2CESUQ', 295, 390, 16, 73, 119, 17, 1, 15, 29, 11
1, 500, 21.0, 0.0, 21.0, 0.0, 'LBTMMG', 299, 394, 18, 79, 103, 15, 2, 20, 1, 25
1, 500, 33.0, 0.0, 33.0, 0.0, '6YNZSM', 284, 396, 22, 75, 96, 11, 10, 13, 19, 1
1, 500, 13.0, 0.0, 13.0, 0.0, 'RMCZSX', 298, 409, 19, 56, 99, 5, 6, 17, 21, 1
1, 500, 62.0, 0.0, 62.0, 0.0, 'E3XU5Q', 293, 380, 18, 76, 112, 5, 2, 14, 31, 2
1, 500, 59.0, 0.0, 59.0, 0.0, 'VY6OHN', 293, 371, 31, 68, 86, 6, 1, 15, 8, 16
1, 500, 115.0, 0.0, 115.0, 0.0, 'L56CZG', 314, 417, 22, 80, 117, 7, 3, 13, 25, 21
1, 500, 49.0, 0.0, 49.0, 0.0, 'XRCAF1', 296, 385, 20, 64, 89, 5, 2, 27, 19, 7
1, 500, 40.0, 0.0, 40.0, 0.0, 'ERTGLR', 293, 407, 24, 70, 90, 6, 4, 22, 24, 6
1, 500, 36.0, 0.0, 36.0, 0.0, 'FKI8CC', 320, 398, 22, 87, 103, 5, 1, 24, 25, 15
1, 500, 164.0, 0.0, 164.0, 0.0, 'Q03ARM', 298, 361, 22, 83, 95, 5, 6, 22, 24, 16
1, 500, 13.0, 0.0, 13.0, 0.0, 'J9T1U6', 306, 362, 21, 59, 108, 12, 4, 11, 4, 27
1, 500, 500.0, 0.0, 500.0, 0.0, '873QSD', 292, 406, 24, 70, 102, 8, 7, 11, 40, 34
1, 500, 20.0, 0.0, 20.0, 0.0, '6AYU0N', 311, 415, 25, 78, 98, 9, 4, 17, 17, 1
1, 500, 22.0, 0.0, 22.0, 0.0, 'GOD2AX', 308, 394, 23, 71, 87, 10, 1, 13, 20, 6
1, 500, 16.0, 0.0, 16.0, 0.0, '2X0ULR', 313, 397, 16, 70, 96, 6, 1, 12, 35, 5
1, 500, 140.0, 0.0, 140.0, 0.0, 'LJ009W', 310, 394, 6, 93, 123, 14, 1, 16, 40, 6
1, 500, 253.0, 0.0, 253.0, 0.0, 'TVXAWA', 298, 401, 13, 75, 95, 12, 1, 18, 28, 13
1, 500, 41.0, 0.0, 41.0, 0.0, '2MW4V3', 309, 414, 12, 73, 90, 11, 10, 21, 33, 3
1, 500, 72.0, 0.0, 72.0, 0.0, '6XEGIY', 298, 409, 26, 81, 107, 11, 4, 15, 24, 20
1, 500, 14.0, 0.0, 14.0, 0.0, '750UAH', 281, 378, 19, 76, 104, 5, 1, 10, 23, 11
1, 500, 10.0, 0.0, 10.0, 0.0, 'UWCZHP', 294, 407, 22, 70, 95, 20, 5, 16, 16, 5
1, 500, 88.0, 0.0, 88.0, 0.0, 'MW3P85', 299, 418, 16, 49, 89, 6, 2, 3, 32, 4
1, 500, 131.0, 0.0, 131.0, 0.0, '8JMJR3', 298, 396, 15, 81, 119, 15, 3, 15, 36, 8
1, 500, 57.0, 0.0, 57.0, 0.0, 'KPUVVR', 292, 417, 13, 84, 93, 5, 2, 15, 29, 1
1, 500, 21.0, 0.0, 21.0, 0.0, 'B1AIRA', 304, 393, 20, 92, 101.2, 17, 1, 18, 34, 1
1, 500, 19.0, 0.0, 19.0, 0.0, 'Q5DGGG', 318, 370, 25, 71, 88, 8, 4, 12, 9, 10
1, 500, 20.0, 0.0, 20.0, 0.0, 'YKS39L', 316, 411, 18, 60, 111, 11, 7, 15, 34, 9
1, 500, 69.0, 0.0, 69.0, 0.0, 'C37GRV', 295, 394, 15, 67, 88, 8, 4, 21, 16, 1
1, 500, 9.0, 0.0, 9.0, 0.0, '029EHX', 298, 388, 19, 67, 86, 17, 7, 16, 23, 1
1, 500, 45.0, 0.0, 45.0, 0.0, '0OI7SD', 308, 404, 22, 75, 103, 10, 5, 12, 21, 10
1, 500, 17.0, 0.0, 17.0, 0.0, 'V163IC', 324, 383, 25, 67, 99, 10, 8, 21, 8, 1
1, 500, 52.0, 0.0, 52.0, 0.0, 'QBC309', 281, 429, 22, 67, 113, 5, 3, 10, 16, 22
1, 500, 150.0, 0.0, 150.0, 0.0, 'C1S9EV', 288, 398, 13, 69, 93, 8, 2, 27, 31, 20
1, 500, 24.0, 0.0, 24.0, 0.0, '1PQFE2', 302, 411, 30, 79, 98, 5, 7, 21, 31, 6
1, 500, 96.0, 0.0, 96.0, 0.0, 'N66NG6', 301, 396, 14, 77, 110, 17, 5, 2, 36, 5
1, 500, 15.0, 0.0, 15.0, 0.0, 'PAFZ3G', 315, 417, 26, 78, 109, 12, 1, 15, 11, 19
1, 500, 30.0, 0.0, 30.0, 0.0, 'T4DSDQ', 294, 408, 22, 65, 108, 6, 4, 15, 25, 1
1, 500, 22.0, 0.0, 22.0, 0.0, 'SHJ6D0', 297, 420, 22, 65, 100, 5, 1, 21, 28, 3
1, 500, 135.0, 0.0, 135.0, 0.0, 'E93C30', 292, 381, 24, 43, 110, 7, 6, 22, 27, 17
1, 500, 21.0, 0.0, 21.0, 0.0, 'OXJTQC', 311, 405, 19, 83, 92, 10, 1, 12, 38, 8
1, 500, 20.0, 0.0, 20.0, 0.0, 'N7R4WL', 306, 380, 25, 70, 107, 6, 4, 9, 10, 1
1, 500, 490.0, 0.0, 490.0, 0.0, 'J4KIEE', 299, 414, 15, 55, 109, 13, 1, 14, 10, 14
1, 500, 23.0, 0.0, 23.0, 0.0, 'ED1O5M', 310, 427, 23, 59, 98, 5, 3, 19, 27, 1
1, 500, 55.0, 0.0, 55.0, 0.0, 'ZOVQ4P', 299, 399, 14, 89, 97.9, 5, 1, 12, 12, 9
1, 500, 35.0, 0.0, 35.0, 0.0, 'PJ2X03', 301, 394, 18, 84, 117, 5, 6, 17, 13, 10
1, 500, 316.0, 0.0, 316.0, 0.0, '05VHOH', 306, 381, 17, 71, 112, 13, 7, 9, 20, 20
1, 500, 17.0, 0.0, 17.0, 0.0, 'Y5IC4K', 297, 386, 22, 60, 101, 7, 2, 5, 19, 11
1, 500, 21.0, 0.0, 21.0, 0.0, 'MFTMG6', 302, 406, 23, 77, 98, 8, 3, 18, 24, 6
1, 500, 426.0, 0.0, 426.0, 0.0, 'TWK2DT', 298, 408, 21, 81, 114, 7, 1, 13, 36, 23
1, 500, 16.0, 0.0, 16.0, 0.0, 'OSDGYB', 298, 406, 15, 65, 117, 11, 5, 19, 5, 14
1, 500, 186.0, 0.0, 186.0, 0.0, 'LYQCVM', 302, 412, 21, 79, 100, 5, 2, 17, 38, 29
1, 500, 113.0, 0.0, 113.0, 0.0, 'S5BZIO', 301, 409, 26, 48, 94, 8, 8, 14, 18, 26
1, 500, 189.0, 0.0, 189.0, 0.0, 'YGDV4Q', 301, 425, 12, 65, 98, 6, 2, 18, 22, 23
1, 500, 13.0, 0.0, 13.0, 0.0, 'QLZVLF', 310, 404, 31, 80, 98, 15, 1, 10, 20, 1
1, 500, 24.0, 0.0, 24.0, 0.0, 'HHDN5I', 299, 386, 19, 69, 112, 6, 2, 18, 27, 19
1, 500, 17.0, 0.0, 17.0, 0.0, 'BBBC05', 307, 413, 17, 73, 106, 21, 3, 21, 15, 14
1, 500, 28.0, 0.0, 28.0, 0.0, 'BW9STM', 272, 419, 14, 53, 102, 5, 6, 8, 25, 1
1, 500, 36.0, 0.0, 36.0, 0.0, 'KKSQ4G', 302, 408, 24, 83, 100, 5, 2, 11, 38, 17
1, 500, 17.0, 0.0, 17.0, 0.0, 'EC2DYA', 300, 404, 23, 61, 107, 17, 2, 12, 37, 13
1, 500, 113.0, 0.0, 113.0, 0.0, '77RD97', 296, 389, 15, 83, 116, 8, 1, 15, 26, 7
1, 500, 500.0, 0.0, 500.0, 0.0, '13DGOW', 305, 407, 19, 61, 82, 8, 3, 15, 26, 26
1, 500, 57.0, 0.0, 57.0, 0.0, 'Z7O4G4', 298, 411, 19, 67, 108, 13, 1, 12, 11, 9
1, 500, 34.0, 0.0, 34.0, 0.0, '46KGKO', 296, 401, 22, 59, 108, 5, 1, 11, 18, 9
1, 500, 15.0, 0.0, 15.0, 0.0, 'PN1QPH', 304, 401, 19, 69, 102, 11, 1, 21, 13, 27
1, 500, 17.0, 0.0, 17.0, 0.0, 'B2H4A6', 278, 401, 18, 74, 124, 17, 1, 10, 40, 7
1, 500, 7.0, 0.0, 7.0, 0.0, '4KKX4C', 298, 389, 14, 72, 79.2, 20, 3, 15, 1, 17
1, 500, 20.0, 0.0, 20.0, 0.0, 'XHDZ6M', 295, 400, 11, 55, 103, 13, 1, 19, 21, 5
1, 500, 6.0, 0.0, 6.0, 0.0, 'K6B5UW', 305, 386, 17, 57, 107, 25, 3, 9, 18, 9
1, 500, 332.0, 0.0, 332.0, 0.0, 'CIAQCB', 310, 432, 15, 71, 90, 6, 1, 7, 18, 9
1, 500, 20.0, 0.0, 20.0, 0.0, '4ZRNTO', 298, 391, 22, 75, 101, 13, 2, 17, 21, 3
1, 500, 13.0, 0.0, 13.0, 0.0, 'GLUXD6', 300, 381, 20, 56, 85, 11, 2, 15, 8, 16
1, 500, 25.0, 0.0, 25.0, 0.0, 'EY8A9W', 307, 399, 18, 68, 94, 13, 4, 15, 19, 14
1, 500, 161.0, 0.0, 161.0, 0.0, 'V9OZ04', 313, 420, 24, 75, 95, 7, 1, 15, 29, 22
1, 500, 12.0, 0.0, 12.0, 0.0, '135QYD', 293, 431, 26, 56, 116, 10, 1, 18, 19, 4
1, 500, 48.0, 0.0, 48.0, 0.0, '7UTSMA', 305, 384, 26, 80, 96, 11, 8, 16, 32, 12
1, 500, 30.0, 0.0, 30.0, 0.0, 'GYX2NH', 289, 419, 18, 62, 91, 13, 1, 28, 14, 1
1, 500, 100.0, 0.0, 100.0, 0.0, 'V1J31N', 300, 382, 21, 82, 107, 12, 4, 22, 12, 19
1, 500, 21.0, 0.0, 21.0, 0.0, '1LYX8X', 305, 378, 22, 77, 103, 15, 1, 10, 15, 1
1, 500, 17.0, 0.0, 17.0, 0.0, 'GJAV2E', 292, 395, 21, 65, 76, 12, 1, 17, 22, 9
1, 500, 18.0, 0.0, 18.0, 0.0, 'UV7VCR', 293, 414, 13, 82, 101, 6, 8, 16, 20, 1
1, 500, 80.0, 0.0, 80.0, 0.0, '88K6EU', 306, 401, 19, 66, 101, 13, 1, 19, 25, 17
1, 500, 15.0, 0.0, 15.0, 0.0, 'PJJHD3', 303, 411, 17, 67, 92, 10, 1, 16, 31, 1
1, 500, 17.0, 0.0, 17.0, 0.0, 'WPCOF3', 291, 400, 27, 95, 104.50000000000001, 5, 3, 9, 10, 11
1, 500, 52.0, 0.0, 52.0, 0.0, 'WB79Z0', 319, 398, 6, 78, 103, 5, 6, 12, 41, 16
1, 500, 340.0, 0.0, 340.0, 0.0, '89H3WQ', 300, 410, 12, 69, 113, 5, 7, 16, 27, 10
1, 500, 278.0, 0.0, 278.0, 0.0, '1XDFFE', 301, 386, 16, 62, 91, 7, 4, 15, 19, 14
1, 500, 62.0, 0.0, 62.0, 0.0, 'F5GAX4', 310, 384, 18, 69, 96, 5, 2, 24, 37, 9
1, 500, 40.0, 0.0, 40.0, 0.0, 'WN6VFG', 307, 379, 21, 66, 108, 12, 4, 17, 23, 20
1, 500, 205.0, 0.0, 205.0, 0.0, 'TSTR3I', 285, 400, 9, 71, 101, 8, 4, 13, 21, 18
1, 500, 61.0, 0.0, 61.0, 0.0, 'XLYWJ0', 310, 384, 22, 61, 94, 10, 5, 12, 24, 15
1, 500, 10.0, 0.0, 10.0, 0.0, 'NDPAFR', 310, 379, 18, 80, 111, 17, 6, 12, 1, 8
1, 500, 18.0, 0.0, 18.0, 0.0, 'C35F2R', 302, 401, 21, 85, 105, 20, 4, 14, 12, 22
1, 500, 18.0, 0.0, 18.0, 0.0, 'HLVMBP', 297, 401, 30, 53, 109, 9, 1, 9, 27, 8
1, 500, 122.0, 0.0, 122.0, 0.0, 'F70FPX', 276, 398, 16, 62, 103, 5, 3, 9, 29, 22
1, 500, 28.0, 0.0, 28.0, 0.0, 'VWN827', 299, 375, 18, 48, 87, 9, 1, 17, 26, 23
1, 500, 19.0, 0.0, 19.0, 0.0, 'YANXZ1', 296, 406, 14, 62, 101, 16, 5, 15, 25, 6
1, 500, 23.0, 0.0, 23.0, 0.0, '6FAAID', 300, 380, 21, 61, 109, 10, 3, 20, 24, 1
1, 500, 63.0, 0.0, 63.0, 0.0, 'PPLL0Y', 302, 419, 28, 68, 83, 7, 1, 14, 29, 17
1, 500, 19.0, 0.0, 19.0, 0.0, '2CDW6Q', 312, 402, 32, 71, 92, 13, 9, 14, 34, 1
1, 500, 89.0, 0.0, 89.0, 0.0, 'PWQ9X7', 304, 353, 9, 61, 96, 13, 3, 11, 14, 24
1, 500, 31.0, 0.0, 31.0, 0.0, 'NHIH0C', 288, 418, 15, 59, 103, 5, 5, 24, 22, 6
1, 500, 48.0, 0.0, 48.0, 0.0, 'UV53YH', 277, 408, 19, 79, 86.9, 17, 6, 13, 23, 13
1, 500, 32.0, 0.0, 32.0, 0.0, '2AZCB8', 301, 392, 24, 67, 88, 5, 1, 18, 42, 23
1, 500, 46.0, 0.0, 46.0, 0.0, 'J5L0PM', 298, 383, 20, 76, 115, 12, 3, 9, 27, 18
1, 500, 87.0, 0.0, 87.0, 0.0, 'IKAKHU', 305, 405, 10, 65, 92, 11, 3, 14, 22, 10
1, 500, 20.0, 0.0, 20.0, 0.0, '0690V9', 295, 379, 13, 58, 98, 13, 1, 13, 31, 10
1, 500, 17.0, 0.0, 17.0, 0.0, 'MCXKAA', 299, 402, 17, 42, 108, 13, 8, 8, 32, 34
1, 500, 69.0, 0.0, 69.0, 0.0, 'JF7BRH', 325, 363, 26, 86, 96, 7, 6, 13, 23, 3
1, 500, 35.0, 0.0, 35.0, 0.0, '11CLC2', 310, 382, 22, 74, 105, 5, 3, 12, 31, 25
1, 500, 20.0, 0.0, 20.0, 0.0, '72PO1I', 302, 374, 30, 70, 122, 7, 3, 16, 17, 5
1, 500, 34.0, 0.0, 34.0, 0.0, 'D9OGUN', 294, 385, 21, 69, 103, 18, 1, 17, 21, 2
1, 500, 87.0, 0.0, 87.0, 0.0, 'A80R7B', 296, 396, 13, 76, 104, 12, 5, 15, 26, 13
1, 500, 124.0, 0.0, 124.0, 0.0, 'UUK1UW', 299, 417, 20, 82, 106, 10, 6, 16, 25, 18
1, 500, 19.0, 0.0, 19.0, 0.0, '0AL9TQ', 303, 425, 29, 62, 83, 9, 3, 13, 17, 10
1, 500, 29.0, 0.0, 29.0, 0.0, 'AN57OS', 298, 380, 15, 85, 93.50000000000001, 11, 6, 14, 21, 1
1, 500, 112.0, 0.0, 112.0, 0.0, 'CJQ08D', 302, 404, 16, 76, 97, 12, 1, 11, 7, 20
1, 500, 194.0, 0.0, 194.0, 0.0, 'SL3FM9', 303, 383, 14, 63, 86, 10, 4, 21, 12, 8
1, 500, 64.0, 0.0, 64.0, 0.0, 'CEFZKY', 301, 409, 22, 83, 102, 8, 3, 23, 27, 9
1, 500, 75.0, 0.0, 75.0, 0.0, 'DS05Y2', 296, 410, 21, 81, 89.10000000000001, 6, 3, 17, 41, 18
1, 500, 19.0, 0.0, 19.0, 0.0, 'VYH387', 315, 387, 22, 75, 103, 12, 1, 21, 35, 13
1, 500, 222.0, 0.0, 222.0, 0.0, 'G4N613', 293, 400, 8, 76, 110, 9, 7, 13, 21, 12
1, 500, 39.0, 0.0, 39.0, 0.0, 'DVT0GZ', 283, 417, 23, 59, 88, 7, 3, 14, 17, 11
1, 500, 38.0, 0.0, 38.0, 0.0, '3ATPX8', 322, 386, 12, 67, 107, 13, 1, 17, 59, 26
1, 500, 28.0, 0.0, 28.0, 0.0, 'FCXETD', 312, 430, 24, 70, 109, 10, 2, 10, 32, 1
1, 500, 26.0, 0.0, 26.0, 0.0, '3MZA9V', 302, 396, 22, 73, 102, 15, 7, 24, 15, 17
1, 500, 23.0, 0.0, 23.0, 0.0, 'FL2XVB', 287, 403, 27, 66, 112, 5, 4, 16, 18, 12
1, 500, 22.0, 0.0, 22.0, 0.0, 'URWVBM', 311, 401, 22, 68, 126, 14, 5, 23, 21, 11
1, 500, 18.0, 0.0, 18.0, 0.0, '68P7RY', 287, 424, 12, 75, 111, 11, 6, 16, 30, 1
1, 500, 19.0, 0.0, 19.0, 0.0, 'ACOYM5', 301, 394, 22, 72, 108, 15, 1, 22, 30, 4
1, 500, 66.0, 0.0, 66.0, 0.0, 'F1RLIX', 293, 423, 16, 82, 92, 5, 2, 14, 33, 10
1, 500, 105.0, 0.0, 105.0, 0.0, 'EB7H3T', 303, 393, 13, 63, 86, 5, 3, 17, 20, 9
1, 500, 27.0, 0.0, 27.0, 0.0, '45F95W', 302, 391, 23, 57, 101, 5, 4, 14, 27, 6
1, 500, 14.0, 0.0, 14.0, 0.0, 'I27EDD', 287, 427, 28, 78, 87, 22, 4, 18, 20, 14
1, 500, 26.0, 0.0, 26.0, 0.0, 'C9VPNX', 285, 401, 14, 77, 92, 8, 1, 11, 39, 4
1, 500, 187.0, 0.0, 187.0, 0.0, '22U2IK', 314, 381, 23, 66, 79, 15, 1, 19, 21, 31
1, 500, 27.0, 0.0, 27.0, 0.0, '1J72IM', 295, 401, 15, 63, 117, 15, 6, 21, 21, 5
1, 500, 53.0, 0.0, 53.0, 0.0, '2QPTMP', 284, 396, 27, 67, 85, 5, 8, 21, 30, 24
1, 500, 171.0, 0.0, 171.0, 0.0, 'JMJ200', 295, 407, 17, 60, 93, 5, 3, 13, 33, 22
1, 500, 230.0, 0.0, 230.0, 0.0, '6KZO8I', 307, 364, 15, 45, 106, 8, 2, 17, 21, 20
1, 500, 24.0, 0.0, 24.0, 0.0, 'DFHT1J', 291, 397, 19, 62, 101, 8, 1, 17, 34, 1
1, 500, 21.0, 0.0, 21.0, 0.0, 'ENKV22', 283, 346, 19, 72, 83, 10, 1, 18, 19, 1
1, 500, 46.0, 0.0, 46.0, 0.0, 'Y833JA', 295, 398, 16, 76, 118, 8, 9, 22, 30, 1
1, 500, 20.0, 0.0, 20.0, 0.0, 'LLZU8G', 276, 414, 22, 95, 104.50000000000001, 5, 1, 11, 25, 19
1, 500, 293.0, 0.0, 293.0, 0.0, '5UZQE1', 317, 393, 22, 60, 96, 8, 4, 21, 12, 15
1, 500, 24.0, 0.0, 24.0, 0.0, 'BO7NMA', 316, 393, 15, 89, 115, 14, 1, 19, 29, 1
1, 500, 120.0, 0.0, 120.0, 0.0, 'UKXXU7', 296, 415, 15, 85, 95, 16, 1, 13, 23, 16
1, 500, 19.0, 0.0, 19.0, 0.0, 'ZG9301', 304, 431, 29, 74, 102, 8, 5, 15, 33, 23
1, 500, 41.0, 0.0, 41.0, 0.0, 'BNVBNA', 294, 389, 19, 80, 88.0, 9, 1, 17, 27, 5
1, 500, 76.0, 0.0, 76.0, 0.0, 'OC4OZV', 304, 414, 12, 67, 113, 16, 1, 13, 11, 21
1, 500, 42.0, 0.0, 42.0, 0.0, '6CVQ9Y', 307, 403, 14, 66, 99, 5, 4, 19, 30, 2
1, 500, 34.0, 0.0, 34.0, 0.0, '0JGBH2', 294, 410, 17, 79, 105, 8, 6, 26, 21, 11
1, 500, 24.0, 0.0, 24.0, 0.0, 'WI3WM3', 303, 404, 20, 68, 99, 12, 3, 19, 29, 22
1, 500, 7.0, 0.0, 7.0, 0.0, '5TYBBE', 291, 422, 19, 47, 109, 17, 2, 7, 25, 20
1, 500, 23.0, 0.0, 23.0, 0.0, 'HRT8SU', 310, 395, 22, 65, 99, 13, 6, 15, 20, 8
1, 500, 150.0, 0.0, 150.0, 0.0, 'RPYI0K', 305, 410, 19, 61, 103, 11, 2, 23, 20, 14
1, 500, 28.0, 0.0, 28.0, 0.0, '353MKV', 299, 404, 18, 56, 86, 17, 1, 13, 9, 31
1, 500, 16.0, 0.0, 16.0, 0.0, 'SZFPA6', 289, 406, 22, 61, 91, 5, 2, 11, 12, 2
1, 500, 24.0, 0.0, 24.0, 0.0, 'A5T2Z8', 317, 398, 25, 73, 97, 5, 3, 15, 11, 5
1, 500, 42.0, 0.0, 42.0, 0.0, 'WTKQS2', 309, 389, 11, 81, 97, 7, 1, 19, 18, 3
1, 500, 14.0, 0.0, 14.0, 0.0, 'WQVJYA', 291, 385, 24, 86, 94.60000000000001, 5, 1, 16, 9, 1
1, 500, 27.0, 0.0, 27.0, 0.0, '6B7YXE', 312, 399, 17, 78, 104, 12, 2, 11, 28, 9
1, 500, 91.0, 0.0, 91.0, 0.0, 'I4NK86', 294, 398, 14, 74, 117, 10, 7, 25, 23, 1
1, 500, 256.0, 0.0, 256.0, 0.0, 'JIG47D', 307, 391, 17, 83, 91.30000000000001, 5, 6, 16, 37, 11
1, 500, 25.0, 0.0, 25.0, 0.0, 'BR3GTF', 299, 397, 17, 78, 108, 10, 7, 10, 15, 19
1, 500, 153.0, 0.0, 153.0, 0.0, 'OWGSGP', 302, 384, 18, 65, 81, 7, 4, 11, 32, 19
1, 500, 42.0, 0.0, 42.0, 0.0, '44L0BS', 304, 392, 18, 82, 103, 7, 1, 13, 35, 7
1, 500, 18.0, 0.0, 18.0, 0.0, '8R63DM', 296, 375, 23, 63, 102, 11, 5, 9, 26, 13
1, 500, 11.0, 0.0, 11.0, 0.0, 'S9S3IS', 280, 385, 30, 66, 95, 7, 1, 8, 18, 1
1, 500, 500.0, 0.0, 500.0, 0.0, 'J4SWPT', 279, 385, 10, 86, 100, 11, 1, 12, 1, 13
1, 500, 57.0, 0.0, 57.0, 0.0, 'HH7YU8', 309, 398, 23, 74, 114, 5, 6, 15, 30, 9
1, 500, 19.0, 0.0, 19.0, 0.0, '2IZC8V', 310, 428, 18, 51, 112, 9, 1, 22, 34, 9
1, 500, 25.0, 0.0, 25.0, 0.0, 'G8XDEP', 285, 427, 19, 57, 98, 12, 4, 21, 37, 1
1, 500, 42.0, 0.0, 42.0, 0.0, '2A1DK8', 294, 395, 20, 66, 97, 7, 5, 15, 22, 9
1, 500, 68.0, 0.0, 68.0, 0.0, 'F1X9BE', 305, 404, 5, 74, 86, 7, 1, 22, 15, 4
1, 500, 12.0, 0.0, 12.0, 0.0, 'QDA1T7', 296, 407, 27, 79, 104, 5, 1, 8, 29, 29
1, 500, 22.0, 0.0, 22.0, 0.0, 'WYC22A', 291, 388, 23, 67, 115, 5, 3, 15, 23, 2
1, 500, 30.0, 0.0, 30.0, 0.0, 'S1IYBH', 299, 418, 7, 88, 106, 12, 4, 16, 2, 7
1, 500, 56.0, 0.0, 56.0, 0.0, 'HV7BIM', 302, 382, 13, 85, 103, 6, 1, 22, 35, 16
1, 500, 146.0, 0.0, 146.0, 0.0, 'QQWQRA', 292, 423, 19, 55, 114, 10, 3, 16, 28, 18
1, 500, 17.0, 0.0, 17.0, 0.0, 'RLWP8H', 289, 407, 25, 81, 96, 10, 4, 20, 18, 1
1, 500, 35.0, 0.0, 35.0, 0.0, '8V6Y6I', 306, 387, 17, 56, 107, 12, 1, 18, 22, 1
1, 500, 26.0, 0.0, 26.0, 0.0, '7405LM', 306, 413, 25, 60, 114, 11, 4, 14, 39, 5
1, 500, 12.0, 0.0, 12.0, 0.0, 'TEKF85', 310, 393, 18, 72, 114, 15, 1, 21, 15, 3
1, 500, 21.0, 0.0, 21.0, 0.0, 'QNFVC0', 304, 416, 26, 62, 95, 13, 1, 17, 40, 15
1, 500, 48.0, 0.0, 48.0, 0.0, 'ZIOT0Q', 292, 425, 17, 72, 86, 8, 5, 15, 30, 1
1, 500, 151.0, 0.0, 151.0, 0.0, 'AK81WW', 298, 395, 15, 78, 98, 13, 1, 20, 22, 28
1, 500, 21.0, 0.0, 21.0, 0.0, '0O0LY2', 283, 415, 23, 76, 87, 10, 4, 10, 7, 12
1, 500, 24.0, 0.0, 24.0, 0.0, 'S0FXWM', 293, 433, 18, 73, 107, 11, 3, 17, 25, 14
1, 500, 152.0, 0.0, 152.0, 0.0, 'MSAN5S', 314, 416, 12, 66, 92, 13, 3, 12, 37, 15
1, 500, 82.0, 0.0, 82.0, 0.0, 'WAQXXS', 288, 398, 23, 64, 97, 5, 3, 16, 34, 6
1, 500, 59.0, 0.0, 59.0, 0.0, 'C5H2B7', 298, 396, 11, 64, 91, 8, 1, 12, 16, 15
1, 500, 162.0, 0.0, 162.0, 0.0, 'NVX6N5', 293, 406, 27, 75, 98, 10, 2, 13, 24, 15
1, 500, 29.0, 0.0, 29.0, 0.0, 'LU6JCW', 302, 413, 14, 64, 84, 10, 1, 13, 29, 9
1, 500, 63.0, 0.0, 63.0, 0.0, '010LW9', 290, 396, 13, 57, 121, 19, 3, 17, 18, 17
1, 500, 25.0, 0.0, 25.0, 0.0, '1J352W', 294, 406, 20, 83, 108, 5, 5, 22, 17, 1
1, 500, 61.0, 0.0, 61.0, 0.0, '1VWAB1', 286, 413, 13, 74, 88, 12, 1, 18, 28, 13
1, 500, 71.0, 0.0, 71.0, 0.0, 'J8CNEW', 298, 397, 17, 53, 103, 10, 1, 12, 26, 23
1, 500, 13.0, 0.0, 13.0, 0.0, '5VNSJ6', 307, 417, 19, 68, 110, 13, 8, 18, 12, 1
1, 500, 500.0, 0.0, 500.0, 0.0, 'F56OL7', 284, 398, 15, 64, 81, 12, 4, 16, 13, 27
1, 500, 87.0, 0.0, 87.0, 0.0, 'I0K4IQ', 311, 419, 19, 59, 99, 18, 2, 14, 20, 12
1, 500, 21.0, 0.0, 21.0, 0.0, 'F0VH3O', 299, 406, 20, 76, 96, 6, 1, 14, 12, 12
1, 500, 22.0, 0.0, 22.0, 0.0, 'Y1NQKT', 291, 403, 13, 92, 101.2, 13, 2, 14, 33, 5
1, 500, 272.0, 0.0, 272.0, 0.0, 'W86B5X', 292, 407, 21, 65, 78, 9, 5, 21, 21, 14
1, 500, 21.0, 0.0, 21.0, 0.0, 'KZX3JT', 298, 383, 19, 63, 98, 12, 4, 8, 20, 15
1, 500, 15.0, 0.0, 15.0, 0.0, '3VP0HX', 300, 399, 20, 56, 92, 7, 1, 9, 20, 6
1, 500, 77.0, 0.0, 77.0, 0.0, 'ET6RQ0', 280, 383, 20, 74, 100, 9, 1, 7, 39, 5
1, 500, 227.0, 0.0, 227.0, 0.0, 'KP35AN', 302, 387, 19, 67, 110, 5, 4, 8, 21, 6
1, 500, 28.0, 0.0, 28.0, 0.0, 'DULKX5', 299, 376, 18, 63, 96, 12, 1, 14, 31, 12
1, 500, 73.0, 0.0, 73.0, 0.0, 'J981NJ', 285, 426, 23, 57, 107, 8, 4, 12, 43, 12
1, 500, 21.0, 0.0, 21.0, 0.0, 'G1X8N4', 297, 398, 19, 53, 104, 12, 3, 10, 39, 9
1, 500, 32.0, 0.0, 32.0, 0.0, '5YZAQV', 299, 431, 20, 64, 116, 9, 2, 18, 43, 1
1, 500, 15.0, 0.0, 15.0, 0.0, 'I9T5AN', 303, 408, 17, 70, 114, 10, 1, 14, 12, 1
1, 500, 11.0, 0.0, 11.0, 0.0, '7RJYHM', 303, 387, 20, 52, 98, 17, 2, 23, 23, 13
1, 500, 35.0, 0.0, 35.0, 0.0, 'M21IDF', 302, 407, 24, 74, 101, 12, 1, 18, 30, 1
1, 500, 42.0, 0.0, 42.0, 0.0, 'U0NL2O', 297, 365, 20, 79, 106, 9, 4, 14, 26, 24
1, 500, 42.0, 0.0, 42.0, 0.0, 'HF7CI7', 286, 423, 16, 82, 94, 17, 1, 17, 20, 29
1, 500, 157.0, 0.0, 157.0, 0.0, 'FFJ8EB', 311, 376, 19, 90, 105, 14, 1, 18, 31, 32
1, 500, 28.0, 0.0, 28.0, 0.0, '8ACYWZ', 295, 403, 22, 81, 94, 13, 8, 14, 15, 10
1, 500, 26.0, 0.0, 26.0, 0.0, 'E9LJL8', 308, 398, 20, 86, 116, 9, 1, 12, 14, 1
1, 500, 138.0, 0.0, 138.0, 0.0, 'IJ2C7L', 293, 425, 15, 74, 87, 6, 1, 17, 50, 14
1, 500, 12.0, 0.0, 12.0, 0.0, 'M245HL', 289, 448, 26, 72, 108, 5, 1, 18, 12, 34
1, 500, 16.0, 0.0, 16.0, 0.0, 'YEWR88', 301, 423, 15, 66, 108, 6, 1, 15, 12, 1
1, 500, 500.0, 0.0, 500.0, 0.0, 'WT9ONY', 306, 420, 17, 64, 97, 5, 5, 15, 32, 21
1, 500, 67.0, 0.0, 67.0, 0.0, '3BJY6Y', 284, 364, 17, 93, 103, 9, 1, 13, 20, 10
1, 500, 64.0, 0.0, 64.0, 0.0, 'F67R5A', 299, 426, 14, 83, 98, 9, 1, 13, 24, 22
1, 500, 15.0, 0.0, 15.0, 0.0, 'N85Z78', 294, 394, 23, 76, 87, 15, 5, 16, 28, 1
1, 500, 290.0, 0.0, 290.0, 0.0, '9PKOGZ', 293, 382, 16, 64, 99, 5, 5, 21, 9, 12
1, 500, 200.0, 0.0, 200.0, 0.0, '1EVX26', 286, 388, 17, 60, 102, 5, 2, 12, 9, 20
1, 500, 77.0, 0.0, 77.0, 0.0, 'VM194D', 315, 406, 20, 68, 106, 13, 4, 12, 33, 5
1, 500, 14.0, 0.0, 14.0, 0.0, 'I4T8VL', 305, 349, 21, 73, 80.30000000000001, 18, 1, 23, 10, 1
1, 500, 30.0, 0.0, 30.0, 0.0, 'P7PXDC', 304, 401, 19, 71, 101, 5, 3, 11, 39, 1
1, 500, 17.0, 0.0, 17.0, 0.0, 'Y35XP3', 298, 392, 21, 63, 103, 5, 1, 19, 19, 7
1, 500, 25.0, 0.0, 25.0, 0.0, 'VI64FK', 285, 370, 23, 71, 95, 12, 8, 22, 52, 15
1, 500, 120.0, 0.0, 120.0, 0.0, '1OYDY2', 310, 411, 11, 62, 98, 5, 1, 17, 34, 8
1, 500, 21.0, 0.0, 21.0, 0.0, 'V5E5G6', 297, 408, 27, 82, 110, 10, 6, 22, 14, 5
1, 500, 25.0, 0.0, 25.0, 0.0, '1YEGAA', 288, 422, 16, 66, 96, 15, 2, 24, 15, 1
1, 500, 18.0, 0.0, 18.0, 0.0, 'GE3C4U', 304, 415, 23, 63, 102, 5, 3, 18, 18, 1
1, 500, 7.0, 0.0, 7.0, 0.0, 'QENLAK', 311, 387, 15, 68, 107, 25, 4, 18, 34, 8
1, 500, 23.0, 0.0, 23.0, 0.0, 'ELQSOE', 326, 399, 19, 67, 108, 8, 1, 25, 37, 1
1, 500, 27.0, 0.0, 27.0, 0.0, 'ITLS0W', 299, 391, 20, 82, 93, 13, 1, 12, 29, 10
1, 500, 36.0, 0.0, 36.0, 0.0, 'YN7JFK', 304, 411, 23, 65, 105, 14, 1, 18, 46, 28
1, 500, 45.0, 0.0, 45.0, 0.0, '1JA3I7', 315, 419, 20, 60, 104, 16, 1, 19, 35, 1
1, 500, 207.0, 0.0, 207.0, 0.0, 'S44AKP', 309, 404, 16, 64, 121, 13, 6, 20, 21, 18
1, 500, 500.0, 0.0, 500.0, 0.0, 'O3MUBP', 308, 426, 19, 64, 98, 5, 4, 12, 24, 9
1, 500, 15.0, 0.0, 15.0, 0.0, 'I3G4P3', 282, 375, 17, 69, 108, 16, 1, 24, 22, 1
1, 500, 25.0, 0.0, 25.0, 0.0, '51TSB0', 308, 419, 15, 89, 112, 8, 2, 18, 36, 1
1, 500, 48.0, 0.0, 48.0, 0.0, 'IJ67EI', 313, 410, 25, 68, 93, 5, 2, 22, 33, 18
1, 500, 298.0, 0.0, 298.0, 0.0, 'Q60ELQ', 283, 372, 11, 62, 91, 8, 1, 14, 31, 18
1, 500, 251.0, 0.0, 251.0, 0.0, 'EVPMMS', 325, 377, 16, 75, 86, 10, 5, 18, 26, 19
1, 500, 19.0, 0.0, 19.0, 0.0, 'Z36XJ9', 285, 388, 23, 65, 101, 11, 1, 4, 12, 19
1, 500, 95.0, 0.0, 95.0, 0.0, 'BAI2ZC', 302, 385, 19, 72, 95, 11, 1, 16, 33, 21
1, 500, 21.0, 0.0, 21.0, 0.0, 'TYRF76', 289, 405, 23, 60, 98, 6, 4, 19, 24, 1
1, 500, 259.0, 0.0, 259.0, 0.0, 'UPP0DK', 304, 393, 11, 70, 104, 11, 1, 24, 20, 28
1, 500, 64.0, 0.0, 64.0, 0.0, 'TT4ISU', 307, 405, 20, 80, 110, 19, 3, 18, 37, 8
1, 500, 62.0, 0.0, 62.0, 0.0, 'MVOHVY', 298, 387, 25, 73, 107, 7, 5, 16, 21, 4
1, 500, 134.0, 0.0, 134.0, 0.0, 'MXEZ8H', 294, 421, 14, 76, 83.60000000000001, 6, 7, 17, 24, 33
1, 500, 20.0, 0.0, 20.0, 0.0, 'L2H7WU', 288, 433, 24, 81, 112, 12, 1, 17, 26, 12
1, 500, 23.0, 0.0, 23.0, 0.0, 'OHVCI7', 320, 412, 10, 59, 98, 11, 4, 11, 18, 7
1, 500, 15.0, 0.0, 15.0, 0.0, '0JAE1Y', 298, 366, 20, 78, 85.80000000000001, 9, 1, 15, 42, 27
1, 500, 39.0, 0.0, 39.0, 0.0, 'GAHCWR', 301, 373, 11, 87, 97, 5, 1, 10, 15, 25
1, 500, 16.0, 0.0, 16.0, 0.0, '7KO3ZF', 307, 367, 19, 75, 98, 16, 1, 13, 18, 6
1, 500, 25.0, 0.0, 25.0, 0.0, '1UM0QV', 297, 410, 29, 75, 115, 5, 2, 14, 7, 5
1, 500, 18.0, 0.0, 18.0, 0.0, 'TUQ3CX', 301, 396, 23, 83, 106, 18, 1, 13, 26, 4
1, 500, 241.0, 0.0, 241.0, 0.0, 'HZA6S8', 288, 379, 6, 77, 115, 5, 6, 12, 20, 9
1, 500, 39.0, 0.0, 39.0, 0.0, '0KDI5Y', 295, 399, 25, 68, 115, 11, 1, 18, 22, 16
1, 500, 129.0, 0.0, 129.0, 0.0, 'XX8Z6A', 302, 393, 14, 61, 104, 8, 5, 15, 20, 11
1, 500, 20.0, 0.0, 20.0, 0.0, 'SGNSS8', 294, 384, 35, 64, 97, 7, 6, 17, 30, 1
1, 500, 198.0, 0.0, 198.0, 0.0, 'D1INFZ', 294, 386, 17, 67, 116, 9, 6, 7, 12, 30
1, 500, 22.0, 0.0, 22.0, 0.0, '23AS0D', 306, 392, 24, 72, 99, 5, 2, 16, 6, 4
1, 500, 33.0, 0.0, 33.0, 0.0, 'IMK3KZ', 292, 406, 15, 44, 99, 6, 1, 17, 37, 12
1, 500, 36.0, 0.0, 36.0, 0.0, '80VZKR', 306, 393, 15, 50, 78, 8, 6, 12, 33, 8
1, 500, 147.0, 0.0, 147.0, 0.0, 'FR5E1W', 280, 388, 23, 66, 103, 6, 5, 14, 11, 13
1, 500, 41.0, 0.0, 41.0, 0.0, 'YM4S0O', 304, 400, 18, 70, 100, 5, 3, 16, 37, 5
1, 500, 127.0, 0.0, 127.0, 0.0, '4UN9CC', 287, 404, 22, 55, 112, 11, 1, 20, 37, 16
1, 500, 158.0, 0.0, 158.0, 0.0, '1DD0YF', 286, 398, 20, 71, 109, 5, 1, 9, 43, 22
1, 500, 17.0, 0.0, 17.0, 0.0, 'MCAE4E', 295, 446, 27, 79, 98, 5, 5, 12, 20, 4
1, 500, 20.0, 0.0, 20.0, 0.0, '9V22XM', 302, 395, 21, 94, 103.4, 14, 1, 9, 47, 20
1, 500, 11.0, 0.0, 11.0, 0.0, 'DIUT7X', 300, 392, 25, 54, 93, 13, 9, 11, 12, 13
1, 500, 28.0, 0.0, 28.0, 0.0, 'W1JTGC', 289, 397, 22, 60, 102, 8, 4, 17, 27, 10
1, 500, 500.0, 0.0, 500.0, 0.0, '1Q736V', 287, 381, 16, 79, 119, 12, 1, 16, 26, 23
1, 500, 500.0, 0.0, 500.0, 0.0, 'F1ZDBF', 263, 384, 17, 69, 129, 8, 1, 13, 25, 40
1, 500, 111.0, 0.0, 111.0, 0.0, '6HVZ50', 261, 368, 11, 78, 123, 12, 1, 16, 29, 38
1, 500, 142.0, 0.0, 142.0, 0.0, 'KHX0QJ', 272, 349, 17, 92, 132, 12, 1, 15, 26, 35
1, 500, 36.0, 0.0, 36.0, 0.0, 'AMBCRG', 284, 344, 16, 95, 119, 14, 1, 16, 21, 46
1, 500, 64.0, 0.0, 64.0, 0.0, 'OIBUUO', 278, 357, 14, 72, 141, 13, 1, 10, 11, 53
1, 500, 454.0, 0.0, 454.0, 0.0, 'JGPGQB', 266, 376, 12, 56, 152, 7, 1, 8, 24, 53
1, 500, 157.0, 0.0, 157.0, 0.0, '0R44D6', 265, 391, 12, 61, 151, 5, 1, 13, 25, 60
1, 500, 500.0, 0.0, 500.0, 0.0, 'J6T7KL', 261, 379, 6, 69, 139, 7, 1, 2, 23, 55
1, 500, 8.0, 0.0, 8.0, 0.0, 'F8BZ6W', 256, 381, 5, 63, 144, 9, 2, 2, 8, 50
1, 500, 500.0, 0.0, 500.0, 0.0, 'GP2KLA', 241, 387, 5, 73, 157, 8, 2, 1, 24, 54
1, 500, 126.0, 0.0, 126.0, 0.0, 'IGU8CY', 247, 386, 5, 70, 156, 7, 2, 7, 25, 42
1, 500, 247.0, 0.0, 247.0, 0.0, 'REN45F', 237, 388, 5, 71, 155, 5, 3, 3, 24, 55
1, 500, 76.0, 0.0, 76.0, 0.0, '924JI0', 237, 381, 5, 79, 169, 8, 3, 3, 43, 55
1, 500, 500.0, 0.0, 500.0, 0.0, 'XV55G7', 251, 406, 8, 81, 174, 10, 5, 1, 27, 54
1, 500, 3.0, 0.0, 3.0, 0.0, 'S8PFQL', 262, 406, 13, 68, 165, 7, 5, 1, 27, 55
1, 500, 500.0, 0.0, 500.0, 0.0, 'GNFX9H', 267, 399, 18, 48, 172, 8, 7, 3, 35, 51
1, 500, 151.0, 0.0, 151.0, 0.0, 'RDVGY6', 263, 391, 16, 57, 178, 8, 5, 5, 25, 50
1, 500, 89.0, 0.0, 89.0, 0.0, '1JVHPW', 268, 388, 12, 55, 173, 10, 6, 12, 35, 53
1, 500, 500.0, 0.0, 500.0, 0.0, '8B4OX1', 263, 377, 18, 59, 172, 8, 9, 16, 42, 37
1, 500, 500.0, 0.0, 500.0, 0.0, 'CVEOSA', 260, 371, 19, 61, 172, 8, 10, 25, 46, 50
1, 500, 253.0, 0.0, 253.0, 0.0, 'FUDNZ9', 237, 375, 22, 68, 174, 8, 10, 29, 55, 52
1, 500, 500.0, 0.0, 500.0, 0.0, 'ZTGBG9', 232, 403, 18, 50, 170, 8, 7, 25, 61, 46
1, 500, 207.0, 0.0, 207.0, 0.0, '9MNK2Z', 234, 395, 19, 45, 166, 8, 10, 30, 65, 48
1, 500, 225.0, 0.0, 225.0, 0.0, 'AMAC83', 219, 394, 18, 45, 171, 5, 10, 23, 56, 53
1, 500, 18.0, 0.0, 18.0, 0.0, 'UVDQ5Y', 198, 415, 20, 57, 175, 12, 10, 27, 56, 40
1, 500, 241.0, 0.0, 241.0, 0.0, '8ZFTUH', 209, 398, 18, 52, 167, 7, 12, 32, 61, 53
1, 500, 64.0, 0.0, 64.0, 0.0, 'UFAPIT', 197, 401, 19, 46, 170, 5, 8, 31, 73, 38
1, 500, 315.0, 0.0, 315.0, 0.0, '1ZVF60', 190, 382, 16, 49, 173, 8, 10, 30, 68, 19
1, 500, 253.0, 0.0, 253.0, 0.0, 'SXM556', 198, 371, 17, 50, 171, 8, 12, 26, 66, 22
1, 500, 23.0, 0.0, 23.0, 0.0, 'S84XQJ', 194, 383, 16, 47, 167, 8, 6, 25, 55, 20
1, 500, 500.0, 0.0, 500.0, 0.0, 'KZPN7O', 191, 377, 17, 56, 164, 8, 7, 22, 59, 30
1, 500, 500.0, 0.0, 500.0, 0.0, 'RWHVKI', 186, 378, 18, 73, 162, 8, 5, 17, 70, 32
1, 500, 500.0, 0.0, 500.0, 0.0, 'HTA6RU', 182, 372, 19, 63, 166, 7, 4, 18, 77, 51
1, 500, 500.0, 0.0, 500.0, 0.0, 'VBGY3S', 193, 373, 19, 72, 165, 8, 6, 20, 80, 46
1, 500, 500.0, 0.0, 500.0, 0.0, '2XBO19', 191, 370, 18, 70, 164, 8, 6, 20, 80, 44
1, 500, 500.0, 0.0, 500.0, 0.0, 'D41N97', 187, 367, 19, 74, 157, 7, 4, 4, 73, 40
1, 500, 66.0, 0.0, 66.0, 0.0, 'LYJDRF', 175, 371, 21, 73, 146, 8, 5, 2, 72, 43
1, 500, 361.0, 0.0, 361.0, 0.0, '2W1RE6', 188, 353, 18, 74, 156, 5, 6, 3, 78, 50
1, 500, 500.0, 0.0, 500.0, 0.0, 'Z1IL7E', 186, 362, 14, 71, 157, 5, 6, 8, 91, 46
1, 500, 168.0, 0.0, 168.0, 0.0, '9JOC0Z', 186, 364, 15, 76, 158, 5, 4, 14, 91, 44
1, 500, 500.0, 0.0, 500.0, 0.0, 'B5S95V', 184, 358, 15, 65, 161, 8, 3, 12, 82, 43
1, 500, 500.0, 0.0, 500.0, 0.0, 'LZBVQP', 187, 357, 19, 70, 162, 8, 1, 23, 89, 44
1, 500, 130.0, 0.0, 130.0, 0.0, 'F7SA81', 191, 349, 15, 74, 159, 8, 5, 19, 89, 51
1, 500, 500.0, 0.0, 500.0, 0.0, '9VCS5F', 172, 374, 18, 69, 161, 7, 6, 17, 96, 41
1, 500, 306.0, 0.0, 306.0, 0.0, 'TMEE9E', 167, 372, 15, 57, 157, 6, 7, 17, 84, 50
1, 500, 262.0, 0.0, 262.0, 0.0, 'FJUT2Q', 161, 377, 17, 68, 161, 7, 9, 23, 74, 41
1, 500, 77.0, 0.0, 77.0, 0.0, '3H3Q3U', 176, 378, 13, 72, 162, 5, 9, 16, 80, 50
1, 500, 222.0, 0.0, 222.0, 0.0, 'T3DHOW', 186, 363, 17, 62, 156, 5, 8, 10, 70, 46
1, 500, 500.0, 0.0, 500.0, 0.0, '4QBSG2', 188, 364, 18, 69, 169, 11, 5, 10, 77, 47
1, 500, 380.0, 0.0, 380.0, 0.0, '4XWJ1Z', 177, 374, 18, 60, 170, 8, 5, 6, 77, 48
1, 500, 500.0, 0.0, 500.0, 0.0, 'ZSKRMY', 187, 366, 19, 60, 162, 9, 6, 7, 77, 56
1, 500, 500.0, 0.0, 500.0, 0.0, '524KDC', 184, 360, 19, 58, 166, 7, 6, 11, 78, 54
1, 500, 500.0, 0.0, 500.0, 0.0, 'YTF5GQ', 184, 376, 19, 61, 170, 9, 4, 12, 68, 55
1, 500, 161.0, 0.0, 161.0, 0.0, 'XNE72R', 183, 366, 20, 62, 166, 8, 1, 10, 68, 39
1, 500, 204.0, 0.0, 204.0, 0.0, '68E2V6', 188, 365, 18, 63, 171, 9, 4, 13, 57, 39
1, 500, 169.0, 0.0, 169.0, 0.0, 'XLCG5D', 185, 373, 18, 61, 159, 9, 4, 15, 43, 39
1, 500, 62.0, 0.0, 62.0, 0.0, 'MXJCW0', 186, 374, 18, 68, 167, 17, 1, 16, 51, 53
1, 500, 8.0, 0.0, 8.0, 0.0, '7BYH2Y', 189, 386, 19, 71, 159, 10, 1, 11, 34, 55
1, 500, 500.0, 0.0, 500.0, 0.0, 'EJ86YS', 193, 375, 17, 90, 172, 5, 2, 9, 36, 22
1, 500, 453.0, 0.0, 453.0, 0.0, 'H2RME1', 197, 373, 13, 91, 174, 6, 1, 1, 33, 19
1, 500, 1.0, 0.0, 1.0, 0.0, '0EIMVU', 202, 372, 17, 79, 171, 8, 1, 1, 23, 16
1, 500, 268.0, 0.0, 268.0, 0.0, 'BQM0DZ', 206, 374, 13, 85, 178, 5, 1, 1, 30, 23
1, 500, 83.0, 0.0, 83.0, 0.0, 'ERF8IR', 184, 369, 10, 90, 188, 5, 2, 4, 30, 22
1, 500, 72.0, 0.0, 72.0, 0.0, 'LHQB1E', 194, 376, 8, 105, 201, 5, 6, 5, 41, 22
1, 500, 202.0, 0.0, 202.0, 0.0, 'PFYVEK', 199, 371, 18, 108, 205, 5, 1, 7, 35, 30
1, 500, 9.0, 0.0, 9.0, 0.0, 'QGVWAV', 199, 370, 16, 107, 211, 7, 1, 1, 44, 29
1, 500, 185.0, 0.0, 185.0, 0.0, 'DAHMGD', 206, 398, 19, 96, 211, 8, 2, 1, 62, 25
1, 500, 500.0, 0.0, 500.0, 0.0, 'BQAXKG', 211, 377, 10, 92, 203, 5, 1, 1, 79, 46
1, 500, 18.0, 0.0, 18.0, 0.0, 'T1NHQR', 205, 373, 12, 81, 187, 5, 1, 1, 95, 47
1, 500, 3.0, 0.0, 3.0, 0.0, 'BWSQLK', 214, 365, 16, 71, 199, 5, 3, 1, 85, 40
1, 500, 165.0, 0.0, 165.0, 0.0, 'G3VBK0', 211, 375, 17, 58, 172, 5, 2, 1, 104, 28
1, 500, 500.0, 0.0, 500.0, 0.0, 'ME8UPW', 222, 387, 18, 60, 162, 8, 1, 3, 107, 31
1, 500, 66.0, 0.0, 66.0, 0.0, 'W4KLT5', 221, 371, 18, 59, 158, 7, 2, 6, 112, 30
1, 500, 199.0, 0.0, 199.0, 0.0, 'WM301V', 223, 380, 14, 69, 139, 9, 6, 5, 100, 29
1, 500, 145.0, 0.0, 145.0, 0.0, '98IVO0', 202, 403, 19, 62, 138, 9, 7, 7, 103, 37
1, 500, 500.0, 0.0, 500.0, 0.0, 'TPETVH', 210, 423, 14, 60, 161, 8, 4, 3, 97, 40
1, 500, 42.0, 0.0, 42.0, 0.0, 'W9V9YF', 201, 437, 15, 74, 171, 11, 4, 8, 92, 41
1, 500, 69.0, 0.0, 69.0, 0.0, '1LTJ2M', 191, 417, 14, 48, 163, 10, 1, 11, 78, 43
1, 500, 294.0, 0.0, 294.0, 0.0, 'DE7O5X', 157, 400, 18, 60, 161, 6, 1, 9, 80, 43
1, 500, 392.0, 0.0, 392.0, 0.0, 'EXGQDB', 147, 392, 17, 63, 161, 8, 1, 8, 67, 49
1, 500, 46.0, 0.0, 46.0, 0.0, 'X2FK4G', 146, 392, 18, 68, 164, 7, 1, 5, 79, 45
1, 500, 17.0, 0.0, 17.0, 0.0, 'Z06WVN', 160, 370, 23, 60, 166, 7, 1, 8, 85, 57
1, 500, 471.0, 0.0, 471.0, 0.0, 'FGMKB8', 152, 375, 18, 65, 172, 9, 7, 5, 85, 52
1, 500, 204.0, 0.0, 204.0, 0.0, '8107R7', 127, 345, 19, 61, 162, 7, 7, 10, 98, 70
1, 500, 242.0, 0.0, 242.0, 0.0, '7KSEJ0', 129, 359, 19, 64, 167, 5, 9, 8, 96, 67
1, 500, 131.0, 0.0, 131.0, 0.0, 'N5XNAJ', 137, 358, 15, 64, 154, 9, 7, 7, 102, 71
1, 500, 223.0, 0.0, 223.0, 0.0, 'HWESBR', 152, 375, 17, 56, 153, 9, 7, 20, 81, 59
1, 500, 500.0, 0.0, 500.0, 0.0, 'ICXPNP', 169, 355, 15, 53, 162, 8, 4, 20, 79, 56
1, 500, 295.0, 0.0, 295.0, 0.0, 'J598WP', 183, 341, 16, 55, 161, 6, 4, 24, 70, 53
1, 500, 98.0, 0.0, 98.0, 0.0, 'S8G9EF', 177, 316, 17, 50, 170, 8, 4, 23, 75, 57
1, 500, 500.0, 0.0, 500.0, 0.0, '7PW6MB', 185, 320, 18, 55, 170, 7, 7, 23, 81, 50
1, 500, 202.0, 0.0, 202.0, 0.0, 'IILZ33', 189, 325, 19, 56, 172, 9, 5, 22, 98, 53
1, 500, 500.0, 0.0, 500.0, 0.0, 'QEP0JF', 195, 316, 17, 56, 167, 7, 8, 18, 87, 47
1, 500, 218.0, 0.0, 218.0, 0.0, '2FCDX0', 192, 313, 19, 51, 165, 7, 9, 19, 85, 39
1, 500, 190.0, 0.0, 190.0, 0.0, 'SFKF0M', 186, 301, 17, 70, 170, 7, 9, 18, 87, 40
1, 500, 171.0, 0.0, 171.0, 0.0, 'R6C0SH', 190, 317, 17, 65, 171, 5, 7, 19, 80, 47
1, 500, 500.0, 0.0, 500.0, 0.0, 'NJJXRM', 193, 321, 18, 61, 166, 8, 8, 21, 85, 34
1, 500, 500.0, 0.0, 500.0, 0.0, 'GZJSR0', 187, 329, 20, 54, 165, 8, 8, 21, 85, 37
1, 500, 39.0, 0.0, 39.0, 0.0, 'AVB5I7', 182, 331, 19, 58, 169, 7, 3, 17, 70, 37
1, 500, 500.0, 0.0, 500.0, 0.0, 'EPBRHV', 200, 321, 18, 63, 169, 7, 7, 20, 68, 48
1, 500, 25.0, 0.0, 25.0, 0.0, 'TM2TLA', 196, 321, 27, 60, 167, 8, 5, 13, 69, 50
1, 500, 500.0, 0.0, 500.0, 0.0, '47A4CG', 204, 329, 23, 54, 171, 7, 7, 16, 78, 50
1, 500, 500.0, 0.0, 500.0, 0.0, '7TBMK3', 219, 332, 16, 53, 165, 7, 8, 20, 72, 49
1, 500, 201.0, 0.0, 201.0, 0.0, 'B9O382', 215, 339, 14, 53, 160, 8, 8, 18, 76, 46
1, 500, 500.0, 0.0, 500.0, 0.0, 'AUNX2Z', 206, 341, 22, 49, 167, 8, 8, 12, 84, 50
1, 500, 500.0, 0.0, 500.0, 0.0, 'X0J465', 206, 357, 15, 56, 164, 8, 6, 14, 84, 39
1, 500, 136.0, 0.0, 136.0, 0.0, 'DBOCEK', 211, 365, 16, 58, 166, 8, 6, 17, 95, 44
1, 500, 429.0, 0.0, 429.0, 0.0, 'Z3UVLT', 203, 324, 18, 67, 165, 7, 5, 19, 91, 40
1, 500, 123.0, 0.0, 123.0, 0.0, 'W50F0B', 198, 324, 17, 65, 165, 5, 6, 21, 86, 40
1, 500, 71.0, 0.0, 71.0, 0.0, 'KW1RVQ', 196, 335, 20, 57, 160, 7, 6, 19, 87, 43
1, 500, 94.0, 0.0, 94.0, 0.0, '3P1HON', 191, 333, 19, 55, 163, 8, 4, 15, 79, 52
1, 500, 500.0, 0.0, 500.0, 0.0, '5L7AK3', 191, 356, 19, 55, 162, 11, 7, 14, 88, 54
1, 500, 500.0, 0.0, 500.0, 0.0, 'TFQVU5', 184, 359, 18, 67, 167, 11, 8, 13, 76, 53
1, 500, 206.0, 0.0, 206.0, 0.0, 'NIMVEY', 195, 359, 18, 69, 163, 16, 8, 14, 75, 54
1, 500, 69.0, 0.0, 69.0, 0.0, 'OAQAEK', 188, 366, 19, 75, 165, 22, 7, 16, 82, 52
1, 500, 500.0, 0.0, 500.0, 0.0, '3O2IAL', 184, 372, 17, 82, 161, 13, 8, 13, 79, 41
1, 500, 500.0, 0.0, 500.0, 0.0, '1M2U71', 186, 374, 17, 56, 163, 12, 6, 11, 77, 53
1, 500, 500.0, 0.0, 500.0, 0.0, 'RCPMMR', 190, 372, 14, 55, 166, 10, 8, 11, 78, 50
1, 500, 500.0, 0.0, 500.0, 0.0, 'JGA49J', 191, 367, 13, 65, 163, 10, 8, 10, 77, 48
1, 500, 122.0, 0.0, 122.0, 0.0, '7JJ14M', 186, 367, 12, 61, 172, 11, 8, 8, 71, 43
1, 500, 343.0, 0.0, 343.0, 0.0, 'QIGOS0', 194, 382, 16, 65, 163, 13, 7, 12, 83, 54
1, 500, 204.0, 0.0, 204.0, 0.0, '6580TS', 200, 385, 17, 63, 165, 11, 6, 12, 83, 46
1, 500, 70.0, 0.0, 70.0, 0.0, 'MKUP4I', 191, 378, 19, 71, 173, 10, 9, 10, 89, 46
1, 500, 500.0, 0.0, 500.0, 0.0, 'VWF8Z8', 176, 365, 18, 61, 163, 6, 5, 8, 89, 44
1, 500, 72.0, 0.0, 72.0, 0.0, 'UWCG1I', 182, 356, 18, 51, 170, 10, 7, 7, 91, 35
1, 500, 18.0, 0.0, 18.0, 0.0, 'JLX6GK', 192, 381, 20, 61, 163, 14, 7, 8, 81, 53
1, 500, 101.0, 0.0, 101.0, 0.0, 'USSJD8', 194, 373, 13, 79, 164, 6, 8, 18, 83, 46
1, 500, 500.0, 0.0, 500.0, 0.0, 'JR63JU', 187, 381, 18, 92, 172, 10, 7, 12, 76, 55
1, 500, 500.0, 0.0, 500.0, 0.0, 'QXR365', 185, 374, 19, 90, 167, 7, 7, 9, 68, 54
1, 500, 284.0, 0.0, 284.0, 0.0, '3KNWYK', 178, 379, 19, 89, 164, 13, 6, 9, 80, 50
1, 500, 103.0, 0.0, 103.0, 0.0, '1HWZ7S', 188, 395, 18, 101, 170, 10, 6, 8, 66, 48
1, 500, 500.0, 0.0, 500.0, 0.0, '6R95MC', 185, 384, 16, 86, 169, 8, 6, 8, 66, 48
1, 500, 213.0, 0.0, 213.0, 0.0, 'APAIDI', 189, 375, 15, 88, 165, 7, 6, 7, 68, 47
1, 500, 500.0, 0.0, 500.0, 0.0, '7B9VSR', 205, 360, 18, 89, 169, 7, 5, 6, 62, 50
1, 500, 280.0, 0.0, 280.0, 0.0, 'HDTPV1', 214, 366, 19, 81, 165, 8, 4, 11, 77, 54
1, 500, 45.0, 0.0, 45.0, 0.0, 'HRL6DW', 218, 377, 19, 70, 172, 9, 4, 14, 70, 40
1, 500, 500.0, 0.0, 500.0, 0.0, 'WGZY4T', 211, 355, 15, 62, 171, 12, 8, 20, 59, 52
1, 500, 274.0, 0.0, 274.0, 0.0, 'GC0OAG', 213, 366, 15, 62, 170, 10, 5, 22, 67, 50
1, 500, 237.0, 0.0, 237.0, 0.0, 'U21DI4', 227, 354, 15, 58, 164, 12, 7, 29, 76, 52
1, 500, 500.0, 0.0, 500.0, 0.0, 'CX9XAS', 237, 365, 23, 54, 169, 8, 7, 25, 64, 56
1, 500, 500.0, 0.0, 500.0, 0.0, '0SSYS8', 232, 375, 20, 51, 163, 7, 7, 22, 54, 50
1, 500, 261.0, 0.0, 261.0, 0.0, 'ARMZG9', 225, 365, 19, 61, 161, 7, 7, 24, 46, 44
1, 500, 147.0, 0.0, 147.0, 0.0, 'QUY6YC', 235, 346, 22, 55, 167, 11, 11, 26, 43, 51
1, 500, 500.0, 0.0, 500.0, 0.0, '3S7T59', 257, 348, 23, 35, 168, 8, 15, 25, 53, 49
1, 500, 94.0, 0.0, 94.0, 0.0, '9R1WEQ', 258, 338, 22, 36, 170, 7, 15, 20, 47, 53
1, 500, 500.0, 0.0, 500.0, 0.0, 'UZJ84A', 261, 335, 20, 40, 168, 8, 15, 22, 59, 49
1, 500, 500.0, 0.0, 500.0, 0.0, '4Q3KW6', 263, 368, 22, 48, 170, 7, 11, 22, 66, 41
1, 500, 267.0, 0.0, 267.0, 0.0, '4RDRYK', 259, 363, 22, 49, 169, 8, 12, 22, 65, 39
1, 500, 140.0, 0.0, 140.0, 0.0, 'NEWNEQ', 258, 359, 18, 51, 169, 7, 19, 24, 60, 43
1, 500, 161.0, 0.0, 161.0, 0.0, 'KDOJSF', 253, 353, 19, 54, 166, 7, 15, 25, 76, 48
1, 500, 500.0, 0.0, 500.0, 0.0, '2TSA9T', 249, 360, 17, 69, 168, 12, 8, 22, 66, 49
1, 500, 116.0, 0.0, 116.0, 0.0, '5ZSP67', 252, 349, 24, 69, 171, 8, 8, 19, 68, 47
1, 500, 500.0, 0.0, 500.0, 0.0, '8A5S4P', 261, 365, 22, 56, 170, 8, 8, 21, 78, 59
1, 500, 500.0, 0.0, 500.0, 0.0, 'M1OI3L', 272, 367, 23, 50, 163, 8, 7, 20, 51, 65
1, 500, 500.0, 0.0, 500.0, 0.0, 'SZ0Q5U', 279, 359, 19, 48, 162, 8, 15, 21, 59, 76
1, 500, 21.0, 0.0, 21.0, 0.0, 'WL10LI', 270, 375, 18, 42, 164, 8, 16, 13, 60, 61
1, 500, 10.0, 0.0, 10.0, 0.0, 'HLOQGY', 266, 368, 20, 46, 168, 8, 14, 19, 63, 63
1, 500, 500.0, 0.0, 500.0, 0.0, '6O51VZ', 250, 369, 21, 49, 164, 5, 8, 21, 77, 68
1, 500, 500.0, 0.0, 500.0, 0.0, '96CKIV', 255, 377, 18, 52, 174, 5, 7, 23, 88, 62
1, 500, 232.0, 0.0, 232.0, 0.0, 'HH49NQ', 256, 355, 19, 51, 172, 8, 6, 18, 79, 55
1, 500, 272.0, 0.0, 272.0, 0.0, 'NKHY91', 256, 372, 22, 56, 162, 5, 7, 16, 72, 69
1, 500, 500.0, 0.0, 500.0, 0.0, 'VFCU83', 230, 370, 20, 50, 168, 5, 8, 23, 81, 69
1, 500, 500.0, 0.0, 500.0, 0.0, '6AI14M', 249, 373, 21, 48, 168, 7, 7, 20, 74, 71
1, 500, 500.0, 0.0, 500.0, 0.0, '75C345', 243, 364, 18, 60, 162, 7, 8, 25, 73, 81
1, 500, 311.0, 0.0, 311.0, 0.0, '5IXSIZ', 236, 363, 19, 65, 168, 12, 6, 26, 65, 84
1, 500, 500.0, 0.0, 500.0, 0.0, 'FMMEWG', 246, 377, 18, 63, 166, 12, 5, 22, 69, 97
1, 500, 500.0, 0.0, 500.0, 0.0, 'H933X5', 246, 358, 22, 63, 171, 11, 8, 25, 74, 100
1, 500, 500.0, 0.0, 500.0, 0.0, 'SFM4MA', 230, 357, 21, 57, 166, 11, 8, 21, 51, 113
1, 500, 127.0, 0.0, 127.0, 0.0, 'DSCEKQ', 252, 336, 16, 48, 168, 8, 8, 23, 56, 105
1, 500, 500.0, 0.0, 500.0, 0.0, 'JGUF96', 251, 350, 23, 52, 172, 11, 7, 24, 67, 111
1, 500, 500.0, 0.0, 500.0, 0.0, 'GOF4KH', 247, 361, 31, 56, 173, 5, 7, 21, 69, 119
1, 500, 500.0, 0.0, 500.0, 0.0, 'CV6DTV', 234, 376, 21, 51, 172, 11, 7, 22, 74, 134
1, 500, 500.0, 0.0, 500.0, 0.0, '46TZGP', 227, 350, 19, 53, 164, 11, 7, 25, 71, 128
1, 500, 181.0, 0.0, 181.0, 0.0, '9RE5AR', 221, 350, 20, 66, 164, 5, 8, 22, 65, 124
1, 500, 500.0, 0.0, 500.0, 0.0, 'QCVD9B', 220, 369, 15, 51, 165, 5, 8, 21, 68, 129
1, 500, 500.0, 0.0, 500.0, 0.0, 'CDQ4KU', 207, 374, 25, 52, 165, 5, 8, 24, 81, 132
1, 500, 500.0, 0.0, 500.0, 0.0, 'CE7COS', 208, 372, 23, 54, 183, 5, 8, 24, 65, 137
1, 500, 500.0, 0.0, 500.0, 0.0, '3II7IC', 217, 379, 21, 55, 174, 11, 7, 22, 67, 138
1, 500, 224.0, 0.0, 224.0, 0.0, 'FVPM4V', 226, 366, 26, 56, 174, 9, 9, 24, 66, 135
1, 500, 500.0, 0.0, 500.0, 0.0, 'S40QIU', 228, 368, 30, 58, 162, 12, 8, 22, 70, 129
1, 500, 500.0, 0.0, 500.0, 0.0, 'PQZBEB', 233, 362, 25, 51, 166, 11, 6, 22, 70, 123
1, 500, 162.0, 0.0, 162.0, 0.0, '29RWQ1', 245, 360, 21, 63, 163, 11, 8, 20, 69, 123
1, 500, 412.0, 0.0, 412.0, 0.0, 'PZN3KU', 256, 358, 24, 53, 165, 12, 7, 22, 58, 114
1, 500, 500.0, 0.0, 500.0, 0.0, '0VRPG1', 238, 370, 28, 62, 172, 6, 5, 23, 50, 114
1, 500, 500.0, 0.0, 500.0, 0.0, 'IPWNKS', 238, 367, 26, 56, 183, 5, 8, 23, 59, 113
1, 500, 500.0, 0.0, 500.0, 0.0, 'VF38XF', 253, 367, 35, 52, 190, 5, 7, 25, 66, 126
1, 500, 500.0, 0.0, 500.0, 0.0, '43DO85', 240, 376, 36, 60, 189, 5, 6, 25, 60, 126
1, 500, 500.0, 0.0, 500.0, 0.0, 'PKBA61', 241, 366, 28, 54, 194, 7, 7, 21, 58, 106
1, 500, 500.0, 0.0, 500.0, 0.0, 'EXD5AV', 253, 363, 32, 58, 200, 5, 7, 23, 69, 111
1, 500, 500.0, 0.0, 500.0, 0.0, 'PNSL3T', 242, 365, 35, 52, 183, 7, 6, 23, 53, 106
1, 500, 500.0, 0.0, 500.0, 0.0, 'DXLPBM', 231, 375, 31, 55, 184, 5, 5, 21, 69, 117
1, 500, 500.0, 0.0, 500.0, 0.0, 'KGSUIT', 229, 370, 37, 51, 186, 9, 6, 25, 55, 122
1, 500, 500.0, 0.0, 500.0, 0.0, 'PC8AGX', 228, 365, 30, 49, 196, 11, 6, 25, 31, 125
1, 5000, 12.0, 0.0, 12.0, 0.0, 'HMC7XA', 228, 365, 30, 49, 196, 11, 6, 25, 31, 125
