1, 500, 18.0, 0.0, 18.0, 0.0, 'S89O5A', 587, 791, 36, 143, 213, 25, 3, 19, 29, 5
1, 500, 24.0, 0.0, 24.0, 0.0, 'D85IVF', 581, 786, 45, 146, 215, 14, 3, 11, 23, 22
1, 500, 32.0, 0.0, 32.0, 0.0, 'FQQ1TY', 596, 821, 37, 147, 208, 11, 1, 13, 31, 10
1, 500, 18.0, 0.0, 18.0, 0.0, 'IOO56L', 602, 786, 44, 142, 185, 19, 1, 9, 25, 6
1, 500, 12.0, 0.0, 12.0, 0.0, 'PQXPPM', 603, 824, 53, 145, 203, 24, 4, 20, 18, 8
1, 500, 16.0, 0.0, 16.0, 0.0, 'HZJ8JT', 595, 795, 41, 137, 185, 13, 1, 12, 1, 5
1, 500, 29.0, 0.0, 29.0, 0.0, 'VX3LNJ', 592, 802, 49, 151, 196, 14, 7, 17, 43, 16
1, 500, 93.0, 0.0, 93.0, 0.0, 'Y66QO7', 609, 787, 38, 134, 198, 17, 4, 21, 27, 23
1, 500, 27.0, 0.0, 27.0, 0.0, '91BPCM', 612, 781, 36, 157, 184, 23, 5, 22, 30, 16
1, 500, 22.0, 0.0, 22.0, 0.0, '45JEJT', 603, 799, 43, 134, 193, 20, 5, 13, 49, 8
1, 500, 10.0, 0.0, 10.0, 0.0, 'HIZGEX', 587, 794, 37, 133, 180, 27, 6, 16, 12, 9
1, 500, 80.0, 0.0, 80.0, 0.0, 'WIF21S', 612, 779, 33, 148, 191, 14, 4, 7, 22, 13
1, 500, 25.0, 0.0, 25.0, 0.0, 'IBTBG7', 595, 805, 43, 151, 199, 22, 3, 24, 20, 10
1, 500, 22.0, 0.0, 22.0, 0.0, 'X2KN1P', 607, 777, 38, 153, 179, 14, 1, 14, 23, 1
1, 500, 13.0, 0.0, 13.0, 0.0, '3P3QW4', 587, 795, 40, 153, 203, 23, 1, 9, 34, 16
1, 500, 16.0, 0.0, 16.0, 0.0, 'TKTYZ9', 624, 824, 41, 139, 196, 20, 1, 3, 12, 15
1, 500, 27.0, 0.0, 27.0, 0.0, '3QET3T', 605, 819, 39, 148, 216, 14, 1, 23, 34, 11
1, 500, 12.0, 0.0, 12.0, 0.0, 'SXHCDK', 610, 824, 32, 116, 200, 27, 6, 18, 43, 5
1, 500, 13.0, 0.0, 13.0, 0.0, 'FX9NFF', 599, 783, 33, 148, 189, 18, 5, 20, 12, 1
1, 500, 17.0, 0.0, 17.0, 0.0, 'WYW6F6', 583, 796, 38, 147, 186, 14, 2, 14, 9, 5
1, 500, 15.0, 0.0, 15.0, 0.0, 'IHW5JQ', 604, 778, 41, 132, 198, 23, 1, 28, 18, 8
1, 500, 20.0, 0.0, 20.0, 0.0, 'URQ020', 591, 807, 36, 147, 192, 24, 1, 7, 28, 11
1, 500, 20.0, 0.0, 20.0, 0.0, 'CPIUP4', 601, 804, 40, 138, 198, 21, 5, 14, 27, 1
1, 500, 32.0, 0.0, 32.0, 0.0, 'RWWVR2', 605, 830, 40, 132, 191, 14, 1, 20, 22, 1
1, 500, 25.0, 0.0, 25.0, 0.0, 'FK3C3R', 616, 817, 43, 125, 201, 23, 5, 16, 24, 21
1, 500, 11.0, 0.0, 11.0, 0.0, 'FWL4WI', 594, 769, 44, 122, 206, 20, 1, 13, 9, 4
1, 500, 22.0, 0.0, 22.0, 0.0, '9AWQTN', 594, 816, 35, 155, 190, 21, 4, 14, 21, 12
1, 500, 14.0, 0.0, 14.0, 0.0, 'NH80WP', 594, 806, 45, 132, 208, 23, 1, 12, 19, 8
1, 500, 23.0, 0.0, 23.0, 0.0, '8YRGAT', 611, 782, 45, 163, 207, 14, 6, 8, 18, 8
1, 500, 28.0, 0.0, 28.0, 0.0, 'Z1DRNO', 604, 790, 35, 141, 193, 23, 3, 22, 29, 7
1, 500, 26.0, 0.0, 26.0, 0.0, '15ZR9B', 607, 827, 32, 149, 193, 9, 2, 10, 13, 1
1, 500, 36.0, 0.0, 36.0, 0.0, 'MYKE4L', 604, 778, 33, 125, 189, 21, 1, 18, 26, 16
1, 500, 44.0, 0.0, 44.0, 0.0, '2P0Y2P', 600, 783, 35, 142, 212, 18, 5, 15, 34, 11
1, 500, 26.0, 0.0, 26.0, 0.0, 'XGOUM0', 592, 818, 37, 139, 197, 20, 4, 18, 40, 6
1, 500, 43.0, 0.0, 43.0, 0.0, 'QG24AS', 587, 805, 30, 141, 196, 20, 2, 19, 22, 10
1, 500, 24.0, 0.0, 24.0, 0.0, '7IKCQ2', 597, 815, 44, 132, 188, 18, 5, 26, 9, 5
1, 500, 17.0, 0.0, 17.0, 0.0, 'CK9HRN', 612, 781, 41, 145, 192, 19, 8, 15, 12, 1
1, 500, 46.0, 0.0, 46.0, 0.0, 'U8JC3H', 601, 829, 32, 133, 195, 18, 3, 14, 22, 22
1, 500, 214.0, 0.0, 214.0, 0.0, 'OZ1R6T', 581, 817, 38, 147, 203, 17, 2, 17, 4, 25
1, 500, 20.0, 0.0, 20.0, 0.0, '5GUGY3', 592, 801, 33, 142, 217, 24, 1, 10, 29, 2
1, 500, 18.0, 0.0, 18.0, 0.0, 'H36ZM1', 580, 790, 33, 142, 194, 25, 2, 23, 17, 9
1, 500, 18.0, 0.0, 18.0, 0.0, 'OYZQL6', 605, 805, 38, 142, 208, 24, 1, 16, 32, 3
1, 500, 13.0, 0.0, 13.0, 0.0, '7AR004', 607, 813, 41, 136, 199, 23, 1, 19, 24, 1
1, 500, 15.0, 0.0, 15.0, 0.0, '3RL47W', 606, 811, 42, 130, 203, 20, 1, 11, 29, 2
1, 500, 22.0, 0.0, 22.0, 0.0, 'ZJ5SX8', 591, 799, 40, 142, 214, 27, 4, 11, 14, 7
1, 500, 20.0, 0.0, 20.0, 0.0, 'NDGDLE', 605, 796, 45, 142, 201, 20, 2, 20, 40, 1
1, 500, 18.0, 0.0, 18.0, 0.0, '38CNCX', 616, 805, 38, 152, 193, 23, 2, 21, 22, 1
1, 500, 49.0, 0.0, 49.0, 0.0, '1L7NV0', 600, 804, 34, 152, 200, 19, 6, 16, 25, 9
1, 500, 24.0, 0.0, 24.0, 0.0, 'Y27D8D', 615, 803, 42, 133, 207, 20, 3, 19, 12, 23
1, 500, 20.0, 0.0, 20.0, 0.0, 'XFSFRF', 608, 783, 45, 142, 195, 17, 4, 15, 9, 1
1, 500, 13.0, 0.0, 13.0, 0.0, '24W1XW', 604, 760, 49, 118, 184, 17, 2, 18, 18, 9
1, 500, 15.0, 0.0, 15.0, 0.0, 'N32WNC', 601, 781, 36, 141, 205, 27, 4, 11, 27, 14
1, 500, 14.0, 0.0, 14.0, 0.0, 'Z53J0B', 603, 801, 44, 156, 206, 18, 1, 8, 25, 24
1, 500, 16.0, 0.0, 16.0, 0.0, 'EE9QUO', 580, 802, 46, 117, 194, 20, 4, 19, 21, 1
1, 500, 27.0, 0.0, 27.0, 0.0, 'AWLF93', 618, 814, 39, 145, 178, 24, 2, 23, 26, 13
1, 500, 22.0, 0.0, 22.0, 0.0, 'JUEBDY', 598, 783, 38, 132, 219, 18, 7, 12, 8, 8
1, 500, 20.0, 0.0, 20.0, 0.0, '57O4OY', 603, 801, 43, 136, 204, 15, 2, 20, 14, 6
1, 500, 19.0, 0.0, 19.0, 0.0, 'BP7A9D', 609, 788, 33, 145, 204, 16, 7, 24, 13, 1
1, 500, 12.0, 0.0, 12.0, 0.0, '6LSPRC', 601, 844, 55, 150, 205, 9, 3, 4, 20, 18
1, 500, 22.0, 0.0, 22.0, 0.0, '4VG3Y6', 611, 811, 43, 141, 192, 14, 3, 16, 13, 1
1, 500, 84.0, 0.0, 84.0, 0.0, 'EQTN8I', 602, 787, 37, 130, 204, 17, 2, 16, 24, 20
1, 500, 30.0, 0.0, 30.0, 0.0, 'LNIC3V', 595, 801, 35, 144, 194, 14, 1, 21, 21, 5
1, 500, 26.0, 0.0, 26.0, 0.0, '9EAJV4', 582, 753, 32, 127, 198, 16, 1, 18, 19, 1
1, 500, 20.0, 0.0, 20.0, 0.0, 'WGVTX7', 600, 791, 40, 147, 221, 17, 2, 20, 39, 1
1, 500, 22.0, 0.0, 22.0, 0.0, 'CR9OUT', 596, 788, 43, 132, 198, 17, 6, 20, 48, 9
1, 500, 13.0, 0.0, 13.0, 0.0, 'UV8VMA', 599, 788, 42, 141, 190, 11, 1, 11, 46, 15
1, 500, 17.0, 0.0, 17.0, 0.0, '8AZJ7H', 598, 816, 39, 159, 188, 25, 1, 18, 22, 16
1, 500, 28.0, 0.0, 28.0, 0.0, 'F0BLCO', 596, 808, 34, 137, 204, 17, 1, 13, 23, 19
1, 500, 17.0, 0.0, 17.0, 0.0, 'A0IRHF', 609, 818, 38, 151, 203, 19, 2, 14, 27, 1
1, 500, 22.0, 0.0, 22.0, 0.0, 'SXAU0C', 599, 812, 45, 140, 216, 12, 7, 20, 32, 1
1, 500, 15.0, 0.0, 15.0, 0.0, '0GMXWT', 606, 824, 48, 142, 188, 22, 2, 15, 13, 1
1, 500, 19.0, 0.0, 19.0, 0.0, 'JXHQKW', 610, 771, 39, 129, 192, 22, 1, 20, 23, 1
1, 500, 16.0, 0.0, 16.0, 0.0, '5IAN4F', 617, 770, 46, 125, 213, 29, 1, 11, 15, 31
1, 500, 14.0, 0.0, 14.0, 0.0, '5LG2X2', 604, 785, 41, 128, 186, 23, 4, 22, 13, 1
1, 500, 18.0, 0.0, 18.0, 0.0, 'YCU83U', 610, 796, 36, 110, 206, 20, 2, 9, 13, 8
1, 500, 65.0, 0.0, 65.0, 0.0, 'GEAQ4S', 598, 778, 44, 137, 204, 22, 4, 13, 33, 22
1, 500, 13.0, 0.0, 13.0, 0.0, 'LMD5W1', 609, 798, 32, 150, 203, 23, 1, 18, 6, 14
1, 500, 37.0, 0.0, 37.0, 0.0, '55DFAI', 595, 809, 32, 147, 203, 16, 1, 8, 7, 25
1, 500, 23.0, 0.0, 23.0, 0.0, '3ROAF2', 621, 803, 41, 147, 196, 22, 2, 12, 19, 7
1, 500, 61.0, 0.0, 61.0, 0.0, 'B4C8F7', 604, 774, 30, 129, 195, 23, 6, 15, 11, 9
1, 500, 18.0, 0.0, 18.0, 0.0, 'FT3GDN', 609, 819, 37, 124, 213, 22, 3, 18, 41, 9
1, 500, 17.0, 0.0, 17.0, 0.0, '59WHW8', 608, 788, 40, 140, 201, 17, 1, 18, 43, 1
1, 500, 78.0, 0.0, 78.0, 0.0, 'Q0GX94', 607, 789, 43, 152, 208, 20, 6, 16, 32, 38
1, 500, 25.0, 0.0, 25.0, 0.0, 'CBMV87', 592, 831, 36, 150, 190, 21, 1, 19, 9, 8
1, 500, 23.0, 0.0, 23.0, 0.0, '6LECLX', 596, 787, 38, 129, 185, 23, 2, 6, 27, 4
1, 500, 21.0, 0.0, 21.0, 0.0, 'Y0L7U9', 604, 795, 38, 146, 178, 26, 1, 11, 17, 13
1, 500, 17.0, 0.0, 17.0, 0.0, 'IX6RV2', 605, 809, 42, 134, 196, 26, 1, 13, 25, 11
1, 500, 22.0, 0.0, 22.0, 0.0, 'G988YM', 608, 785, 47, 123, 211, 16, 1, 11, 41, 15
1, 500, 20.0, 0.0, 20.0, 0.0, 'IWWUQJ', 602, 815, 37, 140, 207, 28, 1, 14, 16, 1
1, 500, 20.0, 0.0, 20.0, 0.0, '479K2G', 610, 792, 39, 116, 184, 22, 3, 13, 29, 1
1, 500, 42.0, 0.0, 42.0, 0.0, 'H0B25M', 601, 791, 42, 145, 190, 19, 3, 15, 31, 1
1, 500, 24.0, 0.0, 24.0, 0.0, 'XMP9ZU', 579, 796, 44, 146, 198, 12, 1, 17, 18, 9
1, 500, 23.0, 0.0, 23.0, 0.0, '7CUF46', 601, 805, 36, 134, 191, 14, 1, 13, 7, 1
1, 500, 122.0, 0.0, 122.0, 0.0, 'WJEN6K', 598, 782, 36, 137, 203, 14, 1, 22, 19, 37
1, 500, 16.0, 0.0, 16.0, 0.0, '9T6ZVY', 613, 792, 41, 137, 211, 17, 1, 13, 23, 1
1, 500, 12.0, 0.0, 12.0, 0.0, 'DY82VI', 596, 777, 39, 142, 211, 28, 1, 13, 20, 1
1, 500, 28.0, 0.0, 28.0, 0.0, 'LP2HIA', 602, 780, 30, 157, 204, 22, 4, 25, 50, 1
1, 500, 35.0, 0.0, 35.0, 0.0, '1A0ES8', 591, 836, 43, 135, 207, 28, 1, 14, 27, 6
1, 500, 48.0, 0.0, 48.0, 0.0, 'E5NMTK', 592, 794, 36, 143, 204, 21, 1, 9, 20, 20
1, 500, 21.0, 0.0, 21.0, 0.0, 'KQLFFA', 586, 776, 40, 121, 201, 15, 6, 16, 15, 8
1, 500, 24.0, 0.0, 24.0, 0.0, 'VN5XMM', 615, 781, 44, 151, 196, 16, 1, 18, 19, 9
1, 500, 19.0, 0.0, 19.0, 0.0, 'C90IRW', 602, 778, 40, 128, 209, 24, 2, 17, 25, 8
1, 500, 23.0, 0.0, 23.0, 0.0, '5IG8XM', 610, 809, 39, 157, 195, 13, 3, 17, 20, 11
1, 500, 15.0, 0.0, 15.0, 0.0, 'DEHLQR', 591, 799, 39, 128, 183, 32, 1, 4, 9, 1
1, 500, 16.0, 0.0, 16.0, 0.0, 'GGUTYY', 610, 805, 41, 142, 197, 29, 1, 16, 28, 1
1, 500, 23.0, 0.0, 23.0, 0.0, 'YNWMXC', 594, 798, 38, 142, 212, 10, 1, 17, 17, 11
1, 500, 33.0, 0.0, 33.0, 0.0, 'A69TWZ', 601, 823, 44, 133, 179, 23, 1, 12, 27, 18
1, 500, 24.0, 0.0, 24.0, 0.0, 'TLRMHJ', 613, 815, 48, 151, 206, 23, 1, 28, 29, 23
1, 500, 11.0, 0.0, 11.0, 0.0, '73S3VY', 617, 802, 37, 137, 208, 31, 2, 19, 11, 1
1, 500, 16.0, 0.0, 16.0, 0.0, '9RMK7E', 597, 804, 39, 144, 185, 17, 1, 5, 14, 22
1, 500, 8.0, 0.0, 8.0, 0.0, 'ZAA9XP', 582, 806, 45, 136, 188, 33, 2, 13, 29, 1
1, 500, 32.0, 0.0, 32.0, 0.0, '0672AN', 588, 793, 38, 128, 199, 13, 6, 20, 32, 17
1, 500, 17.0, 0.0, 17.0, 0.0, 'KGMIJ0', 598, 791, 45, 145, 205, 20, 4, 11, 14, 11
1, 500, 72.0, 0.0, 72.0, 0.0, 'CEOS67', 588, 802, 44, 163, 205, 15, 3, 13, 21, 23
1, 500, 6.0, 0.0, 6.0, 0.0, 'BD4JUE', 584, 775, 30, 136, 220, 27, 5, 11, 7, 1
1, 500, 26.0, 0.0, 26.0, 0.0, '34ZYJE', 603, 815, 41, 133, 198, 10, 5, 14, 29, 1
1, 500, 12.0, 0.0, 12.0, 0.0, '0WGNSA', 595, 811, 32, 137, 200, 26, 1, 8, 19, 1
1, 500, 24.0, 0.0, 24.0, 0.0, '6WMXF1', 604, 801, 39, 141, 202, 16, 1, 16, 16, 7
1, 500, 18.0, 0.0, 18.0, 0.0, '0VQJUG', 595, 792, 39, 148, 190, 19, 1, 9, 19, 6
1, 500, 24.0, 0.0, 24.0, 0.0, 'V2EA3H', 597, 802, 39, 136, 202, 10, 5, 15, 6, 13
1, 500, 22.0, 0.0, 22.0, 0.0, 'QYTCDJ', 606, 785, 49, 155, 197, 19, 2, 21, 43, 13
1, 500, 10.0, 0.0, 10.0, 0.0, 'QZG2EK', 592, 806, 39, 147, 207, 26, 1, 19, 15, 1
1, 500, 16.0, 0.0, 16.0, 0.0, 'DW6P0I', 606, 790, 39, 152, 205, 24, 4, 29, 35, 13
1, 500, 16.0, 0.0, 16.0, 0.0, '7B2CQG', 596, 786, 44, 140, 189, 19, 4, 8, 18, 10
1, 500, 20.0, 0.0, 20.0, 0.0, '4QWKLH', 604, 795, 44, 137, 200, 6, 4, 18, 38, 1
1, 500, 18.0, 0.0, 18.0, 0.0, '0CM6AW', 613, 802, 47, 142, 216, 18, 3, 16, 25, 3
1, 500, 21.0, 0.0, 21.0, 0.0, 'JEWIG1', 577, 806, 44, 146, 196, 19, 5, 21, 16, 21
1, 500, 18.0, 0.0, 18.0, 0.0, 'HDAR3U', 608, 807, 44, 129, 200, 27, 8, 19, 25, 23
1, 500, 19.0, 0.0, 19.0, 0.0, 'AAIOX3', 602, 796, 52, 147, 212, 21, 3, 26, 24, 20
1, 500, 9.0, 0.0, 9.0, 0.0, '7VAMGC', 583, 805, 47, 155, 204, 22, 7, 3, 25, 1
1, 500, 33.0, 0.0, 33.0, 0.0, 'CPHJLH', 602, 783, 33, 142, 199, 14, 4, 20, 45, 14
1, 500, 16.0, 0.0, 16.0, 0.0, 'MV485Z', 618, 773, 45, 133, 195, 17, 5, 19, 6, 25
1, 500, 17.0, 0.0, 17.0, 0.0, '0NJPAA', 609, 795, 43, 143, 198, 23, 2, 15, 22, 16
1, 500, 31.0, 0.0, 31.0, 0.0, 'R92B3R', 606, 802, 37, 141, 205, 20, 1, 20, 13, 8
1, 500, 20.0, 0.0, 20.0, 0.0, 'PHS9YW', 587, 771, 47, 141, 200, 14, 1, 29, 11, 6
1, 500, 23.0, 0.0, 23.0, 0.0, 'MMMY03', 589, 794, 42, 153, 204, 18, 5, 14, 19, 5
1, 500, 17.0, 0.0, 17.0, 0.0, 'DAN89C', 602, 791, 35, 138, 201, 16, 1, 15, 16, 19
1, 500, 46.0, 0.0, 46.0, 0.0, 'L1K6XG', 580, 800, 42, 141, 209, 20, 7, 14, 40, 20
1, 500, 21.0, 0.0, 21.0, 0.0, 'VSS1TE', 599, 780, 35, 148, 187, 28, 2, 7, 45, 1
1, 500, 20.0, 0.0, 20.0, 0.0, '3G8DA1', 609, 801, 47, 147, 205, 28, 1, 11, 18, 1
1, 500, 24.0, 0.0, 24.0, 0.0, 'ZU4VAL', 599, 805, 52, 137, 214, 12, 4, 15, 6, 11
1, 500, 34.0, 0.0, 34.0, 0.0, '8C8KXX', 604, 793, 45, 142, 188, 10, 1, 25, 40, 5
1, 500, 19.0, 0.0, 19.0, 0.0, 'OZT4YR', 608, 795, 46, 137, 204, 27, 6, 8, 22, 23
1, 500, 19.0, 0.0, 19.0, 0.0, 'ABXASJ', 606, 787, 43, 125, 200, 27, 7, 22, 31, 8
1, 500, 18.0, 0.0, 18.0, 0.0, 'TYJV2F', 589, 790, 43, 131, 200, 22, 1, 10, 31, 1
1, 500, 11.0, 0.0, 11.0, 0.0, 'AL0OWR', 610, 794, 40, 133, 197, 18, 3, 3, 19, 22
1, 500, 19.0, 0.0, 19.0, 0.0, 'MJLMFI', 594, 811, 45, 152, 200, 14, 1, 18, 12, 9
1, 500, 16.0, 0.0, 16.0, 0.0, 'RRU30P', 606, 809, 55, 131, 207, 24, 1, 22, 18, 1
1, 500, 73.0, 0.0, 73.0, 0.0, 'OMLTF4', 597, 776, 41, 144, 196, 20, 1, 16, 21, 27
1, 500, 20.0, 0.0, 20.0, 0.0, 'E574F0', 612, 798, 37, 140, 210, 20, 1, 10, 27, 16
1, 500, 36.0, 0.0, 36.0, 0.0, 'YF40PI', 605, 782, 40, 141, 204, 16, 2, 18, 35, 21
1, 500, 17.0, 0.0, 17.0, 0.0, 'ONS2KR', 583, 791, 46, 136, 205, 21, 1, 20, 21, 3
1, 500, 31.0, 0.0, 31.0, 0.0, 'DQRBTI', 611, 804, 36, 144, 211, 15, 3, 12, 13, 1
1, 500, 25.0, 0.0, 25.0, 0.0, 'JXLY09', 601, 806, 45, 142, 205, 10, 5, 14, 10, 1
1, 500, 155.0, 0.0, 155.0, 0.0, 'CUI4KE', 592, 815, 32, 143, 196, 19, 3, 18, 12, 13
1, 500, 18.0, 0.0, 18.0, 0.0, 'P28NSF', 613, 805, 45, 126, 218, 15, 1, 19, 16, 1
1, 500, 37.0, 0.0, 37.0, 0.0, '7PWKAX', 588, 804, 41, 138, 209, 26, 1, 6, 27, 37
1, 500, 16.0, 0.0, 16.0, 0.0, 'IVRR0E', 604, 785, 35, 133, 199, 19, 1, 27, 43, 1
1, 500, 22.0, 0.0, 22.0, 0.0, '7EETAO', 585, 803, 42, 141, 194, 25, 3, 20, 16, 20
1, 500, 31.0, 0.0, 31.0, 0.0, 'IRLKWM', 583, 783, 42, 133, 201, 26, 7, 13, 35, 1
1, 500, 15.0, 0.0, 15.0, 0.0, 'PV052A', 592, 775, 37, 134, 193, 20, 1, 10, 24, 6
1, 500, 15.0, 0.0, 15.0, 0.0, '8RCC9V', 604, 788, 44, 150, 204, 21, 1, 15, 9, 15
1, 500, 14.0, 0.0, 14.0, 0.0, 'YBORWU', 582, 798, 47, 128, 205, 18, 12, 15, 32, 22
1, 500, 30.0, 0.0, 30.0, 0.0, 'AWEY5U', 607, 800, 50, 136, 208, 13, 3, 10, 24, 24
1, 500, 35.0, 0.0, 35.0, 0.0, 'XB8EZZ', 605, 810, 41, 128, 204, 26, 1, 7, 38, 19
1, 500, 22.0, 0.0, 22.0, 0.0, 'QYIEZQ', 594, 793, 39, 133, 185, 12, 4, 18, 25, 1
1, 500, 22.0, 0.0, 22.0, 0.0, 'KX1THP', 601, 785, 42, 142, 195, 17, 4, 15, 24, 1
1, 500, 70.0, 0.0, 70.0, 0.0, '1GVZPV', 605, 838, 36, 130, 197, 21, 6, 16, 33, 22
1, 500, 29.0, 0.0, 29.0, 0.0, '655NZT', 590, 807, 34, 142, 196, 24, 3, 18, 20, 25
1, 500, 21.0, 0.0, 21.0, 0.0, 'NB367T', 593, 795, 44, 148, 196, 22, 5, 10, 30, 1
1, 500, 169.0, 0.0, 169.0, 0.0, 'SQIYH3', 614, 795, 40, 140, 208, 6, 1, 20, 15, 31
1, 500, 23.0, 0.0, 23.0, 0.0, 'LWX4HG', 588, 784, 35, 155, 205, 23, 1, 16, 27, 14
1, 500, 20.0, 0.0, 20.0, 0.0, 'AC8N6S', 596, 822, 41, 152, 212, 15, 5, 6, 34, 13
1, 500, 21.0, 0.0, 21.0, 0.0, 'WEB2ZE', 603, 811, 44, 151, 191, 25, 1, 6, 15, 19
1, 500, 15.0, 0.0, 15.0, 0.0, 'NMCL48', 611, 801, 46, 146, 196, 28, 1, 8, 7, 1
1, 500, 41.0, 0.0, 41.0, 0.0, 'S8472L', 585, 814, 38, 141, 198, 8, 1, 11, 33, 5
1, 500, 20.0, 0.0, 20.0, 0.0, '54W2MB', 598, 781, 45, 149, 206, 19, 9, 22, 27, 8
1, 500, 65.0, 0.0, 65.0, 0.0, '8JWETG', 597, 805, 33, 140, 199, 16, 7, 16, 37, 17
1, 500, 21.0, 0.0, 21.0, 0.0, '56V0TD', 595, 799, 41, 140, 211, 19, 2, 7, 32, 13
1, 500, 33.0, 0.0, 33.0, 0.0, 'ND6CZ6', 609, 806, 34, 154, 212, 19, 1, 9, 18, 25
1, 500, 19.0, 0.0, 19.0, 0.0, '4ZY2ZV', 600, 809, 43, 141, 171, 14, 1, 14, 10, 2
1, 500, 31.0, 0.0, 31.0, 0.0, 'OC5EPZ', 593, 792, 36, 140, 196, 19, 2, 12, 31, 6
1, 500, 20.0, 0.0, 20.0, 0.0, 'WLQ7VI', 592, 793, 49, 152, 192, 19, 5, 17, 21, 20
1, 500, 14.0, 0.0, 14.0, 0.0, 'KO440F', 599, 781, 45, 144, 191, 24, 1, 8, 17, 7
1, 500, 29.0, 0.0, 29.0, 0.0, '7VG4G5', 592, 786, 39, 143, 218, 16, 2, 13, 25, 12
1, 500, 18.0, 0.0, 18.0, 0.0, 'DA1PPF', 607, 815, 42, 153, 205, 17, 10, 14, 52, 1
1, 500, 16.0, 0.0, 16.0, 0.0, 'CYO3CI', 598, 801, 37, 132, 207, 19, 3, 13, 25, 3
1, 500, 23.0, 0.0, 23.0, 0.0, 'DTDLYS', 574, 801, 41, 139, 201, 19, 6, 16, 18, 11
1, 500, 60.0, 0.0, 60.0, 0.0, 'LS7YJT', 614, 805, 36, 154, 181, 24, 8, 13, 32, 6
1, 500, 27.0, 0.0, 27.0, 0.0, '4WBFW9', 586, 785, 38, 136, 211, 17, 5, 17, 18, 18
1, 500, 14.0, 0.0, 14.0, 0.0, 'RTOGM1', 603, 812, 33, 130, 198, 22, 3, 24, 15, 3
1, 500, 32.0, 0.0, 32.0, 0.0, 'AGSFPH', 601, 788, 36, 142, 201, 19, 1, 11, 35, 20
1, 500, 68.0, 0.0, 68.0, 0.0, 'BCXCXK', 597, 799, 38, 130, 204, 23, 7, 24, 21, 23
1, 500, 12.0, 0.0, 12.0, 0.0, 'BOT84Z', 615, 823, 44, 132, 213, 26, 4, 10, 24, 6
1, 500, 19.0, 0.0, 19.0, 0.0, 'X1LEPW', 582, 787, 53, 126, 194, 10, 1, 17, 34, 4
1, 500, 21.0, 0.0, 21.0, 0.0, 'IW4T7W', 596, 798, 39, 132, 201, 21, 1, 15, 24, 1
1, 500, 25.0, 0.0, 25.0, 0.0, 'KVLMRC', 594, 788, 34, 129, 190, 16, 1, 16, 8, 19
1, 500, 54.0, 0.0, 54.0, 0.0, 'YHFH4R', 595, 767, 40, 133, 201, 15, 5, 3, 51, 14
1, 500, 30.0, 0.0, 30.0, 0.0, 'DB7772', 608, 791, 38, 155, 201, 19, 3, 17, 24, 1
1, 500, 22.0, 0.0, 22.0, 0.0, '1XB41P', 602, 807, 40, 140, 199, 14, 1, 12, 42, 1
1, 500, 22.0, 0.0, 22.0, 0.0, 'AEAV4A', 587, 798, 37, 131, 209, 15, 7, 22, 30, 13
1, 500, 12.0, 0.0, 12.0, 0.0, 'PCYPT6', 614, 792, 39, 143, 199, 28, 2, 21, 21, 1
1, 500, 25.0, 0.0, 25.0, 0.0, '5QWR1K', 579, 804, 40, 149, 186, 15, 2, 22, 23, 8
1, 500, 20.0, 0.0, 20.0, 0.0, 'Z5URE3', 594, 798, 40, 137, 215, 21, 3, 16, 10, 11
1, 500, 17.0, 0.0, 17.0, 0.0, 'AEZVSZ', 600, 799, 41, 145, 223, 25, 4, 18, 33, 4
1, 500, 17.0, 0.0, 17.0, 0.0, '08LJQ1', 591, 793, 50, 136, 206, 22, 1, 17, 33, 8
1, 500, 144.0, 0.0, 144.0, 0.0, 'II23EG', 602, 802, 44, 131, 207, 19, 2, 12, 11, 33
1, 500, 21.0, 0.0, 21.0, 0.0, 'IW1EGY', 596, 797, 27, 147, 198, 26, 1, 14, 21, 1
1, 500, 50.0, 0.0, 50.0, 0.0, 'XGEYOR', 596, 826, 30, 133, 184, 18, 2, 15, 38, 8
1, 500, 33.0, 0.0, 33.0, 0.0, '1UZF4X', 596, 793, 39, 136, 190, 16, 3, 18, 35, 11
1, 500, 21.0, 0.0, 21.0, 0.0, 'HK5GOW', 592, 841, 37, 147, 224, 16, 1, 12, 42, 12
1, 500, 22.0, 0.0, 22.0, 0.0, 'JFHAZZ', 593, 800, 34, 129, 206, 20, 1, 19, 28, 21
1, 500, 25.0, 0.0, 25.0, 0.0, '5AYGNU', 608, 798, 41, 137, 221, 11, 1, 21, 23, 10
1, 500, 56.0, 0.0, 56.0, 0.0, '0R7LD6', 601, 784, 48, 152, 213, 15, 6, 15, 20, 24
1, 500, 29.0, 0.0, 29.0, 0.0, 'SPIUMS', 582, 821, 45, 148, 207, 20, 8, 18, 38, 10
1, 500, 19.0, 0.0, 19.0, 0.0, 'U2THC7', 583, 787, 47, 151, 200, 16, 2, 13, 16, 7
1, 500, 16.0, 0.0, 16.0, 0.0, 'BO0WBK', 596, 805, 40, 134, 202, 23, 1, 15, 27, 9
1, 500, 43.0, 0.0, 43.0, 0.0, 'GMJBX8', 578, 793, 33, 143, 213, 19, 3, 18, 20, 10
1, 500, 26.0, 0.0, 26.0, 0.0, 'X5ZL9N', 600, 806, 44, 167, 201, 16, 2, 19, 29, 8
1, 500, 46.0, 0.0, 46.0, 0.0, 'C1GPNZ', 601, 797, 41, 149, 206, 12, 2, 16, 44, 9
1, 500, 11.0, 0.0, 11.0, 0.0, 'QQUYS2', 583, 827, 43, 149, 197, 27, 2, 14, 13, 7
1, 500, 26.0, 0.0, 26.0, 0.0, '24ODQ8', 601, 814, 39, 132, 195, 19, 1, 14, 21, 14
1, 500, 16.0, 0.0, 16.0, 0.0, 'TYUN4F', 596, 781, 33, 132, 211, 26, 5, 10, 17, 21
1, 500, 22.0, 0.0, 22.0, 0.0, '0088BA', 584, 803, 40, 137, 194, 17, 1, 21, 36, 1
1, 500, 24.0, 0.0, 24.0, 0.0, 'NIY3NW', 607, 802, 36, 171, 203, 19, 4, 21, 37, 2
1, 500, 21.0, 0.0, 21.0, 0.0, '2E41PY', 625, 812, 41, 125, 207, 18, 4, 11, 25, 1
1, 500, 27.0, 0.0, 27.0, 0.0, '5BIP2S', 602, 825, 34, 149, 204, 14, 4, 16, 18, 1
1, 500, 81.0, 0.0, 81.0, 0.0, '9SRBL1', 597, 754, 30, 136, 194, 20, 4, 18, 32, 19
1, 500, 26.0, 0.0, 26.0, 0.0, 'WQEGZH', 603, 791, 41, 156, 203, 11, 1, 19, 43, 14
1, 500, 20.0, 0.0, 20.0, 0.0, '4NA8VY', 607, 811, 35, 148, 184, 16, 1, 20, 12, 8
1, 500, 45.0, 0.0, 45.0, 0.0, 'IT5ZNM', 599, 814, 36, 138, 173, 21, 1, 15, 14, 24
1, 500, 15.0, 0.0, 15.0, 0.0, 'YRZF5U', 609, 806, 41, 144, 212, 21, 3, 12, 22, 1
1, 500, 101.0, 0.0, 101.0, 0.0, 'V32O2C', 594, 811, 35, 159, 190, 16, 6, 18, 29, 9
1, 500, 31.0, 0.0, 31.0, 0.0, 'YTOYD5', 613, 769, 39, 132, 196, 22, 2, 10, 22, 19
1, 500, 35.0, 0.0, 35.0, 0.0, 'CWVSKR', 599, 801, 28, 133, 187, 26, 4, 18, 52, 6
1, 500, 19.0, 0.0, 19.0, 0.0, 'IONJAL', 606, 804, 45, 132, 213, 16, 5, 14, 13, 8
1, 500, 9.0, 0.0, 9.0, 0.0, '5MO3JU', 606, 807, 48, 119, 209, 22, 3, 16, 6, 6
1, 500, 63.0, 0.0, 63.0, 0.0, 'JSBAH9', 613, 793, 39, 123, 183, 15, 3, 19, 25, 14
1, 500, 16.0, 0.0, 16.0, 0.0, 'DUEIV9', 612, 775, 32, 141, 205, 31, 5, 14, 36, 1
1, 500, 67.0, 0.0, 67.0, 0.0, 'GID0CX', 593, 826, 37, 136, 207, 17, 1, 19, 30, 11
1, 500, 16.0, 0.0, 16.0, 0.0, 'EI5CPL', 598, 785, 38, 158, 208, 23, 1, 21, 14, 5
1, 500, 23.0, 0.0, 23.0, 0.0, 'VNQBNF', 583, 811, 36, 139, 207, 21, 1, 10, 12, 9
1, 500, 20.0, 0.0, 20.0, 0.0, 'EEMAU8', 605, 798, 41, 134, 194, 17, 5, 11, 32, 4
1, 500, 24.0, 0.0, 24.0, 0.0, 'BMKZ85', 584, 805, 35, 130, 200, 15, 1, 15, 23, 8
1, 500, 20.0, 0.0, 20.0, 0.0, 'GMLWWJ', 593, 794, 33, 156, 194, 24, 1, 8, 4, 9
1, 500, 28.0, 0.0, 28.0, 0.0, 'H29RAX', 591, 779, 38, 110, 192, 14, 1, 9, 28, 6
1, 500, 96.0, 0.0, 96.0, 0.0, 'F54YRP', 602, 784, 36, 137, 187, 25, 3, 19, 20, 28
1, 500, 20.0, 0.0, 20.0, 0.0, 'JTSP65', 599, 812, 34, 157, 202, 24, 3, 13, 15, 17
1, 500, 24.0, 0.0, 24.0, 0.0, 'H0GE2V', 593, 811, 41, 140, 190, 19, 1, 13, 30, 4
1, 500, 9.0, 0.0, 9.0, 0.0, '0BGC9R', 593, 775, 33, 129, 199, 30, 4, 13, 38, 1
1, 500, 25.0, 0.0, 25.0, 0.0, 'HROIG9', 609, 820, 43, 140, 190, 22, 4, 14, 23, 1
1, 500, 17.0, 0.0, 17.0, 0.0, '6NVCF2', 592, 818, 45, 113, 188, 16, 3, 9, 14, 13
1, 500, 21.0, 0.0, 21.0, 0.0, 'N31OS4', 593, 803, 34, 136, 213, 18, 5, 14, 19, 1
1, 500, 20.0, 0.0, 20.0, 0.0, 'UCDIMS', 578, 796, 41, 153, 196, 27, 1, 16, 30, 7
1, 500, 14.0, 0.0, 14.0, 0.0, 'E9K5RB', 585, 797, 31, 143, 186, 24, 7, 21, 29, 1
1, 500, 18.0, 0.0, 18.0, 0.0, '308IJA', 606, 794, 39, 140, 196, 20, 3, 26, 34, 9
1, 500, 28.0, 0.0, 28.0, 0.0, '5OPRZI', 601, 794, 36, 139, 189, 11, 4, 21, 26, 4
1, 500, 65.0, 0.0, 65.0, 0.0, 'RAHPGQ', 595, 823, 39, 134, 195, 18, 6, 14, 42, 10
1, 500, 21.0, 0.0, 21.0, 0.0, '4Z4042', 598, 818, 46, 122, 212, 22, 2, 10, 33, 17
1, 500, 16.0, 0.0, 16.0, 0.0, 'QORZYC', 591, 784, 47, 142, 199, 21, 6, 12, 14, 8
1, 500, 67.0, 0.0, 67.0, 0.0, 'GLFPRZ', 615, 828, 28, 132, 194, 17, 2, 15, 18, 6
1, 500, 25.0, 0.0, 25.0, 0.0, 'MQCC2Q', 612, 783, 33, 121, 197, 21, 2, 17, 32, 17
1, 500, 23.0, 0.0, 23.0, 0.0, 'FH1GAJ', 622, 780, 38, 124, 203, 15, 7, 16, 33, 14
1, 500, 19.0, 0.0, 19.0, 0.0, '7QN63U', 606, 801, 38, 141, 204, 25, 1, 15, 30, 12
1, 500, 21.0, 0.0, 21.0, 0.0, 'F5PVXI', 620, 807, 35, 131, 200, 22, 1, 22, 28, 18
1, 500, 21.0, 0.0, 21.0, 0.0, 'GUI90P', 597, 816, 37, 138, 203, 20, 1, 13, 25, 15
1, 500, 55.0, 0.0, 55.0, 0.0, 'OTHNXJ', 601, 788, 41, 128, 200, 22, 3, 8, 41, 22
1, 500, 17.0, 0.0, 17.0, 0.0, '8KB9WW', 595, 794, 46, 134, 207, 20, 1, 25, 29, 10
1, 500, 81.0, 0.0, 81.0, 0.0, 'COGVHV', 594, 789, 31, 144, 204, 15, 4, 17, 24, 29
1, 500, 9.0, 0.0, 9.0, 0.0, 'SA9TGN', 592, 812, 47, 120, 202, 29, 5, 22, 22, 28
1, 500, 21.0, 0.0, 21.0, 0.0, 'CHNSNL', 598, 790, 41, 148, 197, 26, 2, 24, 17, 3
1, 500, 21.0, 0.0, 21.0, 0.0, 'GS2909', 605, 800, 41, 145, 187, 25, 6, 8, 38, 9
1, 500, 20.0, 0.0, 20.0, 0.0, '4G1O8J', 595, 818, 38, 123, 186, 21, 9, 14, 26, 3
1, 500, 172.0, 0.0, 172.0, 0.0, 'H4PUJN', 590, 802, 37, 157, 199, 20, 1, 16, 35, 28
1, 500, 37.0, 0.0, 37.0, 0.0, 'KSZYF3', 577, 791, 38, 137, 197, 19, 1, 20, 29, 13
1, 500, 15.0, 0.0, 15.0, 0.0, 'UP0N70', 606, 830, 31, 135, 197, 21, 3, 18, 19, 14
1, 500, 11.0, 0.0, 11.0, 0.0, '8JWP3I', 608, 791, 40, 141, 208, 25, 1, 25, 11, 4
1, 500, 67.0, 0.0, 67.0, 0.0, 'TXPEW0', 608, 783, 43, 145, 187, 23, 4, 12, 19, 1
1, 500, 23.0, 0.0, 23.0, 0.0, 'SP8OHY', 573, 829, 29, 139, 199, 20, 7, 22, 27, 13
1, 500, 20.0, 0.0, 20.0, 0.0, 'K9Z1EK', 592, 800, 34, 134, 206, 17, 8, 14, 23, 2
1, 500, 73.0, 0.0, 73.0, 0.0, 'DOZO8F', 602, 784, 35, 129, 208, 19, 3, 12, 34, 14
1, 500, 18.0, 0.0, 18.0, 0.0, '1OH53S', 600, 778, 42, 142, 211, 18, 1, 18, 14, 5
1, 500, 177.0, 0.0, 177.0, 0.0, '1Q1I5H', 614, 777, 32, 137, 199, 21, 2, 15, 37, 23
1, 500, 27.0, 0.0, 27.0, 0.0, 'MT67VS', 589, 796, 39, 145, 198, 22, 2, 12, 33, 1
1, 500, 8.0, 0.0, 8.0, 0.0, 'BUM4UP', 607, 809, 37, 130, 207, 28, 5, 18, 19, 11
1, 500, 8.0, 0.0, 8.0, 0.0, 'XPIEAN', 599, 805, 39, 140, 204, 31, 3, 12, 12, 3
1, 500, 15.0, 0.0, 15.0, 0.0, '11CVB6', 589, 791, 43, 141, 190, 16, 1, 12, 11, 12
1, 500, 31.0, 0.0, 31.0, 0.0, 'IP6L3Z', 575, 783, 43, 149, 202, 5, 4, 13, 26, 19
1, 500, 19.0, 0.0, 19.0, 0.0, 'ZRWLNY', 593, 807, 57, 144, 204, 15, 5, 13, 35, 7
1, 500, 159.0, 0.0, 159.0, 0.0, 'H4J1X5', 614, 783, 42, 134, 222, 25, 1, 14, 19, 28
1, 500, 21.0, 0.0, 21.0, 0.0, 'YKTJOV', 613, 794, 46, 135, 194, 19, 3, 19, 30, 5
1, 500, 25.0, 0.0, 25.0, 0.0, 'BN0M58', 594, 794, 43, 156, 209, 15, 1, 19, 29, 1
1, 500, 14.0, 0.0, 14.0, 0.0, 'ZTC3X0', 599, 802, 40, 162, 190, 24, 4, 5, 25, 1
1, 500, 24.0, 0.0, 24.0, 0.0, 'VP01R3', 599, 794, 34, 143, 197, 28, 1, 20, 16, 9
1, 500, 17.0, 0.0, 17.0, 0.0, '16WT3D', 613, 792, 38, 144, 189, 24, 3, 13, 28, 7
1, 500, 34.0, 0.0, 34.0, 0.0, 'JAC2ZQ', 607, 776, 42, 137, 202, 18, 5, 25, 18, 21
1, 500, 22.0, 0.0, 22.0, 0.0, '5MGNP4', 596, 771, 39, 135, 213, 18, 1, 8, 42, 1
1, 500, 21.0, 0.0, 21.0, 0.0, 'S52SHO', 607, 781, 44, 130, 206, 14, 1, 19, 20, 7
1, 500, 27.0, 0.0, 27.0, 0.0, '9KJWVZ', 605, 814, 38, 148, 186, 24, 5, 8, 30, 5
1, 500, 15.0, 0.0, 15.0, 0.0, '7HVD2D', 598, 822, 48, 141, 187, 16, 1, 16, 28, 10
1, 500, 29.0, 0.0, 29.0, 0.0, 'CTSKQE', 595, 792, 39, 140, 193, 15, 3, 15, 31, 1
1, 500, 32.0, 0.0, 32.0, 0.0, 'WCP1RR', 599, 777, 39, 139, 195, 16, 3, 10, 35, 1
1, 500, 21.0, 0.0, 21.0, 0.0, 'KWYILR', 594, 803, 38, 145, 208, 27, 2, 17, 13, 13
1, 500, 9.0, 0.0, 9.0, 0.0, 'LKZGB8', 601, 797, 40, 131, 184, 25, 4, 18, 24, 1
1, 500, 18.0, 0.0, 18.0, 0.0, '4XOOGQ', 595, 808, 36, 141, 210, 25, 1, 23, 27, 9
1, 500, 31.0, 0.0, 31.0, 0.0, 'QQB6NA', 600, 788, 41, 147, 190, 18, 6, 13, 15, 3
1, 500, 29.0, 0.0, 29.0, 0.0, 'CWTILE', 599, 800, 40, 144, 205, 14, 1, 15, 25, 12
1, 500, 20.0, 0.0, 20.0, 0.0, 'PT8R2W', 608, 816, 40, 136, 199, 17, 1, 10, 27, 5
1, 500, 24.0, 0.0, 24.0, 0.0, 'WBWATE', 605, 797, 42, 136, 192, 18, 5, 21, 21, 9
1, 500, 23.0, 0.0, 23.0, 0.0, '1H8L65', 604, 792, 39, 154, 213, 18, 1, 17, 5, 15
1, 500, 23.0, 0.0, 23.0, 0.0, 'GJTWZH', 593, 752, 43, 127, 215, 22, 2, 16, 19, 25
1, 500, 10.0, 0.0, 10.0, 0.0, '9WHOYT', 599, 836, 43, 126, 188, 26, 5, 22, 22, 1
1, 500, 19.0, 0.0, 19.0, 0.0, 'AA3TCP', 591, 793, 31, 158, 187, 22, 5, 18, 22, 1
1, 500, 22.0, 0.0, 22.0, 0.0, 'M2OEBB', 603, 793, 40, 139, 177, 22, 4, 14, 27, 4
1, 500, 28.0, 0.0, 28.0, 0.0, '697CTN', 596, 812, 28, 141, 201, 17, 1, 14, 10, 10
1, 500, 34.0, 0.0, 34.0, 0.0, 'YJYPZL', 611, 816, 37, 153, 210, 14, 3, 13, 28, 13
1, 500, 500.0, 0.0, 500.0, 0.0, 'CSTEA0', 614, 780, 34, 165, 208, 12, 2, 19, 33, 23
1, 500, 19.0, 0.0, 19.0, 0.0, 'U0J8LM', 608, 792, 43, 139, 193, 25, 3, 17, 16, 9
1, 500, 9.0, 0.0, 9.0, 0.0, 'VAPWM1', 599, 774, 44, 151, 198, 22, 2, 4, 29, 1
1, 500, 28.0, 0.0, 28.0, 0.0, 'P2NB3Y', 588, 792, 32, 146, 203, 18, 7, 17, 16, 3
1, 500, 11.0, 0.0, 11.0, 0.0, 'Q98DSP', 612, 804, 35, 129, 190, 17, 7, 10, 11, 1
1, 500, 26.0, 0.0, 26.0, 0.0, 'UNT5F9', 610, 794, 33, 129, 210, 19, 1, 4, 24, 1
1, 500, 18.0, 0.0, 18.0, 0.0, 'P015L3', 600, 775, 41, 142, 197, 22, 5, 16, 16, 6
1, 500, 21.0, 0.0, 21.0, 0.0, '70K58Q', 597, 800, 42, 143, 224, 19, 8, 11, 19, 6
1, 500, 18.0, 0.0, 18.0, 0.0, 'IXM563', 610, 774, 49, 149, 221, 13, 5, 18, 31, 11
1, 500, 25.0, 0.0, 25.0, 0.0, 'JT8659', 604, 796, 38, 154, 183, 13, 3, 22, 39, 10
1, 500, 46.0, 0.0, 46.0, 0.0, 'X2YXAB', 604, 785, 38, 140, 205, 25, 3, 14, 26, 21
1, 500, 29.0, 0.0, 29.0, 0.0, 'Z8WU6X', 614, 808, 40, 161, 191, 18, 4, 12, 31, 11
1, 500, 42.0, 0.0, 42.0, 0.0, '25BEX6', 604, 785, 32, 139, 189, 18, 1, 17, 23, 15
1, 500, 34.0, 0.0, 34.0, 0.0, '2J5ARW', 602, 787, 37, 152, 205, 14, 2, 7, 27, 13
1, 500, 35.0, 0.0, 35.0, 0.0, 'E5SZD6', 583, 812, 30, 154, 203, 16, 1, 15, 44, 1
1, 500, 17.0, 0.0, 17.0, 0.0, 'YCH3Y3', 596, 794, 49, 142, 192, 12, 2, 26, 32, 7
1, 500, 22.0, 0.0, 22.0, 0.0, 'WWM11J', 587, 791, 38, 125, 194, 23, 4, 14, 22, 6
1, 500, 20.0, 0.0, 20.0, 0.0, '5DNYAR', 596, 793, 40, 144, 197, 24, 4, 5, 25, 11
1, 500, 33.0, 0.0, 33.0, 0.0, 'Z3FXPD', 575, 798, 34, 151, 207, 24, 1, 9, 30, 5
1, 500, 53.0, 0.0, 53.0, 0.0, '23E3WQ', 591, 782, 35, 149, 202, 9, 9, 20, 23, 1
1, 500, 14.0, 0.0, 14.0, 0.0, 'JE44VW', 604, 793, 40, 140, 181, 23, 3, 13, 30, 11
1, 500, 24.0, 0.0, 24.0, 0.0, '02UMPE', 601, 794, 37, 147, 203, 12, 3, 18, 25, 1
1, 500, 33.0, 0.0, 33.0, 0.0, 'L0KTTD', 591, 801, 39, 137, 195, 22, 1, 11, 29, 1
1, 500, 20.0, 0.0, 20.0, 0.0, '38KZVW', 592, 790, 39, 137, 206, 29, 4, 22, 45, 1
1, 500, 13.0, 0.0, 13.0, 0.0, 'NS45FK', 609, 793, 36, 133, 192, 20, 4, 16, 14, 7
1, 500, 17.0, 0.0, 17.0, 0.0, '2QEPIM', 597, 793, 36, 132, 196, 16, 1, 15, 20, 4
1, 500, 16.0, 0.0, 16.0, 0.0, 'QHHO2Z', 598, 812, 42, 134, 208, 15, 1, 14, 13, 1
1, 500, 500.0, 0.0, 500.0, 0.0, '5W5GHZ', 593, 797, 30, 150, 202, 20, 3, 6, 28, 30
1, 500, 23.0, 0.0, 23.0, 0.0, 'U9FG51', 602, 787, 38, 143, 221, 20, 1, 15, 26, 21
1, 500, 28.0, 0.0, 28.0, 0.0, 'GP10Z0', 613, 815, 36, 152, 228, 17, 4, 25, 47, 3
1, 500, 17.0, 0.0, 17.0, 0.0, 'QH5LPB', 601, 797, 46, 158, 200, 24, 4, 25, 15, 23
1, 500, 37.0, 0.0, 37.0, 0.0, 'D3PYLY', 606, 807, 37, 148, 194, 19, 8, 12, 29, 7
1, 500, 26.0, 0.0, 26.0, 0.0, 'NLBCLK', 590, 794, 32, 131, 202, 14, 3, 11, 31, 3
1, 500, 70.0, 0.0, 70.0, 0.0, 'B013KZ', 608, 795, 36, 136, 193, 16, 6, 6, 37, 16
1, 500, 19.0, 0.0, 19.0, 0.0, 'ICFL2R', 602, 809, 40, 126, 217, 23, 1, 24, 22, 10
1, 500, 21.0, 0.0, 21.0, 0.0, 'SLQKX0', 619, 794, 36, 128, 184, 19, 6, 8, 11, 12
1, 500, 17.0, 0.0, 17.0, 0.0, 'MXLCFE', 612, 821, 43, 137, 218, 17, 1, 19, 19, 6
1, 500, 17.0, 0.0, 17.0, 0.0, '4FVMKG', 602, 792, 51, 152, 214, 24, 1, 19, 26, 8
1, 500, 20.0, 0.0, 20.0, 0.0, 'WNLEJZ', 607, 792, 37, 141, 194, 14, 5, 5, 25, 21
1, 500, 21.0, 0.0, 21.0, 0.0, '52N2A5', 604, 807, 43, 142, 205, 16, 5, 8, 23, 1
1, 500, 73.0, 0.0, 73.0, 0.0, 'DSQJIC', 583, 806, 31, 129, 197, 12, 1, 18, 26, 5
1, 500, 21.0, 0.0, 21.0, 0.0, 'SRT8WU', 602, 806, 37, 152, 213, 17, 2, 20, 7, 11
1, 500, 37.0, 0.0, 37.0, 0.0, 'UG0HRE', 594, 815, 42, 133, 193, 18, 9, 9, 46, 3
1, 500, 23.0, 0.0, 23.0, 0.0, 'W93H74', 586, 777, 44, 142, 215, 23, 6, 16, 35, 1
1, 500, 178.0, 0.0, 178.0, 0.0, 'EIPEKP', 600, 812, 30, 138, 181, 15, 5, 9, 30, 22
1, 500, 22.0, 0.0, 22.0, 0.0, 'DCMVNU', 605, 810, 41, 135, 196, 21, 1, 20, 44, 5
1, 500, 64.0, 0.0, 64.0, 0.0, 'A3J219', 603, 826, 45, 156, 210, 22, 5, 11, 36, 23
1, 500, 22.0, 0.0, 22.0, 0.0, 'Z57HL6', 594, 785, 36, 129, 189, 18, 2, 8, 18, 2
1, 500, 22.0, 0.0, 22.0, 0.0, 'USE1UB', 605, 774, 44, 118, 195, 20, 1, 14, 22, 14
1, 500, 18.0, 0.0, 18.0, 0.0, '02RAUI', 601, 769, 43, 138, 218, 23, 4, 10, 36, 1
1, 500, 19.0, 0.0, 19.0, 0.0, '7SBUXA', 604, 829, 45, 144, 179, 15, 1, 19, 24, 1
1, 500, 23.0, 0.0, 23.0, 0.0, 'RHQQKX', 596, 803, 40, 127, 194, 15, 5, 23, 22, 1
1, 500, 26.0, 0.0, 26.0, 0.0, 'F7MFCO', 599, 801, 36, 138, 186, 13, 3, 21, 17, 1
1, 500, 104.0, 0.0, 104.0, 0.0, 'FPL2L6', 584, 793, 34, 149, 216, 23, 2, 25, 23, 18
1, 500, 19.0, 0.0, 19.0, 0.0, '6WQ6NM', 585, 785, 51, 150, 185, 11, 7, 15, 12, 1
1, 500, 14.0, 0.0, 14.0, 0.0, 'WM1GQK', 595, 806, 51, 140, 210, 18, 1, 8, 8, 20
1, 500, 20.0, 0.0, 20.0, 0.0, 'P4QOPL', 610, 793, 36, 128, 209, 20, 2, 14, 32, 4
1, 500, 23.0, 0.0, 23.0, 0.0, 'X3VMYS', 601, 798, 40, 132, 196, 23, 5, 14, 29, 10
1, 500, 16.0, 0.0, 16.0, 0.0, 'C9PPSJ', 597, 808, 33, 123, 189, 22, 1, 9, 41, 13
1, 500, 32.0, 0.0, 32.0, 0.0, 'OBNAMJ', 598, 820, 38, 110, 202, 20, 7, 13, 32, 8
1, 500, 15.0, 0.0, 15.0, 0.0, 'DEI8NS', 600, 786, 47, 143, 185, 21, 1, 13, 37, 4
1, 500, 30.0, 0.0, 30.0, 0.0, 'YJ7CJY', 607, 790, 34, 142, 205, 12, 1, 15, 29, 7
1, 500, 21.0, 0.0, 21.0, 0.0, '7DDTDX', 610, 818, 42, 158, 193, 20, 1, 13, 21, 10
1, 500, 33.0, 0.0, 33.0, 0.0, 'N7L8J4', 589, 789, 33, 132, 204, 13, 6, 21, 19, 1
1, 500, 25.0, 0.0, 25.0, 0.0, 'GQL43F', 588, 805, 41, 133, 192, 14, 1, 19, 38, 19
1, 500, 18.0, 0.0, 18.0, 0.0, 'V7CTE6', 618, 797, 36, 143, 215, 24, 1, 20, 30, 13
1, 500, 23.0, 0.0, 23.0, 0.0, '5ELFWH', 601, 806, 42, 127, 192, 10, 4, 15, 15, 4
1, 500, 136.0, 0.0, 136.0, 0.0, 'W1XFX1', 611, 808, 36, 149, 190, 18, 2, 17, 19, 18
1, 500, 86.0, 0.0, 86.0, 0.0, 'W3X685', 600, 801, 33, 147, 196, 19, 3, 5, 27, 30
1, 500, 79.0, 0.0, 79.0, 0.0, '2GJK3N', 596, 801, 37, 135, 197, 21, 4, 14, 32, 15
1, 500, 21.0, 0.0, 21.0, 0.0, 'HPWTKQ', 591, 782, 42, 124, 202, 18, 3, 21, 27, 1
1, 500, 140.0, 0.0, 140.0, 0.0, '32H8PY', 577, 789, 33, 130, 205, 18, 5, 23, 20, 26
1, 500, 13.0, 0.0, 13.0, 0.0, 'GR03JU', 584, 803, 43, 133, 211, 25, 2, 18, 29, 5
1, 500, 9.0, 0.0, 9.0, 0.0, 'P90A7M', 604, 810, 28, 134, 186, 29, 3, 11, 8, 1
1, 500, 22.0, 0.0, 22.0, 0.0, '712193', 571, 764, 41, 137, 197, 26, 1, 22, 27, 26
1, 500, 22.0, 0.0, 22.0, 0.0, 'JYVBIP', 609, 785, 48, 136, 194, 12, 3, 4, 25, 33
1, 500, 21.0, 0.0, 21.0, 0.0, 'Q5RQMV', 598, 804, 40, 135, 198, 19, 6, 14, 17, 13
1, 500, 15.0, 0.0, 15.0, 0.0, 'DPVCQA', 603, 803, 40, 144, 195, 26, 3, 8, 28, 15
1, 500, 17.0, 0.0, 17.0, 0.0, 'LL69HQ', 581, 792, 43, 137, 195, 15, 2, 15, 20, 3
1, 500, 28.0, 0.0, 28.0, 0.0, 'LNI2RT', 573, 800, 36, 149, 189, 17, 5, 14, 38, 2
1, 500, 55.0, 0.0, 55.0, 0.0, 'Z88F3C', 593, 789, 42, 143, 201, 14, 9, 16, 36, 3
1, 500, 20.0, 0.0, 20.0, 0.0, '3EL3WW', 610, 825, 53, 143, 197, 21, 3, 21, 25, 15
1, 500, 17.0, 0.0, 17.0, 0.0, 'EC23UM', 601, 791, 37, 144, 194, 18, 2, 19, 19, 10
1, 500, 25.0, 0.0, 25.0, 0.0, '3F7C7N', 597, 769, 37, 145, 194, 21, 4, 11, 26, 7
1, 500, 23.0, 0.0, 23.0, 0.0, '6STZIA', 603, 774, 41, 129, 204, 18, 3, 18, 28, 25
1, 500, 15.0, 0.0, 15.0, 0.0, '9GVVQP', 602, 777, 43, 149, 195, 12, 1, 19, 10, 35
1, 500, 14.0, 0.0, 14.0, 0.0, '8JJZX2', 612, 812, 46, 137, 191, 22, 2, 18, 27, 13
1, 500, 19.0, 0.0, 19.0, 0.0, '2RA5PO', 597, 841, 47, 133, 190, 18, 2, 10, 14, 15
1, 500, 19.0, 0.0, 19.0, 0.0, '2ATJ3Y', 587, 780, 41, 132, 190, 16, 1, 8, 32, 4
1, 500, 17.0, 0.0, 17.0, 0.0, 'L05YUE', 575, 828, 43, 135, 193, 25, 5, 16, 28, 3
1, 500, 24.0, 0.0, 24.0, 0.0, '6QF9X2', 595, 791, 40, 140, 187, 17, 1, 17, 17, 14
1, 500, 22.0, 0.0, 22.0, 0.0, '00G2U1', 587, 802, 40, 138, 184, 23, 3, 13, 29, 3
1, 500, 22.0, 0.0, 22.0, 0.0, '7687IQ', 594, 786, 42, 147, 215, 19, 1, 19, 37, 16
1, 500, 27.0, 0.0, 27.0, 0.0, 'KHG7KM', 609, 812, 31, 153, 206, 29, 1, 12, 23, 1
1, 500, 11.0, 0.0, 11.0, 0.0, 'I8K9TX', 606, 800, 41, 157, 217, 22, 3, 16, 28, 1
1, 500, 19.0, 0.0, 19.0, 0.0, 'XPEUQI', 606, 830, 37, 139, 204, 21, 1, 19, 31, 6
1, 500, 27.0, 0.0, 27.0, 0.0, '1YL0T3', 615, 794, 38, 138, 184, 16, 1, 15, 42, 12
1, 500, 27.0, 0.0, 27.0, 0.0, '2Z7Y1N', 578, 794, 35, 147, 197, 14, 3, 18, 24, 7
1, 500, 16.0, 0.0, 16.0, 0.0, '676MLR', 616, 807, 46, 137, 187, 17, 3, 22, 6, 6
1, 500, 41.0, 0.0, 41.0, 0.0, '7BED17', 584, 777, 37, 139, 187, 5, 7, 13, 33, 1
1, 500, 75.0, 0.0, 75.0, 0.0, 'XDY7RW', 594, 804, 40, 155, 188, 25, 1, 15, 38, 14
1, 500, 63.0, 0.0, 63.0, 0.0, '1ZM27Z', 608, 778, 37, 129, 216, 16, 5, 12, 47, 12
1, 500, 26.0, 0.0, 26.0, 0.0, '3ZSA6D', 605, 809, 42, 132, 193, 19, 6, 26, 20, 11
1, 500, 22.0, 0.0, 22.0, 0.0, 'VP3TA5', 607, 796, 45, 143, 185, 15, 1, 10, 23, 1
1, 500, 21.0, 0.0, 21.0, 0.0, 'Z1UCUX', 614, 808, 37, 141, 219, 8, 2, 14, 26, 25
1, 500, 19.0, 0.0, 19.0, 0.0, 'LB479N', 594, 784, 44, 153, 211, 20, 1, 15, 20, 5
1, 500, 20.0, 0.0, 20.0, 0.0, '6A6KCL', 613, 818, 39, 156, 192, 14, 1, 9, 34, 1
1, 500, 29.0, 0.0, 29.0, 0.0, 'WC9Y1H', 582, 779, 34, 141, 196, 20, 4, 15, 21, 6
1, 500, 24.0, 0.0, 24.0, 0.0, 'MVOAU7', 616, 807, 44, 155, 182, 22, 2, 23, 43, 24
1, 500, 27.0, 0.0, 27.0, 0.0, 'D9E60W', 591, 811, 37, 128, 196, 19, 2, 14, 27, 1
1, 500, 18.0, 0.0, 18.0, 0.0, 'NU7OW8', 597, 787, 48, 155, 192, 18, 2, 15, 14, 1
1, 500, 16.0, 0.0, 16.0, 0.0, 'Z26J4S', 599, 806, 41, 135, 203, 23, 7, 12, 24, 2
1, 500, 17.0, 0.0, 17.0, 0.0, 'GTMMRC', 590, 773, 39, 138, 205, 19, 1, 11, 21, 28
1, 500, 29.0, 0.0, 29.0, 0.0, 'CJBNJM', 606, 776, 38, 145, 199, 21, 6, 15, 46, 1
1, 500, 25.0, 0.0, 25.0, 0.0, 'YTYLAL', 599, 803, 31, 149, 178, 24, 1, 18, 31, 15
1, 500, 19.0, 0.0, 19.0, 0.0, '1Z9ALV', 588, 804, 38, 128, 197, 13, 1, 19, 36, 10
1, 500, 22.0, 0.0, 22.0, 0.0, '92VXE4', 601, 796, 40, 143, 186, 21, 1, 16, 20, 7
1, 500, 44.0, 0.0, 44.0, 0.0, 'ES3FG3', 600, 824, 33, 146, 180, 21, 3, 19, 38, 10
1, 500, 19.0, 0.0, 19.0, 0.0, 'XXYDQK', 599, 764, 32, 139, 193, 27, 1, 20, 27, 4
1, 500, 13.0, 0.0, 13.0, 0.0, 'FI4KGF', 597, 794, 41, 140, 197, 28, 1, 21, 50, 1
1, 500, 74.0, 0.0, 74.0, 0.0, 'V329QS', 586, 794, 34, 132, 210, 19, 8, 8, 30, 5
1, 500, 35.0, 0.0, 35.0, 0.0, 'IZBF53', 600, 770, 29, 151, 214, 15, 6, 20, 25, 1
1, 500, 19.0, 0.0, 19.0, 0.0, 'YNQR7U', 606, 781, 33, 119, 192, 23, 1, 10, 20, 15
1, 500, 17.0, 0.0, 17.0, 0.0, 'IQX69Z', 615, 780, 45, 136, 203, 22, 4, 16, 22, 1
1, 500, 25.0, 0.0, 25.0, 0.0, 'EJYBO2', 606, 818, 41, 143, 208, 18, 3, 18, 29, 20
1, 500, 21.0, 0.0, 21.0, 0.0, 'PYC4VY', 596, 813, 36, 141, 197, 17, 1, 28, 32, 5
1, 500, 29.0, 0.0, 29.0, 0.0, 'MHCJHK', 584, 818, 42, 145, 206, 23, 3, 20, 21, 7
1, 500, 59.0, 0.0, 59.0, 0.0, 'EN93FX', 590, 802, 38, 146, 203, 18, 1, 17, 15, 20
1, 500, 27.0, 0.0, 27.0, 0.0, 'G2IMY3', 619, 777, 39, 145, 195, 14, 3, 32, 39, 10
1, 500, 25.0, 0.0, 25.0, 0.0, '7XG3JF', 587, 824, 48, 147, 204, 19, 4, 14, 18, 24
1, 500, 25.0, 0.0, 25.0, 0.0, '5QOAF1', 602, 781, 37, 141, 191, 23, 3, 9, 25, 13
1, 500, 37.0, 0.0, 37.0, 0.0, 'VA1W4I', 604, 786, 38, 154, 192, 9, 1, 19, 29, 7
1, 500, 22.0, 0.0, 22.0, 0.0, 'DGZBM9', 591, 824, 39, 147, 185, 18, 2, 14, 7, 20
1, 500, 32.0, 0.0, 32.0, 0.0, 'L3Q5GF', 606, 779, 37, 149, 205, 22, 5, 10, 22, 1
1, 500, 22.0, 0.0, 22.0, 0.0, '0FTZGO', 590, 799, 38, 127, 221, 21, 2, 16, 15, 13
1, 500, 41.0, 0.0, 41.0, 0.0, 'IPOMQM', 607, 829, 48, 127, 201, 17, 1, 15, 36, 3
1, 500, 14.0, 0.0, 14.0, 0.0, 'CAR7Q0', 597, 824, 43, 141, 195, 19, 2, 14, 27, 24
1, 500, 17.0, 0.0, 17.0, 0.0, 'SBNCTA', 596, 807, 43, 136, 202, 18, 1, 22, 35, 16
1, 500, 24.0, 0.0, 24.0, 0.0, 'PXR9ZZ', 610, 796, 41, 121, 189, 16, 5, 13, 11, 1
1, 500, 37.0, 0.0, 37.0, 0.0, 'FE3LY8', 600, 785, 40, 143, 194, 12, 3, 11, 27, 15
1, 500, 17.0, 0.0, 17.0, 0.0, 'VWBASW', 604, 839, 38, 141, 196, 26, 1, 17, 40, 1
1, 500, 17.0, 0.0, 17.0, 0.0, 'EBTT38', 612, 797, 48, 131, 212, 21, 1, 22, 24, 5
1, 500, 12.0, 0.0, 12.0, 0.0, '10JNQ9', 580, 798, 48, 157, 193, 16, 1, 11, 12, 1
1, 500, 2.0, 0.0, 2.0, 0.0, 'AO590L', 612, 814, 28, 145, 195, 19, 1, 1, 27, 1
1, 500, 12.0, 0.0, 12.0, 0.0, 'MO1Q5W', 581, 796, 42, 126, 205, 20, 1, 16, 39, 16
1, 500, 39.0, 0.0, 39.0, 0.0, 'CM5MA2', 597, 807, 37, 140, 191, 16, 4, 15, 31, 16
1, 500, 25.0, 0.0, 25.0, 0.0, '63WTL1', 601, 809, 43, 162, 188, 20, 3, 10, 28, 15
1, 500, 16.0, 0.0, 16.0, 0.0, 'GLKR9C', 591, 786, 35, 151, 202, 25, 1, 17, 24, 8
1, 500, 114.0, 0.0, 114.0, 0.0, '5BAO24', 596, 788, 39, 149, 198, 19, 2, 9, 38, 21
1, 500, 40.0, 0.0, 40.0, 0.0, '3RN94T', 591, 807, 37, 146, 197, 8, 2, 23, 29, 4
1, 500, 23.0, 0.0, 23.0, 0.0, '2OUWNB', 594, 776, 43, 134, 204, 13, 3, 15, 30, 1
1, 500, 25.0, 0.0, 25.0, 0.0, '1SLDTD', 601, 802, 36, 144, 189, 19, 3, 15, 12, 15
1, 500, 31.0, 0.0, 31.0, 0.0, '3C6S1S', 588, 783, 40, 143, 198, 20, 2, 6, 13, 19
1, 500, 26.0, 0.0, 26.0, 0.0, 'I0TS0Z', 598, 790, 47, 149, 188, 12, 2, 16, 33, 19
1, 500, 19.0, 0.0, 19.0, 0.0, 'IM3322', 584, 804, 40, 144, 208, 24, 2, 10, 15, 5
1, 500, 13.0, 0.0, 13.0, 0.0, 'SZGMYQ', 600, 818, 47, 142, 204, 14, 1, 18, 22, 20
1, 500, 21.0, 0.0, 21.0, 0.0, 'J5NEG7', 606, 791, 42, 142, 214, 18, 1, 14, 9, 14
1, 500, 22.0, 0.0, 22.0, 0.0, 'ZH2LS5', 603, 819, 48, 150, 196, 19, 3, 21, 21, 18
1, 500, 9.0, 0.0, 9.0, 0.0, '3MUDO8', 605, 817, 47, 133, 202, 28, 5, 16, 23, 16
1, 500, 23.0, 0.0, 23.0, 0.0, 'OQQ20G', 587, 791, 32, 152, 184, 22, 1, 9, 30, 15
1, 500, 20.0, 0.0, 20.0, 0.0, 'POI6UE', 592, 802, 43, 128, 204, 19, 9, 18, 23, 13
1, 500, 21.0, 0.0, 21.0, 0.0, 'VXMOLP', 603, 793, 46, 149, 206, 24, 3, 25, 27, 15
1, 500, 168.0, 0.0, 168.0, 0.0, '54TF4Y', 598, 774, 42, 143, 222, 16, 3, 14, 21, 20
1, 500, 12.0, 0.0, 12.0, 0.0, 'B6U0QY', 610, 805, 37, 148, 204, 22, 7, 18, 23, 1
1, 500, 32.0, 0.0, 32.0, 0.0, '4UPXOA', 611, 799, 39, 137, 205, 22, 1, 18, 16, 17
1, 500, 20.0, 0.0, 20.0, 0.0, 'EBE1SI', 607, 783, 43, 137, 217, 18, 1, 20, 9, 3
1, 500, 28.0, 0.0, 28.0, 0.0, 'JM1A37', 598, 797, 39, 138, 203, 22, 5, 9, 26, 11
1, 500, 14.0, 0.0, 14.0, 0.0, 'SH6NRQ', 611, 784, 41, 139, 205, 21, 2, 8, 12, 3
1, 500, 21.0, 0.0, 21.0, 0.0, 'CHAH1L', 594, 779, 35, 136, 208, 26, 3, 21, 30, 6
1, 500, 13.0, 0.0, 13.0, 0.0, '3SYP8C', 594, 805, 46, 125, 179, 26, 1, 12, 14, 15
1, 500, 69.0, 0.0, 69.0, 0.0, '7OVB2W', 590, 812, 37, 139, 212, 14, 2, 18, 29, 27
1, 500, 24.0, 0.0, 24.0, 0.0, '70KUOM', 601, 801, 30, 137, 211, 18, 4, 18, 41, 1
1, 500, 30.0, 0.0, 30.0, 0.0, 'RT3G04', 602, 777, 42, 125, 197, 22, 2, 12, 40, 14
1, 500, 9.0, 0.0, 9.0, 0.0, 'W42N94', 611, 774, 37, 140, 213, 28, 5, 16, 11, 3
1, 500, 25.0, 0.0, 25.0, 0.0, '6X5QOQ', 584, 806, 43, 121, 200, 15, 2, 22, 12, 17
1, 500, 13.0, 0.0, 13.0, 0.0, '07XFFQ', 599, 817, 44, 159, 183, 21, 4, 19, 1, 2
1, 500, 31.0, 0.0, 31.0, 0.0, 'UHYDU1', 598, 793, 40, 121, 208, 15, 1, 13, 33, 9
1, 500, 23.0, 0.0, 23.0, 0.0, 'PM23O2', 599, 782, 37, 147, 207, 20, 2, 16, 15, 18
1, 500, 69.0, 0.0, 69.0, 0.0, 'GE1T21', 602, 799, 41, 141, 188, 21, 5, 8, 23, 18
1, 500, 26.0, 0.0, 26.0, 0.0, '72JNJ6', 594, 812, 41, 145, 218, 19, 4, 17, 22, 9
1, 500, 85.0, 0.0, 85.0, 0.0, '24AL29', 594, 800, 36, 134, 188, 23, 9, 20, 22, 13
1, 500, 56.0, 0.0, 56.0, 0.0, 'FOTVC9', 610, 789, 31, 133, 199, 14, 7, 20, 37, 21
1, 500, 87.0, 0.0, 87.0, 0.0, 'R59TW0', 616, 806, 34, 139, 203, 20, 4, 7, 42, 9
1, 500, 37.0, 0.0, 37.0, 0.0, 'ILBRKH', 612, 798, 39, 158, 206, 23, 1, 16, 36, 24
1, 500, 38.0, 0.0, 38.0, 0.0, 'JDJSUC', 605, 795, 35, 145, 205, 15, 4, 15, 26, 11
1, 500, 121.0, 0.0, 121.0, 0.0, 'I7EGLR', 610, 790, 30, 150, 210, 10, 5, 14, 27, 12
1, 500, 94.0, 0.0, 94.0, 0.0, 'H1KT6Y', 615, 785, 25, 155, 215, 5, 6, 13, 28, 13
1, 500, 304.0, 0.0, 304.0, 0.0, 'T6YUR7', 620, 780, 20, 160, 220, 5, 7, 12, 29, 14
1, 500, 64.0, 0.0, 64.0, 0.0, '08W0XH', 625, 775, 15, 165, 225, 5, 8, 11, 30, 15
1, 500, 97.0, 0.0, 97.0, 0.0, 'YQ7DGF', 630, 770, 10, 170, 230, 5, 9, 10, 31, 16
1, 500, 89.0, 0.0, 89.0, 0.0, 'MTKXEE', 635, 765, 5, 175, 235, 5, 10, 9, 32, 17
1, 500, 144.0, 0.0, 144.0, 0.0, 'WX7FS9', 640, 760, 5, 180, 240, 5, 11, 8, 33, 18
1, 500, 117.0, 0.0, 117.0, 0.0, '75PPUP', 645, 755, 5, 185, 245, 5, 12, 7, 34, 19
1, 500, 134.0, 0.0, 134.0, 0.0, 'BSN3AH', 650, 750, 5, 190, 250, 5, 13, 6, 35, 20
1, 500, 500.0, 0.0, 500.0, 0.0, 'MAYLNB', 645, 745, 5, 195, 255, 5, 14, 5, 36, 21
1, 500, 57.0, 0.0, 57.0, 0.0, 'XWL06V', 650, 740, 5, 200, 260, 5, 15, 4, 37, 22
1, 500, 21.0, 0.0, 21.0, 0.0, '8JUTMN', 655, 735, 5, 205, 265, 5, 16, 3, 38, 23
1, 500, 32.0, 0.0, 32.0, 0.0, 'OSCT1Q', 650, 730, 5, 210, 270, 5, 17, 2, 39, 24
1, 500, 1.0, 0.0, 1.0, 0.0, 'P1TC0O', 645, 725, 5, 215, 265, 5, 18, 1, 40, 25
1, 500, 9.0, 0.0, 9.0, 0.0, 'K42PJB', 640, 730, 5, 220, 260, 5, 19, 2, 41, 26
1, 500, 25.0, 0.0, 25.0, 0.0, 'LHHMDT', 635, 735, 5, 225, 255, 5, 18, 3, 42, 27
1, 500, 125.0, 0.0, 125.0, 0.0, 'JEKWH1', 630, 740, 5, 230, 253.0, 5, 17, 4, 43, 28
1, 500, 108.0, 0.0, 108.0, 0.0, 'F0QSMQ', 625, 745, 5, 235, 258.0, 5, 16, 5, 44, 29
1, 500, 36.0, 0.0, 36.0, 0.0, '067AR0', 620, 750, 5, 240, 264.0, 5, 15, 6, 45, 30
1, 500, 221.0, 0.0, 221.0, 0.0, 'HBRAIO', 615, 755, 5, 235, 258.0, 5, 14, 7, 46, 31
1, 500, 80.0, 0.0, 80.0, 0.0, 'MWPRSR', 610, 760, 5, 240, 264.0, 5, 13, 8, 47, 32
1, 500, 500.0, 0.0, 500.0, 0.0, 'I5JEAZ', 605, 765, 5, 235, 258.0, 5, 12, 9, 48, 33
1, 500, 98.0, 0.0, 98.0, 0.0, 'SLWWQG', 600, 770, 5, 240, 264.0, 5, 11, 10, 49, 34
1, 500, 63.0, 0.0, 63.0, 0.0, 'HG02FX', 595, 775, 5, 245, 270.0, 5, 10, 11, 50, 35
1, 500, 100.0, 0.0, 100.0, 0.0, '39QULV', 590, 780, 5, 250, 275.0, 5, 9, 12, 51, 36
1, 500, 136.0, 0.0, 136.0, 0.0, 'KXBSW9', 585, 785, 5, 255, 280.0, 5, 8, 13, 52, 37
1, 500, 295.0, 0.0, 295.0, 0.0, 'NSZ32P', 580, 790, 5, 260, 286.0, 5, 7, 14, 53, 38
1, 500, 129.0, 0.0, 129.0, 0.0, '3MSDZ1', 575, 795, 5, 265, 292.0, 5, 6, 15, 54, 39
1, 500, 97.0, 0.0, 97.0, 0.0, 'N4RDFQ', 570, 800, 5, 270, 297.0, 5, 5, 16, 55, 40
1, 500, 500.0, 0.0, 500.0, 0.0, 'D6MW0N', 565, 805, 5, 275, 302.0, 5, 4, 17, 56, 41
1, 500, 500.0, 0.0, 500.0, 0.0, '51HD7R', 560, 810, 5, 280, 308.0, 5, 3, 18, 57, 42
1, 500, 111.0, 0.0, 111.0, 0.0, 'OGJNWI', 555, 815, 5, 285, 314.0, 5, 2, 19, 58, 43
1, 500, 296.0, 0.0, 296.0, 0.0, 'J5Y0BV', 550, 820, 5, 290, 319.0, 5, 1, 20, 59, 44
1, 500, 145.0, 0.0, 145.0, 0.0, 'AC0QPD', 545, 825, 5, 295, 324.0, 5, 1, 21, 60, 45
1, 500, 500.0, 0.0, 500.0, 0.0, 'DOH78E', 540, 830, 5, 300, 330.0, 5, 1, 22, 61, 46
1, 500, 500.0, 0.0, 500.0, 0.0, '27TZ4F', 535, 835, 5, 305, 336.0, 5, 1, 23, 62, 47
1, 500, 500.0, 0.0, 500.0, 0.0, 'GMNPNH', 530, 840, 5, 310, 341.0, 5, 1, 24, 63, 48
1, 500, 89.0, 0.0, 89.0, 0.0, 'AAO3H4', 525, 845, 5, 315, 346.0, 5, 1, 25, 64, 49
1, 500, 500.0, 0.0, 500.0, 0.0, 'EY35VC', 520, 850, 5, 320, 352.0, 5, 1, 26, 65, 50
1, 500, 100.0, 0.0, 100.0, 0.0, 'UG8J30', 515, 855, 5, 325, 358.0, 5, 1, 27, 66, 51
1, 500, 500.0, 0.0, 500.0, 0.0, 'L9D6FF', 510, 860, 5, 330, 363.0, 5, 1, 28, 67, 52
1, 500, 350.0, 0.0, 350.0, 0.0, 'H0DEDU', 505, 865, 5, 335, 369.0, 5, 1, 29, 68, 53
1, 500, 500.0, 0.0, 500.0, 0.0, '70OLYE', 500, 870, 5, 340, 374.0, 5, 1, 30, 69, 54
1, 500, 194.0, 0.0, 194.0, 0.0, 'XFAY42', 495, 875, 5, 345, 380.0, 5, 1, 31, 70, 55
1, 500, 175.0, 0.0, 175.0, 0.0, 'VOFO5P', 490, 880, 5, 350, 385.0, 5, 1, 32, 71, 56
1, 500, 500.0, 0.0, 500.0, 0.0, 'PXKQ0F', 485, 885, 5, 355, 391.0, 5, 1, 33, 72, 57
1, 500, 500.0, 0.0, 500.0, 0.0, 'XNX24X', 480, 890, 5, 360, 396.0, 5, 1, 34, 73, 58
1, 500, 170.0, 0.0, 170.0, 0.0, 'OBP41Y', 475, 895, 5, 365, 402.0, 5, 1, 35, 74, 59
1, 500, 500.0, 0.0, 500.0, 0.0, 'XXGZVY', 470, 900, 5, 370, 407.0, 5, 1, 36, 75, 60
1, 500, 500.0, 0.0, 500.0, 0.0, 'FP61VI', 465, 905, 5, 375, 413.0, 5, 1, 37, 76, 61
1, 500, 295.0, 0.0, 295.0, 0.0, 'RUP2ER', 460, 910, 5, 380, 418.0, 5, 1, 38, 77, 62
1, 500, 500.0, 0.0, 500.0, 0.0, '60Q6ON', 455, 915, 5, 385, 424.0, 5, 1, 39, 78, 63
1, 500, 138.0, 0.0, 138.0, 0.0, 'ZHIJZL', 450, 920, 5, 390, 429.0, 5, 1, 40, 79, 64
1, 500, 500.0, 0.0, 500.0, 0.0, 'FDFZBA', 445, 925, 5, 395, 435.0, 5, 1, 41, 80, 65
1, 500, 500.0, 0.0, 500.0, 0.0, 'JMEVFH', 440, 930, 5, 400, 440.0, 5, 1, 42, 81, 66
1, 500, 134.0, 0.0, 134.0, 0.0, 'RC9687', 435, 935, 5, 405, 446.0, 5, 1, 43, 82, 67
1, 500, 126.0, 0.0, 126.0, 0.0, 'U0U0ZT', 430, 940, 5, 410, 451.0, 5, 1, 44, 83, 68
1, 500, 139.0, 0.0, 139.0, 0.0, 'LRU04U', 425, 945, 5, 415, 457.0, 5, 1, 45, 84, 69
1, 500, 155.0, 0.0, 155.0, 0.0, 'AX59GY', 420, 950, 5, 420, 462.0, 5, 1, 46, 85, 70
1, 500, 500.0, 0.0, 500.0, 0.0, 'DDUH9M', 415, 945, 5, 425, 468.0, 5, 1, 47, 86, 71
1, 500, 500.0, 0.0, 500.0, 0.0, 'OVPMYG', 410, 940, 5, 430, 473.0, 5, 1, 48, 87, 72
1, 500, 500.0, 0.0, 500.0, 0.0, '74LMIL', 405, 935, 5, 435, 479.0, 5, 1, 49, 88, 73
1, 500, 500.0, 0.0, 500.0, 0.0, 'AKECGU', 400, 930, 5, 440, 484.0, 5, 1, 50, 89, 74
1, 500, 123.0, 0.0, 123.0, 0.0, 'EZGH0E', 395, 925, 5, 445, 490.0, 5, 1, 51, 90, 75
1, 500, 152.0, 0.0, 152.0, 0.0, 'HFBO15', 390, 930, 5, 450, 495.0, 5, 1, 52, 91, 76
1, 500, 116.0, 0.0, 116.0, 0.0, 'G7C8AS', 385, 935, 5, 455, 501.0, 5, 1, 51, 92, 77
1, 500, 500.0, 0.0, 500.0, 0.0, 'DFX5ZN', 390, 940, 5, 460, 506.0, 5, 1, 50, 93, 78
1, 500, 209.0, 0.0, 209.0, 0.0, 'YVI2DU', 385, 945, 5, 465, 512.0, 5, 1, 49, 94, 79
1, 500, 500.0, 0.0, 500.0, 0.0, '65M6C2', 390, 950, 5, 470, 517.0, 5, 1, 48, 95, 80
1, 500, 500.0, 0.0, 500.0, 0.0, 'QQSODL', 395, 955, 5, 475, 522.0, 5, 1, 47, 96, 81
1, 500, 155.0, 0.0, 155.0, 0.0, 'N64T92', 400, 960, 5, 480, 528.0, 5, 1, 46, 97, 82
1, 500, 500.0, 0.0, 500.0, 0.0, 'XI856X', 395, 965, 5, 485, 534.0, 5, 1, 47, 98, 83
1, 500, 500.0, 0.0, 500.0, 0.0, 'ERB7GX', 400, 970, 5, 490, 539.0, 5, 1, 46, 99, 84
1, 500, 500.0, 0.0, 500.0, 0.0, 'BFKXDQ', 405, 975, 5, 495, 544.0, 5, 1, 45, 100, 85
1, 500, 500.0, 0.0, 500.0, 0.0, 'HE8U3R', 410, 980, 5, 500, 550.0, 5, 1, 44, 101, 86
1, 500, 500.0, 0.0, 500.0, 0.0, 'MYP831', 415, 985, 5, 505, 556.0, 5, 1, 43, 102, 87
1, 500, 500.0, 0.0, 500.0, 0.0, 'QMJ25C', 420, 990, 5, 510, 561.0, 5, 1, 42, 103, 88
1, 500, 500.0, 0.0, 500.0, 0.0, '8X0F9H', 425, 995, 5, 515, 566.0, 5, 1, 41, 104, 89
1, 500, 500.0, 0.0, 500.0, 0.0, 'NYRMV9', 430, 1000, 5, 520, 572.0, 5, 1, 40, 105, 90
1, 500, 194.0, 0.0, 194.0, 0.0, 'CR8433', 435, 1005, 5, 525, 578.0, 5, 1, 39, 106, 91
1, 500, 500.0, 0.0, 500.0, 0.0, 'VUJIGX', 440, 1010, 5, 530, 583.0, 5, 1, 38, 107, 92
1, 500, 94.0, 0.0, 94.0, 0.0, 'EV9MTA', 445, 1015, 5, 535, 588.0, 5, 1, 37, 108, 93
1, 500, 500.0, 0.0, 500.0, 0.0, '6BVOIG', 440, 1020, 5, 540, 594.0, 5, 1, 38, 109, 94
1, 500, 248.0, 0.0, 248.0, 0.0, 'KQU5GG', 435, 1025, 5, 545, 600.0, 5, 1, 39, 110, 95
1, 500, 175.0, 0.0, 175.0, 0.0, 'D1AH85', 430, 1020, 5, 550, 605.0, 5, 1, 40, 111, 96
1, 500, 500.0, 0.0, 500.0, 0.0, 'N7TZRM', 425, 1015, 5, 555, 610.0, 5, 1, 41, 112, 97
1, 500, 105.0, 0.0, 105.0, 0.0, 'TOMC0U', 420, 1010, 5, 560, 616.0, 5, 1, 42, 113, 98
1, 500, 500.0, 0.0, 500.0, 0.0, '1FI76K', 415, 1005, 5, 565, 622.0, 5, 1, 43, 114, 99
1, 500, 162.0, 0.0, 162.0, 0.0, '3RH1MD', 410, 1000, 5, 570, 627.0, 5, 1, 44, 115, 100
1, 500, 239.0, 0.0, 239.0, 0.0, 'FMYRRJ', 405, 995, 5, 575, 632.0, 5, 1, 45, 116, 101
1, 500, 500.0, 0.0, 500.0, 0.0, 'MYP489', 400, 990, 5, 580, 638.0, 5, 1, 46, 117, 102
1, 500, 317.0, 0.0, 317.0, 0.0, 'HM8AZT', 395, 985, 5, 585, 644.0, 5, 1, 47, 118, 103
1, 500, 210.0, 0.0, 210.0, 0.0, 'B7TS41', 390, 980, 5, 590, 649.0, 5, 1, 48, 119, 104
1, 500, 500.0, 0.0, 500.0, 0.0, 'GN95MK', 385, 985, 5, 595, 654.0, 5, 1, 49, 120, 105
1, 500, 144.0, 0.0, 144.0, 0.0, '38T27Y', 380, 990, 5, 600, 660.0, 5, 1, 50, 121, 106
1, 500, 500.0, 0.0, 500.0, 0.0, 'FBDXBZ', 375, 995, 5, 605, 666.0, 5, 1, 51, 122, 107
1, 500, 500.0, 0.0, 500.0, 0.0, 'JHVYFZ', 370, 1000, 5, 610, 671.0, 5, 1, 52, 123, 108
1, 500, 151.0, 0.0, 151.0, 0.0, 'EZD6HT', 365, 1005, 5, 615, 676.0, 5, 1, 53, 124, 109
1, 500, 500.0, 0.0, 500.0, 0.0, 'NMSQ7E', 360, 1010, 5, 620, 682.0, 5, 1, 54, 125, 110
1, 500, 500.0, 0.0, 500.0, 0.0, 'DVDYLK', 355, 1015, 5, 625, 688.0, 5, 1, 55, 126, 111
1, 500, 218.0, 0.0, 218.0, 0.0, '6QNMPU', 350, 1020, 5, 630, 693.0, 5, 1, 56, 127, 112
1, 500, 500.0, 0.0, 500.0, 0.0, 'ZROTAL', 345, 1025, 5, 635, 698.0, 5, 1, 57, 128, 113
1, 500, 500.0, 0.0, 500.0, 0.0, '9VEJX9', 340, 1030, 5, 640, 704.0, 5, 1, 58, 129, 114
1, 500, 500.0, 0.0, 500.0, 0.0, '7245C1', 335, 1035, 5, 645, 710.0, 5, 1, 59, 130, 115
1, 500, 500.0, 0.0, 500.0, 0.0, 'AOTQSN', 330, 1040, 5, 650, 715.0, 5, 1, 60, 131, 116
1, 500, 500.0, 0.0, 500.0, 0.0, '3AURUF', 325, 1045, 5, 655, 721.0, 5, 1, 61, 132, 117
1, 500, 500.0, 0.0, 500.0, 0.0, '600L5W', 320, 1050, 5, 660, 726.0, 5, 1, 62, 133, 118
1, 500, 500.0, 0.0, 500.0, 0.0, 'X20UE8', 315, 1055, 5, 665, 732.0, 5, 1, 63, 134, 119
1, 500, 500.0, 0.0, 500.0, 0.0, 'SNCXSH', 310, 1060, 5, 670, 737.0, 5, 1, 64, 135, 120
1, 500, 500.0, 0.0, 500.0, 0.0, '2J79FO', 305, 1065, 5, 675, 743.0, 5, 1, 65, 136, 121
1, 500, 500.0, 0.0, 500.0, 0.0, 'L9BKFO', 300, 1070, 5, 680, 748.0, 5, 1, 66, 137, 122
1, 5000, 5000.0, 0.0, 5000.0, 0.0, 'C8BNWC', 300, 1070, 5, 680, 748.0, 5, 1, 66, 137, 122
