1, 500, 14.0, 0.0, 14.0, 0.0, 'QKJV76', 292, 395, 22, 60, 81, 8, 1, 8, 11, 19
1, 500, 23.0, 0.0, 23.0, 0.0, 'JPX6L8', 296, 422, 30, 58, 90, 5, 5, 11, 23, 6
1, 500, 48.0, 0.0, 48.0, 0.0, 'S9JVMG', 315, 397, 18, 75, 114, 5, 1, 16, 38, 20
1, 500, 23.0, 0.0, 23.0, 0.0, 'IX6OS8', 297, 424, 18, 72, 85, 5, 1, 11, 31, 11
1, 500, 20.0, 0.0, 20.0, 0.0, 'TAOFBZ', 301, 420, 20, 82, 90.2, 5, 1, 9, 20, 3
1, 500, 10.0, 0.0, 10.0, 0.0, 'UDF6E0', 294, 414, 27, 60, 93, 14, 3, 24, 14, 3
1, 500, 15.0, 0.0, 15.0, 0.0, '3GZUDM', 306, 389, 22, 85, 97, 7, 1, 19, 30, 2
1, 500, 95.0, 0.0, 95.0, 0.0, 'P8ZOA8', 296, 372, 28, 82, 100, 5, 7, 12, 33, 26
1, 500, 14.0, 0.0, 14.0, 0.0, '5CH734', 299, 403, 28, 67, 87, 11, 7, 11, 24, 10
1, 500, 11.0, 0.0, 11.0, 0.0, 'TG28LZ', 288, 397, 16, 71, 103, 16, 4, 5, 23, 1
1, 500, 95.0, 0.0, 95.0, 0.0, 'UWY4K8', 310, 381, 11, 68, 99, 14, 8, 14, 42, 4
1, 500, 6.0, 0.0, 6.0, 0.0, '03CQI6', 307, 376, 20, 53, 117, 5, 11, 7, 15, 15
1, 500, 16.0, 0.0, 16.0, 0.0, 'RNKWQS', 289, 399, 24, 72, 103, 23, 1, 9, 28, 13
1, 500, 45.0, 0.0, 45.0, 0.0, 'TATO8T', 275, 381, 24, 62, 89, 8, 1, 7, 25, 1
1, 500, 35.0, 0.0, 35.0, 0.0, '71LUQC', 312, 391, 14, 77, 96, 6, 1, 13, 36, 18
1, 500, 68.0, 0.0, 68.0, 0.0, '8HD4QN', 306, 394, 17, 83, 118, 5, 8, 21, 35, 14
1, 500, 26.0, 0.0, 26.0, 0.0, '8PSB3H', 309, 398, 17, 75, 87, 12, 5, 14, 30, 1
1, 500, 30.0, 0.0, 30.0, 0.0, '9XKZMC', 291, 404, 23, 76, 88, 10, 8, 19, 24, 20
1, 500, 18.0, 0.0, 18.0, 0.0, 'QJ5U36', 309, 381, 18, 60, 98, 12, 1, 14, 21, 8
1, 500, 99.0, 0.0, 99.0, 0.0, 'H20CKL', 312, 402, 23, 74, 102, 11, 3, 18, 22, 24
1, 500, 24.0, 0.0, 24.0, 0.0, '5US5XW', 319, 430, 16, 58, 108, 7, 1, 15, 24, 10
1, 500, 31.0, 0.0, 31.0, 0.0, 'XVHMY2', 320, 395, 29, 90, 99.00000000000001, 5, 7, 20, 20, 29
1, 500, 24.0, 0.0, 24.0, 0.0, 'WFNVUG', 307, 395, 17, 77, 100, 7, 1, 14, 16, 12
1, 500, 54.0, 0.0, 54.0, 0.0, '9T7O1Q', 295, 404, 21, 75, 87, 5, 8, 12, 22, 15
1, 500, 24.0, 0.0, 24.0, 0.0, '0XQ5HM', 307, 428, 19, 55, 87, 8, 1, 5, 30, 8
1, 500, 19.0, 0.0, 19.0, 0.0, '4H5IL7', 314, 415, 20, 74, 112, 5, 1, 10, 11, 18
1, 500, 28.0, 0.0, 28.0, 0.0, '44ZBVE', 314, 400, 19, 76, 83.60000000000001, 9, 4, 8, 32, 1
1, 500, 97.0, 0.0, 97.0, 0.0, '6C38HE', 316, 405, 20, 70, 105, 9, 6, 8, 45, 9
1, 500, 30.0, 0.0, 30.0, 0.0, '516NP5', 297, 401, 14, 60, 81, 5, 2, 22, 39, 1
1, 500, 16.0, 0.0, 16.0, 0.0, 'JP6TGR', 299, 398, 26, 75, 112, 14, 4, 13, 18, 9
1, 500, 13.0, 0.0, 13.0, 0.0, 'T1F7QK', 301, 392, 30, 66, 106, 13, 1, 14, 26, 9
1, 500, 124.0, 0.0, 124.0, 0.0, 'XPYJ32', 308, 405, 23, 72, 96, 17, 9, 13, 40, 14
1, 500, 30.0, 0.0, 30.0, 0.0, 'WBFISA', 294, 391, 20, 73, 106, 7, 1, 12, 27, 1
1, 500, 12.0, 0.0, 12.0, 0.0, '141Z53', 312, 397, 26, 77, 108, 5, 12, 15, 15, 1
1, 500, 20.0, 0.0, 20.0, 0.0, 'M70MSH', 288, 389, 16, 84, 110, 10, 1, 11, 18, 15
1, 500, 142.0, 0.0, 142.0, 0.0, 'GGV7VO', 293, 399, 19, 75, 96, 7, 6, 13, 20, 31
1, 500, 23.0, 0.0, 23.0, 0.0, 'PCLAPX', 300, 400, 12, 49, 111, 17, 1, 13, 27, 7
1, 500, 197.0, 0.0, 197.0, 0.0, 'E7QDHE', 297, 384, 24, 77, 97, 10, 6, 12, 29, 6
1, 500, 11.0, 0.0, 11.0, 0.0, 'YIME85', 303, 404, 18, 73, 110, 12, 1, 6, 25, 1
1, 500, 18.0, 0.0, 18.0, 0.0, '453Z1R', 311, 404, 20, 92, 101.2, 16, 3, 21, 16, 6
1, 500, 30.0, 0.0, 30.0, 0.0, '5FAIZ1', 287, 401, 21, 81, 111, 10, 2, 18, 46, 16
1, 500, 28.0, 0.0, 28.0, 0.0, 'K1G4N4', 290, 399, 22, 92, 101.2, 5, 3, 18, 35, 6
1, 500, 180.0, 0.0, 180.0, 0.0, 'QKK6UA', 296, 407, 20, 73, 116, 5, 3, 16, 27, 14
1, 500, 103.0, 0.0, 103.0, 0.0, 'MHO34I', 300, 401, 10, 72, 89, 7, 1, 13, 27, 6
1, 500, 19.0, 0.0, 19.0, 0.0, 'C5HNEG', 292, 403, 20, 74, 87, 15, 2, 18, 27, 3
1, 500, 82.0, 0.0, 82.0, 0.0, 'Q0XOF6', 311, 398, 19, 81, 89.10000000000001, 10, 7, 14, 21, 12
1, 500, 116.0, 0.0, 116.0, 0.0, 'A46J0K', 299, 397, 18, 59, 111, 12, 2, 11, 23, 14
1, 500, 23.0, 0.0, 23.0, 0.0, 'OX4710', 289, 435, 33, 60, 95, 5, 4, 18, 28, 20
1, 500, 22.0, 0.0, 22.0, 0.0, 'JQYZQT', 309, 400, 30, 71, 97, 5, 1, 21, 14, 14
1, 500, 66.0, 0.0, 66.0, 0.0, 'O88FPG', 314, 407, 22, 76, 91, 14, 1, 10, 34, 1
1, 500, 16.0, 0.0, 16.0, 0.0, 'CFPSZ2', 312, 386, 24, 68, 121, 9, 1, 19, 25, 6
1, 500, 239.0, 0.0, 239.0, 0.0, 'CE9428', 302, 395, 25, 71, 92, 5, 5, 19, 31, 21
1, 500, 14.0, 0.0, 14.0, 0.0, '5O77U6', 284, 405, 27, 75, 92, 15, 1, 19, 27, 1
1, 500, 59.0, 0.0, 59.0, 0.0, 'HPG8PF', 298, 413, 18, 61, 106, 11, 4, 9, 26, 1
1, 500, 24.0, 0.0, 24.0, 0.0, '3B5PZT', 286, 398, 23, 56, 70, 5, 6, 17, 28, 1
1, 500, 17.0, 0.0, 17.0, 0.0, 'SNGAX0', 286, 407, 24, 66, 94, 9, 1, 11, 26, 9
1, 500, 30.0, 0.0, 30.0, 0.0, 'N0E3VN', 282, 412, 17, 82, 90.2, 7, 1, 17, 31, 9
1, 500, 57.0, 0.0, 57.0, 0.0, '3CCHIO', 286, 377, 20, 75, 112, 8, 4, 10, 14, 6
1, 500, 500.0, 0.0, 500.0, 0.0, 'DELVV7', 291, 401, 15, 60, 93, 14, 6, 5, 28, 19
1, 500, 23.0, 0.0, 23.0, 0.0, 'RF4WXM', 289, 390, 16, 71, 103, 5, 1, 11, 28, 14
1, 500, 15.0, 0.0, 15.0, 0.0, '995K8Y', 296, 420, 16, 55, 106, 12, 1, 8, 24, 6
1, 500, 18.0, 0.0, 18.0, 0.0, 'K9QPU9', 333, 384, 16, 60, 103, 14, 3, 21, 21, 5
1, 500, 17.0, 0.0, 17.0, 0.0, 'ZICNSC', 289, 424, 30, 58, 102, 8, 8, 16, 20, 17
1, 500, 26.0, 0.0, 26.0, 0.0, 'UNNEBZ', 294, 417, 28, 87, 95.7, 11, 4, 21, 37, 4
1, 500, 15.0, 0.0, 15.0, 0.0, 'Y02KN9', 295, 386, 21, 52, 115, 13, 2, 17, 15, 1
1, 500, 30.0, 0.0, 30.0, 0.0, 'S94K4I', 307, 405, 28, 57, 108, 6, 4, 16, 22, 21
1, 500, 41.0, 0.0, 41.0, 0.0, 'MMHIHC', 319, 405, 17, 50, 110, 5, 2, 14, 27, 3
1, 500, 18.0, 0.0, 18.0, 0.0, '69LOXU', 302, 394, 31, 78, 102, 9, 5, 13, 20, 10
1, 500, 14.0, 0.0, 14.0, 0.0, 'LK31QC', 306, 390, 25, 78, 90, 14, 1, 5, 20, 1
1, 500, 92.0, 0.0, 92.0, 0.0, 'ZDZCIB', 299, 402, 17, 65, 107, 9, 6, 12, 20, 5
1, 500, 48.0, 0.0, 48.0, 0.0, 'NN0WZN', 301, 395, 15, 73, 85, 5, 3, 16, 31, 12
1, 500, 166.0, 0.0, 166.0, 0.0, '8DD92B', 301, 408, 21, 67, 112, 7, 2, 17, 16, 27
1, 500, 185.0, 0.0, 185.0, 0.0, 'DI0PZ6', 294, 406, 24, 75, 100, 10, 6, 22, 19, 28
1, 500, 20.0, 0.0, 20.0, 0.0, 'A3VV04', 298, 406, 26, 69, 95, 8, 5, 21, 27, 12
1, 500, 72.0, 0.0, 72.0, 0.0, '1UUCHV', 303, 379, 20, 88, 96.80000000000001, 9, 6, 13, 12, 8
1, 500, 500.0, 0.0, 500.0, 0.0, 'WHKG5M', 306, 408, 15, 72, 97, 5, 1, 18, 35, 16
1, 500, 25.0, 0.0, 25.0, 0.0, 'EKKU6H', 320, 373, 21, 97, 111, 13, 1, 17, 20, 1
1, 500, 25.0, 0.0, 25.0, 0.0, 'K5DV8W', 302, 389, 27, 74, 81.4, 5, 6, 12, 19, 8
1, 500, 34.0, 0.0, 34.0, 0.0, 'VJCWTE', 288, 396, 10, 55, 90, 7, 6, 20, 25, 9
1, 500, 16.0, 0.0, 16.0, 0.0, 'NV5ISV', 290, 402, 21, 75, 96, 14, 2, 14, 9, 7
1, 500, 21.0, 0.0, 21.0, 0.0, 'YK5KKV', 292, 416, 22, 66, 104, 12, 3, 21, 21, 19
1, 500, 33.0, 0.0, 33.0, 0.0, 'A1NJ19', 299, 416, 25, 63, 98, 12, 3, 16, 21, 7
1, 500, 13.0, 0.0, 13.0, 0.0, 'UHA18C', 291, 401, 20, 60, 100, 18, 5, 20, 24, 1
1, 500, 11.0, 0.0, 11.0, 0.0, 'C2WT6N', 296, 388, 20, 74, 101, 5, 1, 6, 16, 1
1, 500, 61.0, 0.0, 61.0, 0.0, '5QA416', 307, 379, 15, 74, 114, 17, 1, 26, 21, 16
1, 500, 13.0, 0.0, 13.0, 0.0, 'PFRFBF', 333, 418, 27, 54, 106, 6, 1, 15, 17, 2
1, 500, 38.0, 0.0, 38.0, 0.0, 'HAAFLZ', 311, 400, 22, 60, 107, 18, 1, 17, 41, 16
1, 500, 31.0, 0.0, 31.0, 0.0, 'O3M0XN', 306, 403, 15, 68, 90, 19, 1, 13, 32, 15
1, 500, 20.0, 0.0, 20.0, 0.0, 'B3KWH6', 286, 370, 22, 71, 121, 12, 1, 8, 20, 20
1, 500, 25.0, 0.0, 25.0, 0.0, 'HUQ1K1', 304, 396, 11, 61, 112, 7, 1, 12, 8, 14
1, 500, 41.0, 0.0, 41.0, 0.0, '9OGE17', 315, 405, 20, 72, 114, 5, 7, 17, 7, 5
1, 500, 22.0, 0.0, 22.0, 0.0, '3SJ9VZ', 309, 386, 16, 69, 112, 9, 2, 18, 35, 3
1, 500, 23.0, 0.0, 23.0, 0.0, 'OZYKT4', 305, 405, 20, 65, 90, 8, 8, 14, 22, 1
1, 500, 109.0, 0.0, 109.0, 0.0, 'OFNYPF', 303, 394, 22, 73, 96, 12, 4, 11, 27, 19
1, 500, 67.0, 0.0, 67.0, 0.0, 'N7HRDQ', 294, 410, 16, 72, 95, 12, 4, 10, 37, 11
1, 500, 21.0, 0.0, 21.0, 0.0, 'VO8KO8', 311, 401, 23, 72, 98, 9, 3, 18, 9, 4
1, 500, 16.0, 0.0, 16.0, 0.0, '7RPSUR', 303, 425, 25, 82, 90.2, 5, 2, 13, 14, 11
1, 500, 42.0, 0.0, 42.0, 0.0, 'YTQ21F', 287, 388, 10, 79, 120, 5, 1, 12, 16, 1
1, 500, 61.0, 0.0, 61.0, 0.0, 'CCMNEP', 314, 399, 20, 68, 103, 11, 3, 11, 24, 12
1, 500, 166.0, 0.0, 166.0, 0.0, '6DTFPE', 287, 394, 23, 67, 106, 5, 7, 16, 28, 20
1, 500, 4.0, 0.0, 4.0, 0.0, 'G57WDD', 316, 405, 17, 70, 90, 16, 1, 1, 24, 23
1, 500, 104.0, 0.0, 104.0, 0.0, 'MNEI50', 308, 431, 18, 68, 91, 13, 1, 14, 19, 16
1, 500, 18.0, 0.0, 18.0, 0.0, 'TML2S1', 309, 376, 17, 75, 92, 11, 1, 27, 18, 18
1, 500, 26.0, 0.0, 26.0, 0.0, '0K2BSO', 293, 387, 10, 59, 114, 14, 2, 15, 27, 2
1, 500, 74.0, 0.0, 74.0, 0.0, 'V6RF5F', 284, 422, 8, 78, 106, 9, 1, 13, 24, 10
1, 500, 79.0, 0.0, 79.0, 0.0, 'JITHR8', 309, 425, 21, 81, 97, 7, 3, 13, 33, 12
1, 500, 81.0, 0.0, 81.0, 0.0, '7Z8C3N', 289, 411, 17, 53, 96, 5, 4, 16, 28, 9
1, 500, 74.0, 0.0, 74.0, 0.0, 'FQ8U6O', 280, 395, 20, 79, 86.9, 7, 2, 14, 43, 30
1, 500, 11.0, 0.0, 11.0, 0.0, '974DML', 291, 409, 29, 64, 97, 14, 1, 16, 30, 13
1, 500, 23.0, 0.0, 23.0, 0.0, 'MO93FU', 296, 382, 20, 83, 91.30000000000001, 5, 2, 15, 14, 1
1, 500, 24.0, 0.0, 24.0, 0.0, '2JNKO6', 305, 411, 23, 67, 97, 5, 1, 20, 11, 22
1, 500, 22.0, 0.0, 22.0, 0.0, 'KN3D6P', 295, 387, 22, 59, 92, 12, 6, 30, 20, 18
1, 500, 17.0, 0.0, 17.0, 0.0, 'TWOUN2', 312, 405, 25, 72, 94, 16, 2, 5, 20, 3
1, 500, 34.0, 0.0, 34.0, 0.0, '4LJWL1', 297, 409, 20, 68, 104, 11, 4, 14, 22, 1
1, 500, 14.0, 0.0, 14.0, 0.0, 'UM1K1A', 302, 413, 26, 64, 96, 5, 1, 24, 47, 1
1, 500, 16.0, 0.0, 16.0, 0.0, 'GT2WAL', 300, 417, 28, 72, 101, 9, 2, 20, 19, 12
1, 500, 114.0, 0.0, 114.0, 0.0, 'JRPJH8', 287, 412, 20, 73, 86, 12, 6, 20, 23, 41
1, 500, 33.0, 0.0, 33.0, 0.0, '9SE734', 305, 434, 21, 80, 97, 5, 3, 21, 29, 2
1, 500, 17.0, 0.0, 17.0, 0.0, 'KONQZL', 318, 397, 11, 65, 94, 10, 2, 14, 22, 9
1, 500, 206.0, 0.0, 206.0, 0.0, 'NQX9T7', 301, 428, 15, 76, 103, 5, 7, 21, 27, 9
1, 500, 24.0, 0.0, 24.0, 0.0, 'DB210B', 290, 378, 18, 63, 99, 13, 5, 13, 26, 10
1, 500, 23.0, 0.0, 23.0, 0.0, '7L3W2I', 279, 429, 26, 69, 111, 8, 4, 14, 34, 1
1, 500, 33.0, 0.0, 33.0, 0.0, 'PKX8Z0', 297, 398, 7, 71, 93, 14, 2, 21, 36, 9
1, 500, 30.0, 0.0, 30.0, 0.0, '3WUE1Y', 292, 399, 26, 80, 107, 13, 2, 9, 20, 11
1, 500, 59.0, 0.0, 59.0, 0.0, '1UWFZE', 297, 407, 20, 74, 106, 13, 8, 22, 35, 7
1, 500, 57.0, 0.0, 57.0, 0.0, 'VYG5QH', 305, 408, 22, 87, 96, 11, 2, 12, 24, 1
1, 500, 500.0, 0.0, 500.0, 0.0, 'RZTMSZ', 305, 374, 16, 65, 96, 11, 6, 14, 48, 16
1, 500, 18.0, 0.0, 18.0, 0.0, '5DBYAW', 297, 388, 22, 55, 93, 12, 1, 16, 15, 3
1, 500, 46.0, 0.0, 46.0, 0.0, 'AUUMG8', 316, 410, 19, 56, 106, 12, 5, 20, 29, 11
1, 500, 25.0, 0.0, 25.0, 0.0, 'HP1Y1Z', 299, 418, 20, 55, 90, 11, 2, 17, 24, 19
1, 500, 17.0, 0.0, 17.0, 0.0, 'J3X3O7', 294, 405, 25, 73, 98, 8, 1, 24, 20, 1
1, 500, 32.0, 0.0, 32.0, 0.0, '0SMYFW', 300, 409, 25, 71, 115, 14, 3, 12, 25, 15
1, 500, 98.0, 0.0, 98.0, 0.0, 'GR37FO', 300, 379, 16, 58, 116, 9, 1, 19, 25, 12
1, 500, 22.0, 0.0, 22.0, 0.0, 'IBI0R0', 296, 413, 23, 73, 104, 5, 3, 19, 34, 17
1, 500, 51.0, 0.0, 51.0, 0.0, 'FKH7Z7', 298, 395, 22, 61, 106, 13, 1, 12, 38, 19
1, 500, 74.0, 0.0, 74.0, 0.0, 'STL4KL', 300, 389, 17, 74, 92, 12, 8, 15, 30, 18
1, 500, 21.0, 0.0, 21.0, 0.0, 'L3O8Z1', 331, 402, 27, 79, 115, 11, 1, 10, 39, 11
1, 500, 66.0, 0.0, 66.0, 0.0, '3MK27B', 309, 387, 15, 77, 101, 5, 6, 10, 35, 11
1, 500, 25.0, 0.0, 25.0, 0.0, '9BK3M7', 307, 403, 20, 61, 99, 15, 1, 24, 40, 12
1, 500, 18.0, 0.0, 18.0, 0.0, 'OZHTTD', 317, 393, 19, 89, 97.9, 11, 1, 8, 10, 15
1, 500, 16.0, 0.0, 16.0, 0.0, 'JWSJJ8', 295, 377, 27, 62, 116, 15, 5, 8, 14, 1
1, 500, 24.0, 0.0, 24.0, 0.0, '1M9DPD', 307, 414, 13, 60, 80, 12, 12, 11, 20, 16
1, 500, 113.0, 0.0, 113.0, 0.0, 'UVU7K5', 314, 410, 16, 55, 81, 5, 3, 15, 34, 10
1, 500, 22.0, 0.0, 22.0, 0.0, '62TKKF', 313, 391, 18, 68, 88, 16, 4, 18, 15, 4
1, 500, 19.0, 0.0, 19.0, 0.0, 'RKO4EP', 306, 384, 26, 81, 89.10000000000001, 6, 1, 21, 28, 1
1, 500, 30.0, 0.0, 30.0, 0.0, '23H72K', 318, 414, 21, 76, 110, 16, 1, 20, 38, 11
1, 500, 33.0, 0.0, 33.0, 0.0, 'FZG9GA', 305, 409, 19, 80, 99, 13, 1, 13, 35, 11
1, 500, 9.0, 0.0, 9.0, 0.0, 'WQINM8', 305, 380, 24, 60, 101, 7, 1, 12, 17, 10
1, 500, 20.0, 0.0, 20.0, 0.0, '8Q17IU', 292, 414, 24, 71, 109, 5, 1, 18, 40, 6
1, 500, 23.0, 0.0, 23.0, 0.0, 'ULOA3H', 288, 363, 15, 53, 112, 10, 1, 22, 26, 21
1, 500, 23.0, 0.0, 23.0, 0.0, 'SBALOO', 291, 414, 25, 62, 101, 14, 2, 15, 20, 17
1, 500, 184.0, 0.0, 184.0, 0.0, 'B0EAA0', 292, 395, 18, 56, 91, 5, 10, 15, 32, 26
1, 500, 8.0, 0.0, 8.0, 0.0, '75FC57', 312, 376, 14, 68, 74.80000000000001, 13, 4, 17, 1, 1
1, 500, 263.0, 0.0, 263.0, 0.0, 'HHBEGK', 300, 399, 25, 50, 108, 8, 6, 16, 25, 21
1, 500, 323.0, 0.0, 323.0, 0.0, '85FWR6', 287, 396, 11, 76, 90, 9, 1, 15, 25, 21
1, 500, 41.0, 0.0, 41.0, 0.0, '0R0MAC', 297, 409, 19, 71, 105, 5, 1, 13, 9, 14
1, 500, 69.0, 0.0, 69.0, 0.0, 'OGGXME', 307, 412, 27, 83, 91.30000000000001, 5, 1, 12, 24, 16
1, 500, 32.0, 0.0, 32.0, 0.0, '3AXSPB', 312, 397, 22, 70, 96, 12, 1, 11, 33, 6
1, 500, 170.0, 0.0, 170.0, 0.0, '7BHZJ0', 283, 407, 18, 71, 97, 11, 6, 13, 38, 32
1, 500, 40.0, 0.0, 40.0, 0.0, 'U6W12I', 301, 384, 20, 77, 102, 12, 4, 24, 28, 9
1, 500, 12.0, 0.0, 12.0, 0.0, 'NNSIL9', 302, 405, 23, 68, 105, 5, 1, 11, 16, 9
1, 500, 21.0, 0.0, 21.0, 0.0, 'YQ7JJP', 303, 392, 27, 73, 86, 13, 4, 14, 23, 22
1, 500, 56.0, 0.0, 56.0, 0.0, 'MN7KEO', 317, 399, 24, 75, 98, 5, 3, 14, 38, 7
1, 500, 16.0, 0.0, 16.0, 0.0, '2LAAPD', 307, 403, 26, 57, 110, 5, 4, 8, 22, 7
1, 500, 158.0, 0.0, 158.0, 0.0, 'ZUXUBS', 301, 391, 17, 57, 96, 10, 6, 24, 43, 19
1, 500, 24.0, 0.0, 24.0, 0.0, 'HB3306', 299, 420, 18, 78, 100, 5, 1, 21, 11, 3
1, 500, 20.0, 0.0, 20.0, 0.0, 'Q4OCOW', 316, 408, 21, 67, 109, 17, 1, 18, 28, 1
1, 500, 69.0, 0.0, 69.0, 0.0, '466WX4', 307, 389, 17, 64, 103, 25, 2, 23, 37, 29
1, 500, 16.0, 0.0, 16.0, 0.0, '4J9V60', 299, 398, 20, 74, 95, 5, 1, 15, 30, 1
1, 500, 24.0, 0.0, 24.0, 0.0, 'INJXLB', 298, 411, 22, 82, 107, 11, 1, 18, 22, 27
1, 500, 36.0, 0.0, 36.0, 0.0, '3Q0JVZ', 295, 397, 19, 64, 116, 9, 3, 9, 29, 1
1, 500, 14.0, 0.0, 14.0, 0.0, 'XVN9JM', 314, 399, 20, 71, 114, 14, 1, 10, 9, 5
1, 500, 124.0, 0.0, 124.0, 0.0, 'PXIVLA', 306, 409, 14, 72, 83, 9, 5, 12, 33, 15
1, 500, 34.0, 0.0, 34.0, 0.0, 'TYYQYW', 294, 397, 17, 79, 114, 9, 10, 25, 22, 7
1, 500, 303.0, 0.0, 303.0, 0.0, 'G56HT3', 310, 411, 14, 52, 111, 9, 4, 18, 42, 12
1, 500, 62.0, 0.0, 62.0, 0.0, '0EWC7T', 296, 397, 19, 68, 107, 10, 6, 21, 25, 10
1, 500, 21.0, 0.0, 21.0, 0.0, 'Z4NCKN', 309, 385, 18, 74, 86, 14, 1, 3, 26, 20
1, 500, 35.0, 0.0, 35.0, 0.0, '3SPV5U', 319, 395, 14, 63, 93, 5, 5, 20, 25, 1
1, 500, 19.0, 0.0, 19.0, 0.0, 'KGTMLE', 293, 387, 10, 66, 103, 9, 3, 11, 2, 5
1, 500, 16.0, 0.0, 16.0, 0.0, '8LJSTS', 309, 374, 25, 83, 105, 16, 5, 20, 53, 1
1, 500, 13.0, 0.0, 13.0, 0.0, 'PA5Z32', 293, 389, 21, 68, 96, 17, 4, 15, 20, 1
1, 500, 198.0, 0.0, 198.0, 0.0, 'EP9FWT', 292, 409, 9, 70, 99, 5, 1, 14, 24, 7
1, 500, 25.0, 0.0, 25.0, 0.0, 'PO68JB', 290, 408, 23, 76, 109, 7, 2, 16, 38, 1
1, 500, 500.0, 0.0, 500.0, 0.0, '7P7L5Y', 307, 407, 18, 86, 97, 6, 2, 18, 1, 25
1, 500, 53.0, 0.0, 53.0, 0.0, 'SWLAEA', 297, 394, 12, 65, 85, 5, 3, 1, 32, 18
1, 500, 500.0, 0.0, 500.0, 0.0, 'CRY37C', 290, 406, 15, 73, 97, 16, 11, 18, 22, 19
1, 500, 36.0, 0.0, 36.0, 0.0, 'C3C4KA', 293, 381, 11, 69, 102, 12, 1, 23, 43, 1
1, 500, 38.0, 0.0, 38.0, 0.0, '7AYYHX', 307, 393, 19, 81, 102, 5, 2, 17, 20, 9
1, 500, 20.0, 0.0, 20.0, 0.0, 'GJ7RIG', 287, 392, 15, 76, 115, 7, 9, 22, 32, 11
1, 500, 31.0, 0.0, 31.0, 0.0, 'UB7WUS', 288, 424, 19, 75, 82.5, 14, 5, 20, 47, 1
1, 500, 58.0, 0.0, 58.0, 0.0, 'CG57Q6', 291, 405, 22, 68, 115, 7, 9, 17, 14, 7
1, 500, 72.0, 0.0, 72.0, 0.0, '9WJPFS', 297, 414, 14, 57, 105, 5, 4, 20, 23, 3
1, 500, 22.0, 0.0, 22.0, 0.0, 'T6XK5J', 297, 402, 26, 52, 96, 11, 2, 12, 23, 5
1, 500, 24.0, 0.0, 24.0, 0.0, 'IQAPIU', 313, 429, 24, 66, 107, 9, 4, 18, 18, 6
1, 500, 28.0, 0.0, 28.0, 0.0, '0F2UG4', 295, 374, 18, 79, 86.9, 7, 1, 9, 39, 13
1, 500, 15.0, 0.0, 15.0, 0.0, 'AY9U9H', 305, 401, 25, 85, 94, 17, 3, 16, 24, 18
1, 500, 13.0, 0.0, 13.0, 0.0, 'GJFUCT', 309, 407, 20, 67, 98, 12, 1, 15, 29, 24
1, 500, 54.0, 0.0, 54.0, 0.0, 'Q2A3OZ', 303, 378, 18, 61, 104, 5, 5, 16, 28, 25
1, 500, 30.0, 0.0, 30.0, 0.0, '4EKJKM', 288, 415, 18, 71, 85, 5, 1, 13, 22, 4
1, 500, 27.0, 0.0, 27.0, 0.0, 'MM85FZ', 292, 400, 20, 62, 106, 5, 1, 18, 26, 9
1, 500, 11.0, 0.0, 11.0, 0.0, 'MGROWA', 298, 397, 20, 74, 90, 7, 1, 15, 18, 28
1, 500, 50.0, 0.0, 50.0, 0.0, '78S9BF', 293, 404, 18, 59, 83, 10, 3, 14, 14, 6
1, 500, 62.0, 0.0, 62.0, 0.0, '3RJYLO', 304, 394, 23, 75, 87, 5, 3, 16, 24, 17
1, 500, 143.0, 0.0, 143.0, 0.0, '1ZVVVW', 301, 391, 12, 75, 93, 6, 5, 19, 31, 7
1, 500, 20.0, 0.0, 20.0, 0.0, 'UWKSRT', 289, 395, 17, 80, 113, 12, 1, 16, 10, 13
1, 500, 24.0, 0.0, 24.0, 0.0, 'Z4CBTJ', 292, 392, 24, 76, 100, 6, 1, 15, 19, 14
1, 500, 22.0, 0.0, 22.0, 0.0, 'FU1R40', 310, 424, 27, 74, 93, 9, 4, 14, 32, 14
1, 500, 30.0, 0.0, 30.0, 0.0, 'SBLHH6', 301, 408, 23, 54, 88, 13, 1, 9, 31, 17
1, 500, 24.0, 0.0, 24.0, 0.0, '8JMQXW', 290, 408, 24, 63, 93, 14, 2, 18, 42, 11
1, 500, 5.0, 0.0, 5.0, 0.0, '9JW4ZB', 344, 418, 14, 80, 99, 19, 7, 10, 13, 14
1, 500, 15.0, 0.0, 15.0, 0.0, 'YHRMMG', 288, 392, 24, 79, 101, 11, 2, 10, 16, 1
1, 500, 146.0, 0.0, 146.0, 0.0, 'H876RB', 295, 387, 12, 64, 88, 7, 5, 12, 15, 8
1, 500, 23.0, 0.0, 23.0, 0.0, 'TV5GL4', 297, 380, 23, 76, 114, 5, 1, 15, 17, 1
1, 500, 35.0, 0.0, 35.0, 0.0, 'NJ6SRM', 294, 384, 7, 71, 97, 10, 3, 20, 13, 1
1, 500, 21.0, 0.0, 21.0, 0.0, 'O4MCVL', 314, 416, 23, 75, 111, 14, 4, 27, 26, 10
1, 500, 15.0, 0.0, 15.0, 0.0, 'TNRD30', 294, 374, 22, 80, 104, 14, 1, 16, 16, 12
1, 500, 35.0, 0.0, 35.0, 0.0, 'B66ZYS', 310, 392, 27, 78, 90, 12, 2, 11, 29, 15
1, 500, 226.0, 0.0, 226.0, 0.0, 'QKG61D', 299, 404, 14, 55, 113, 5, 2, 11, 25, 13
1, 500, 31.0, 0.0, 31.0, 0.0, 'LZ1JZ0', 298, 404, 17, 80, 88.0, 8, 1, 20, 54, 1
1, 500, 17.0, 0.0, 17.0, 0.0, '0EJOTV', 301, 390, 23, 59, 104, 13, 1, 20, 30, 8
1, 500, 41.0, 0.0, 41.0, 0.0, 'N5Y5AQ', 280, 401, 15, 84, 124, 6, 1, 16, 32, 10
1, 500, 16.0, 0.0, 16.0, 0.0, '40LFZG', 301, 432, 18, 74, 100, 14, 2, 11, 4, 1
1, 500, 61.0, 0.0, 61.0, 0.0, 'VATMU9', 281, 386, 28, 71, 105, 14, 1, 17, 34, 31
1, 500, 114.0, 0.0, 114.0, 0.0, 'Q5XOUE', 305, 398, 24, 83, 118, 5, 2, 24, 35, 20
1, 500, 18.0, 0.0, 18.0, 0.0, 'FKZM92', 304, 404, 34, 56, 102, 11, 1, 12, 31, 1
1, 500, 233.0, 0.0, 233.0, 0.0, 'NWTF6O', 312, 400, 16, 71, 105, 13, 4, 15, 6, 19
1, 500, 21.0, 0.0, 21.0, 0.0, 'KQABGS', 300, 405, 24, 57, 82, 5, 7, 21, 21, 7
1, 500, 19.0, 0.0, 19.0, 0.0, 'KKLDSH', 295, 403, 27, 71, 91, 12, 8, 20, 31, 14
1, 500, 12.0, 0.0, 12.0, 0.0, '6ZV2SC', 292, 378, 17, 65, 96, 9, 6, 7, 24, 1
1, 500, 142.0, 0.0, 142.0, 0.0, 'D7HBIJ', 288, 403, 13, 64, 104, 5, 6, 20, 24, 4
1, 500, 25.0, 0.0, 25.0, 0.0, 'H0S75Y', 304, 378, 17, 64, 97, 13, 3, 11, 21, 13
1, 500, 235.0, 0.0, 235.0, 0.0, 'HHQD40', 285, 401, 22, 81, 115, 6, 2, 24, 12, 19
1, 500, 37.0, 0.0, 37.0, 0.0, 'E8PRG8', 315, 408, 17, 81, 98, 6, 1, 13, 25, 11
1, 500, 17.0, 0.0, 17.0, 0.0, 'TOETVU', 293, 412, 30, 58, 90, 11, 1, 6, 24, 14
1, 500, 128.0, 0.0, 128.0, 0.0, 'U3ZARF', 299, 415, 15, 66, 94, 16, 5, 15, 28, 32
1, 500, 13.0, 0.0, 13.0, 0.0, 'LHHL5X', 304, 396, 15, 74, 87, 14, 2, 13, 22, 7
1, 500, 28.0, 0.0, 28.0, 0.0, 'QXKLMH', 304, 407, 10, 62, 93, 8, 1, 12, 14, 2
1, 500, 14.0, 0.0, 14.0, 0.0, 'AGAC22', 301, 399, 25, 67, 100, 12, 3, 26, 20, 12
1, 500, 29.0, 0.0, 29.0, 0.0, 'QLFZON', 306, 406, 22, 81, 90, 5, 2, 16, 41, 10
1, 500, 13.0, 0.0, 13.0, 0.0, 'DPSSWV', 293, 412, 21, 81, 111, 5, 1, 12, 34, 1
1, 500, 31.0, 0.0, 31.0, 0.0, '8OE4HS', 311, 421, 10, 70, 88, 17, 2, 27, 46, 1
1, 500, 24.0, 0.0, 24.0, 0.0, 'T46LLP', 290, 413, 23, 61, 116, 7, 1, 16, 27, 10
1, 500, 23.0, 0.0, 23.0, 0.0, 'CKRR0J', 283, 392, 26, 56, 99, 10, 1, 16, 38, 4
1, 500, 11.0, 0.0, 11.0, 0.0, 'GYWQPF', 291, 403, 29, 61, 102, 13, 1, 21, 27, 11
1, 500, 35.0, 0.0, 35.0, 0.0, 'WPL2T5', 305, 387, 22, 83, 104, 17, 4, 7, 26, 16
1, 500, 34.0, 0.0, 34.0, 0.0, '7RMGN0', 306, 406, 22, 78, 103, 5, 4, 20, 33, 1
1, 500, 228.0, 0.0, 228.0, 0.0, 'V8Q6WR', 292, 398, 16, 58, 107, 7, 6, 16, 8, 16
1, 500, 78.0, 0.0, 78.0, 0.0, '270UZ8', 287, 399, 22, 49, 105, 5, 4, 5, 45, 7
1, 500, 28.0, 0.0, 28.0, 0.0, '8VOUDS', 294, 381, 18, 58, 99, 10, 8, 14, 19, 4
1, 500, 23.0, 0.0, 23.0, 0.0, 'SP34CE', 292, 378, 19, 74, 107, 8, 2, 12, 24, 10
1, 500, 32.0, 0.0, 32.0, 0.0, 'NZ9KDP', 304, 387, 24, 57, 91, 12, 2, 14, 37, 17
1, 500, 206.0, 0.0, 206.0, 0.0, 'E41A4T', 299, 414, 17, 59, 80, 13, 4, 25, 34, 14
1, 500, 246.0, 0.0, 246.0, 0.0, '4K56FG', 302, 390, 18, 76, 111, 9, 1, 11, 24, 24
1, 500, 20.0, 0.0, 20.0, 0.0, 'DEZQQK', 292, 396, 24, 69, 93, 16, 2, 14, 34, 1
1, 500, 87.0, 0.0, 87.0, 0.0, 'JH2C3R', 297, 394, 17, 74, 89, 8, 4, 20, 3, 8
1, 500, 70.0, 0.0, 70.0, 0.0, 'ROU2XZ', 284, 417, 17, 63, 91, 8, 5, 19, 26, 3
1, 500, 76.0, 0.0, 76.0, 0.0, 'NCKHCZ', 301, 403, 14, 76, 93, 16, 4, 12, 33, 10
1, 500, 81.0, 0.0, 81.0, 0.0, '8901LR', 310, 390, 20, 83, 91.30000000000001, 5, 7, 19, 15, 5
1, 500, 19.0, 0.0, 19.0, 0.0, 'DBGRW6', 294, 416, 26, 71, 92, 16, 3, 12, 16, 8
1, 500, 42.0, 0.0, 42.0, 0.0, '8332XC', 309, 412, 19, 81, 107, 10, 3, 14, 9, 1
1, 500, 22.0, 0.0, 22.0, 0.0, '2UB01E', 306, 392, 22, 64, 110, 5, 2, 22, 18, 1
1, 500, 37.0, 0.0, 37.0, 0.0, 'OLHMRE', 326, 402, 30, 57, 101, 7, 2, 17, 38, 14
1, 500, 105.0, 0.0, 105.0, 0.0, 'HOMAEZ', 312, 396, 16, 54, 108, 12, 1, 10, 15, 20
1, 500, 174.0, 0.0, 174.0, 0.0, 'TKK8DQ', 292, 419, 18, 61, 94, 8, 6, 15, 35, 7
1, 500, 21.0, 0.0, 21.0, 0.0, 'CY3VV5', 283, 406, 29, 72, 93, 5, 7, 11, 16, 14
1, 500, 21.0, 0.0, 21.0, 0.0, 'XUNM3K', 287, 410, 19, 62, 104, 12, 4, 15, 14, 1
1, 500, 15.0, 0.0, 15.0, 0.0, '753V6J', 322, 395, 21, 64, 96, 5, 10, 13, 4, 1
1, 500, 500.0, 0.0, 500.0, 0.0, 'WWJBYA', 294, 411, 15, 75, 92, 7, 5, 12, 18, 13
1, 500, 16.0, 0.0, 16.0, 0.0, 'E50H9U', 309, 407, 27, 75, 106, 17, 2, 4, 37, 7
1, 500, 29.0, 0.0, 29.0, 0.0, 'WV7K5M', 292, 386, 16, 67, 109, 5, 1, 14, 26, 9
1, 500, 17.0, 0.0, 17.0, 0.0, 'AZN8LC', 314, 413, 22, 80, 101, 5, 1, 13, 14, 2
1, 500, 187.0, 0.0, 187.0, 0.0, '9O5T3N', 304, 401, 22, 80, 99, 15, 1, 9, 6, 26
1, 500, 25.0, 0.0, 25.0, 0.0, 'UGORUN', 300, 401, 19, 66, 106, 14, 2, 17, 25, 8
1, 500, 16.0, 0.0, 16.0, 0.0, '5HXYFG', 313, 388, 21, 66, 98, 16, 1, 14, 15, 1
1, 500, 500.0, 0.0, 500.0, 0.0, 'GRH94S', 308, 385, 20, 59, 87, 11, 2, 20, 29, 16
1, 500, 26.0, 0.0, 26.0, 0.0, '361KG7', 327, 402, 14, 64, 109, 5, 1, 6, 10, 1
1, 500, 29.0, 0.0, 29.0, 0.0, 'BD67GE', 311, 443, 22, 59, 99, 13, 1, 19, 33, 18
1, 500, 15.0, 0.0, 15.0, 0.0, 'OMXS1B', 301, 380, 22, 55, 103, 15, 3, 28, 29, 1
1, 500, 130.0, 0.0, 130.0, 0.0, 'YLH3IE', 312, 432, 16, 68, 115, 5, 4, 19, 34, 11
1, 500, 26.0, 0.0, 26.0, 0.0, 'GGY2C1', 295, 402, 15, 86, 109, 10, 1, 19, 18, 5
1, 500, 24.0, 0.0, 24.0, 0.0, '633695', 306, 406, 26, 89, 103, 12, 4, 9, 15, 6
1, 500, 21.0, 0.0, 21.0, 0.0, '7K8678', 295, 399, 14, 74, 81.4, 16, 1, 5, 23, 1
1, 500, 36.0, 0.0, 36.0, 0.0, 'IORTSJ', 316, 396, 20, 64, 93, 5, 1, 19, 28, 3
1, 500, 17.0, 0.0, 17.0, 0.0, 'Y2PSQV', 308, 395, 20, 66, 103, 16, 1, 16, 17, 17
1, 500, 66.0, 0.0, 66.0, 0.0, 'WQ3G4J', 295, 400, 21, 70, 113, 10, 3, 18, 28, 7
1, 500, 18.0, 0.0, 18.0, 0.0, 'ZIUMQR', 294, 377, 26, 71, 87, 14, 3, 14, 16, 17
1, 500, 21.0, 0.0, 21.0, 0.0, 'RSQAJN', 286, 425, 25, 64, 103, 6, 3, 10, 29, 8
1, 500, 42.0, 0.0, 42.0, 0.0, 'FYBXK1', 299, 385, 20, 52, 103, 11, 6, 25, 30, 14
1, 500, 40.0, 0.0, 40.0, 0.0, '0XFC3F', 309, 387, 17, 81, 101, 9, 1, 12, 23, 1
1, 500, 20.0, 0.0, 20.0, 0.0, 'LKT57C', 302, 373, 24, 77, 103, 9, 1, 5, 11, 1
1, 500, 11.0, 0.0, 11.0, 0.0, '19H3F8', 287, 412, 26, 79, 113, 11, 1, 16, 25, 14
1, 500, 26.0, 0.0, 26.0, 0.0, 'FLMGH5', 304, 398, 29, 67, 95, 9, 3, 12, 36, 6
1, 500, 12.0, 0.0, 12.0, 0.0, 'UNFA99', 299, 402, 24, 67, 101, 5, 1, 8, 28, 27
1, 500, 36.0, 0.0, 36.0, 0.0, 'XJTEQF', 302, 394, 21, 62, 101, 5, 3, 13, 28, 1
1, 500, 31.0, 0.0, 31.0, 0.0, 'J2U9OM', 295, 390, 18, 75, 103, 15, 1, 19, 42, 9
1, 500, 18.0, 0.0, 18.0, 0.0, '21JQ1I', 311, 395, 22, 84, 96, 11, 2, 13, 18, 2
1, 500, 74.0, 0.0, 74.0, 0.0, 'ZX5XFG', 302, 398, 12, 86, 94.60000000000001, 15, 5, 22, 19, 15
1, 500, 31.0, 0.0, 31.0, 0.0, 'NQ0O9B', 301, 387, 26, 54, 101, 11, 4, 19, 33, 2
1, 500, 39.0, 0.0, 39.0, 0.0, 'F4BL81', 306, 382, 13, 58, 85, 7, 1, 15, 35, 8
1, 500, 18.0, 0.0, 18.0, 0.0, 'MTDCWS', 307, 406, 25, 73, 95, 15, 4, 15, 21, 13
1, 500, 94.0, 0.0, 94.0, 0.0, 'PMG62G', 296, 398, 18, 66, 102, 7, 1, 11, 29, 7
1, 500, 24.0, 0.0, 24.0, 0.0, 'X0HY98', 289, 424, 23, 77, 108, 7, 1, 12, 15, 2
1, 500, 17.0, 0.0, 17.0, 0.0, '7JIF60', 309, 404, 27, 74, 104, 10, 1, 18, 16, 11
1, 500, 294.0, 0.0, 294.0, 0.0, 'W2BRCT', 298, 382, 14, 61, 107, 10, 2, 22, 13, 15
1, 500, 55.0, 0.0, 55.0, 0.0, 'AC6Q2I', 306, 385, 28, 77, 100, 10, 5, 10, 25, 4
1, 500, 78.0, 0.0, 78.0, 0.0, 'HDN7H7', 267, 413, 21, 71, 108, 5, 1, 25, 26, 11
1, 500, 14.0, 0.0, 14.0, 0.0, 'PZ5CD1', 295, 375, 25, 73, 112, 11, 1, 16, 12, 1
1, 500, 26.0, 0.0, 26.0, 0.0, 'OK3K7D', 301, 414, 24, 40, 82, 5, 2, 24, 21, 11
1, 500, 500.0, 0.0, 500.0, 0.0, 'SDWYNW', 311, 416, 22, 79, 86.9, 11, 1, 15, 16, 29
1, 500, 24.0, 0.0, 24.0, 0.0, 'RKTJFX', 320, 370, 12, 51, 118, 14, 5, 20, 29, 2
1, 500, 16.0, 0.0, 16.0, 0.0, 'XRUULW', 298, 398, 12, 78, 97, 16, 6, 17, 27, 1
1, 500, 23.0, 0.0, 23.0, 0.0, 'UO6CHT', 301, 405, 21, 63, 97, 5, 2, 13, 4, 11
1, 500, 10.0, 0.0, 10.0, 0.0, 'Q76AGJ', 292, 384, 25, 72, 104, 13, 1, 15, 15, 8
1, 500, 28.0, 0.0, 28.0, 0.0, '3EV2LP', 293, 421, 16, 66, 97, 12, 1, 10, 19, 13
1, 500, 15.0, 0.0, 15.0, 0.0, 'LYJ0HX', 299, 414, 31, 57, 117, 8, 7, 19, 34, 5
1, 500, 52.0, 0.0, 52.0, 0.0, 'NAEZD0', 291, 407, 11, 52, 79, 6, 4, 21, 8, 6
1, 500, 18.0, 0.0, 18.0, 0.0, 'GM7LHY', 304, 383, 25, 66, 102, 19, 1, 11, 40, 1
1, 500, 117.0, 0.0, 117.0, 0.0, '85EPHX', 317, 391, 14, 67, 98, 7, 1, 12, 24, 7
1, 500, 15.0, 0.0, 15.0, 0.0, '3BCLNO', 319, 387, 20, 81, 89.10000000000001, 15, 5, 21, 16, 7
1, 500, 26.0, 0.0, 26.0, 0.0, 'Y2ATTC', 309, 404, 25, 64, 102, 5, 2, 18, 16, 7
1, 500, 190.0, 0.0, 190.0, 0.0, 'E9KVZY', 300, 394, 17, 65, 107, 11, 1, 15, 37, 5
1, 500, 19.0, 0.0, 19.0, 0.0, 'SEA85H', 305, 393, 23, 63, 96, 10, 5, 16, 17, 7
1, 500, 144.0, 0.0, 144.0, 0.0, 'N9O89J', 311, 383, 15, 71, 106, 13, 5, 18, 16, 22
1, 500, 11.0, 0.0, 11.0, 0.0, 'X1CX2B', 287, 408, 25, 63, 104, 5, 4, 5, 14, 1
1, 500, 21.0, 0.0, 21.0, 0.0, '64VM8O', 318, 392, 30, 54, 83, 7, 3, 15, 19, 9
1, 500, 15.0, 0.0, 15.0, 0.0, '2TB2Y6', 289, 429, 22, 51, 107, 8, 1, 4, 28, 1
1, 500, 101.0, 0.0, 101.0, 0.0, '8PR1Z3', 293, 394, 18, 85, 97, 8, 1, 6, 43, 8
1, 500, 38.0, 0.0, 38.0, 0.0, 'KVBJX6', 306, 399, 27, 52, 109, 5, 1, 19, 19, 3
1, 500, 13.0, 0.0, 13.0, 0.0, '45RELN', 307, 399, 30, 81, 125, 7, 1, 19, 26, 4
1, 500, 18.0, 0.0, 18.0, 0.0, '2BNP4F', 312, 385, 21, 67, 84, 16, 2, 17, 21, 8
1, 500, 34.0, 0.0, 34.0, 0.0, 'D5J3B3', 288, 376, 24, 63, 112, 8, 3, 17, 22, 25
1, 500, 23.0, 0.0, 23.0, 0.0, 'G9JLAO', 298, 381, 22, 73, 87, 12, 1, 13, 38, 14
1, 500, 75.0, 0.0, 75.0, 0.0, '6RV33B', 297, 411, 30, 84, 92.4, 6, 3, 22, 21, 34
1, 500, 230.0, 0.0, 230.0, 0.0, '9BYSRL', 307, 427, 14, 80, 96, 9, 4, 20, 27, 6
1, 500, 48.0, 0.0, 48.0, 0.0, '26DPRV', 293, 365, 17, 67, 105, 8, 1, 26, 20, 12
1, 500, 30.0, 0.0, 30.0, 0.0, '06Z2OZ', 306, 388, 14, 62, 108, 8, 2, 21, 30, 1
1, 500, 53.0, 0.0, 53.0, 0.0, 'B2IJ71', 320, 410, 24, 92, 106, 5, 5, 16, 38, 1
1, 500, 39.0, 0.0, 39.0, 0.0, 'CN6KGV', 307, 387, 24, 67, 103, 13, 1, 15, 28, 23
1, 500, 34.0, 0.0, 34.0, 0.0, 'YBCJL0', 295, 421, 16, 77, 89, 13, 6, 6, 16, 5
1, 500, 195.0, 0.0, 195.0, 0.0, '3TCS16', 299, 387, 21, 73, 98, 5, 4, 13, 20, 36
1, 500, 105.0, 0.0, 105.0, 0.0, '5ZXXXG', 298, 396, 17, 71, 79, 9, 5, 17, 24, 10
1, 500, 96.0, 0.0, 96.0, 0.0, 'ESM9XJ', 296, 390, 11, 53, 117, 11, 2, 20, 38, 21
1, 500, 27.0, 0.0, 27.0, 0.0, '457OFB', 311, 405, 19, 68, 92, 5, 5, 19, 31, 1
1, 500, 18.0, 0.0, 18.0, 0.0, 'G6NP0L', 291, 389, 20, 52, 113, 5, 8, 17, 13, 1
1, 500, 152.0, 0.0, 152.0, 0.0, 'XCJCGH', 308, 400, 10, 62, 120, 10, 1, 17, 26, 22
1, 500, 47.0, 0.0, 47.0, 0.0, 'HXC2UZ', 298, 390, 20, 58, 98, 5, 1, 11, 28, 9
1, 500, 34.0, 0.0, 34.0, 0.0, 'FIZPAG', 313, 405, 16, 75, 109, 7, 2, 8, 26, 4
1, 500, 102.0, 0.0, 102.0, 0.0, 'Y4G2ZQ', 286, 418, 18, 79, 87, 12, 8, 12, 29, 13
1, 500, 235.0, 0.0, 235.0, 0.0, 'UR1N4X', 303, 378, 22, 70, 87, 10, 2, 18, 31, 21
1, 500, 21.0, 0.0, 21.0, 0.0, 'T5YWVH', 297, 405, 28, 65, 102, 15, 1, 19, 30, 21
1, 500, 38.0, 0.0, 38.0, 0.0, '7UXJFX', 298, 412, 14, 68, 105, 10, 1, 15, 14, 1
1, 500, 53.0, 0.0, 53.0, 0.0, '4MHBQT', 294, 433, 19, 82, 90.2, 16, 1, 17, 10, 17
1, 500, 23.0, 0.0, 23.0, 0.0, 'NYS92D', 300, 376, 21, 91, 106, 5, 7, 21, 32, 1
1, 500, 17.0, 0.0, 17.0, 0.0, 'BESLNS', 287, 385, 14, 68, 103, 16, 1, 21, 40, 1
1, 500, 17.0, 0.0, 17.0, 0.0, '1L30NE', 299, 420, 28, 66, 96, 12, 2, 18, 23, 17
1, 500, 70.0, 0.0, 70.0, 0.0, 'QLMVSI', 297, 411, 29, 72, 98, 5, 1, 9, 39, 26
1, 500, 28.0, 0.0, 28.0, 0.0, 'ZLZ1O7', 303, 373, 14, 62, 99, 9, 1, 13, 19, 18
1, 500, 120.0, 0.0, 120.0, 0.0, '4RV8GM', 313, 411, 13, 63, 82, 12, 5, 10, 14, 17
1, 500, 38.0, 0.0, 38.0, 0.0, 'GDSAI9', 301, 406, 18, 90, 99.00000000000001, 6, 1, 16, 32, 2
1, 500, 23.0, 0.0, 23.0, 0.0, '4FH99V', 293, 409, 20, 87, 96, 12, 1, 18, 24, 1
1, 500, 21.0, 0.0, 21.0, 0.0, 'QL07DF', 304, 390, 23, 72, 95, 17, 1, 10, 27, 15
1, 500, 473.0, 0.0, 473.0, 0.0, 'H1NQXK', 291, 387, 19, 76, 88, 17, 3, 18, 32, 23
1, 500, 22.0, 0.0, 22.0, 0.0, 'ADBHDW', 295, 405, 21, 70, 97, 12, 1, 24, 43, 4
1, 500, 19.0, 0.0, 19.0, 0.0, 'RNOYS9', 294, 370, 16, 72, 107, 17, 7, 26, 23, 1
1, 500, 31.0, 0.0, 31.0, 0.0, '4CX7BL', 302, 418, 17, 79, 111, 10, 6, 15, 9, 8
1, 500, 181.0, 0.0, 181.0, 0.0, 'PZD0JI', 288, 416, 12, 74, 102, 8, 2, 11, 13, 25
1, 500, 35.0, 0.0, 35.0, 0.0, '02VUYJ', 282, 408, 20, 76, 96, 9, 5, 18, 48, 1
1, 500, 51.0, 0.0, 51.0, 0.0, '0YM90K', 288, 411, 21, 76, 95, 5, 2, 17, 26, 21
1, 500, 138.0, 0.0, 138.0, 0.0, '6FQNEE', 303, 425, 15, 78, 104, 8, 4, 10, 46, 10
1, 500, 39.0, 0.0, 39.0, 0.0, 'MCSCYQ', 290, 412, 16, 72, 88, 6, 1, 12, 28, 11
1, 500, 119.0, 0.0, 119.0, 0.0, 'D6IANL', 301, 406, 17, 76, 95, 12, 5, 20, 32, 18
1, 500, 15.0, 0.0, 15.0, 0.0, 'XPUJ9H', 296, 410, 17, 75, 93, 12, 1, 14, 28, 21
1, 500, 21.0, 0.0, 21.0, 0.0, 'EWOD4X', 311, 387, 24, 67, 111, 12, 1, 10, 34, 11
1, 500, 39.0, 0.0, 39.0, 0.0, '57UZV2', 290, 392, 16, 76, 93, 11, 4, 18, 39, 17
1, 500, 30.0, 0.0, 30.0, 0.0, 'ZG8P9P', 285, 377, 24, 68, 92, 13, 2, 24, 34, 22
1, 500, 15.0, 0.0, 15.0, 0.0, 'PQPFWX', 305, 422, 23, 67, 82, 12, 4, 24, 3, 1
1, 500, 32.0, 0.0, 32.0, 0.0, 'BQ4K8D', 305, 408, 29, 82, 93, 9, 2, 21, 32, 8
1, 500, 25.0, 0.0, 25.0, 0.0, 'MFM7WI', 296, 395, 17, 67, 104, 16, 2, 16, 31, 10
1, 500, 101.0, 0.0, 101.0, 0.0, 'GPL19Y', 289, 404, 15, 72, 104, 14, 5, 23, 9, 11
1, 500, 171.0, 0.0, 171.0, 0.0, 'QD1HF8', 283, 395, 17, 74, 102, 15, 3, 6, 34, 16
1, 500, 21.0, 0.0, 21.0, 0.0, '3CYOH4', 294, 404, 25, 63, 107, 18, 1, 11, 13, 24
1, 500, 13.0, 0.0, 13.0, 0.0, 'UCFSQV', 303, 392, 18, 54, 95, 15, 2, 18, 25, 8
1, 500, 29.0, 0.0, 29.0, 0.0, 'WI8EYR', 290, 410, 25, 89, 97.9, 7, 5, 18, 24, 7
1, 500, 77.0, 0.0, 77.0, 0.0, 'R87PX2', 278, 412, 13, 87, 101, 8, 2, 20, 33, 6
1, 500, 35.0, 0.0, 35.0, 0.0, 'ZLR4S1', 298, 401, 14, 55, 105, 5, 4, 19, 47, 1
1, 500, 77.0, 0.0, 77.0, 0.0, 'IZC0SZ', 304, 383, 14, 79, 101, 15, 5, 25, 25, 20
1, 500, 24.0, 0.0, 24.0, 0.0, '0NWFDO', 301, 425, 16, 67, 90, 13, 2, 7, 21, 7
1, 500, 14.0, 0.0, 14.0, 0.0, 'X7H6N4', 304, 392, 18, 72, 93, 17, 5, 18, 21, 12
1, 500, 23.0, 0.0, 23.0, 0.0, 'V4F8V2', 311, 368, 17, 90, 99.00000000000001, 14, 1, 18, 31, 1
1, 500, 40.0, 0.0, 40.0, 0.0, '4E90GN', 310, 367, 17, 74, 89, 14, 2, 17, 8, 17
1, 500, 23.0, 0.0, 23.0, 0.0, 'D1NTPG', 294, 393, 21, 72, 106, 12, 8, 15, 7, 31
1, 500, 98.0, 0.0, 98.0, 0.0, '91P9SL', 295, 416, 23, 64, 92, 5, 4, 10, 25, 19
1, 500, 37.0, 0.0, 37.0, 0.0, 'V020FH', 315, 394, 31, 67, 84, 5, 2, 9, 36, 7
1, 500, 94.0, 0.0, 94.0, 0.0, 'WTEI7X', 319, 416, 23, 71, 80, 13, 5, 17, 9, 14
1, 500, 15.0, 0.0, 15.0, 0.0, 'ZV0PM5', 306, 400, 20, 55, 99, 6, 1, 10, 14, 6
1, 500, 22.0, 0.0, 22.0, 0.0, 'YZ1UDA', 300, 408, 21, 75, 106, 13, 1, 16, 24, 1
1, 500, 14.0, 0.0, 14.0, 0.0, '7O6AHC', 303, 430, 19, 66, 104, 14, 4, 19, 31, 1
1, 500, 20.0, 0.0, 20.0, 0.0, '90IL3W', 296, 421, 20, 63, 89, 8, 2, 18, 31, 5
1, 500, 18.0, 0.0, 18.0, 0.0, 'LOW0HZ', 303, 427, 19, 60, 108, 18, 3, 13, 11, 2
1, 500, 97.0, 0.0, 97.0, 0.0, 'A9BRL9', 299, 392, 22, 90, 110, 15, 1, 9, 16, 22
1, 500, 24.0, 0.0, 24.0, 0.0, 'Z311AC', 301, 389, 22, 88, 96.80000000000001, 12, 4, 22, 27, 9
1, 500, 22.0, 0.0, 22.0, 0.0, 'B1NB4F', 294, 403, 19, 64, 104, 5, 4, 16, 23, 2
1, 500, 35.0, 0.0, 35.0, 0.0, '30419S', 284, 406, 13, 68, 89, 7, 1, 18, 24, 15
1, 500, 16.0, 0.0, 16.0, 0.0, 'RVHC6L', 305, 390, 25, 64, 100, 8, 1, 17, 14, 1
1, 500, 168.0, 0.0, 168.0, 0.0, 'LPT46F', 299, 404, 11, 62, 92, 5, 5, 10, 51, 23
1, 500, 29.0, 0.0, 29.0, 0.0, 'MDQSFU', 305, 364, 18, 58, 108, 8, 5, 16, 16, 12
1, 500, 20.0, 0.0, 20.0, 0.0, '01BWEL', 312, 411, 18, 64, 123, 13, 2, 15, 43, 7
1, 500, 57.0, 0.0, 57.0, 0.0, '8S5WDS', 300, 392, 17, 67, 93, 5, 1, 24, 17, 16
1, 500, 24.0, 0.0, 24.0, 0.0, 'A2KP0X', 302, 401, 13, 58, 97, 12, 3, 21, 23, 7
1, 500, 336.0, 0.0, 336.0, 0.0, '91LLSI', 286, 403, 27, 72, 92, 6, 1, 15, 30, 21
1, 500, 24.0, 0.0, 24.0, 0.0, 'JM299W', 297, 407, 22, 59, 102, 5, 2, 16, 25, 10
1, 500, 251.0, 0.0, 251.0, 0.0, 'Y06ID8', 302, 405, 17, 61, 104, 13, 7, 20, 36, 22
1, 500, 27.0, 0.0, 27.0, 0.0, '31QW8W', 300, 405, 22, 65, 109, 15, 3, 16, 23, 1
1, 500, 26.0, 0.0, 26.0, 0.0, 'GD49WT', 291, 411, 24, 71, 101, 18, 1, 18, 19, 12
1, 500, 14.0, 0.0, 14.0, 0.0, 'UXW3DB', 294, 417, 17, 70, 99, 15, 1, 20, 33, 1
1, 500, 39.0, 0.0, 39.0, 0.0, '48NUUK', 304, 427, 14, 65, 86, 7, 1, 10, 26, 4
1, 500, 19.0, 0.0, 19.0, 0.0, 'YOHBN4', 296, 400, 17, 64, 83, 14, 6, 16, 24, 18
1, 500, 54.0, 0.0, 54.0, 0.0, '2Q9IGE', 291, 405, 20, 63, 96, 18, 6, 16, 20, 34
1, 500, 12.0, 0.0, 12.0, 0.0, 'QP28QF', 276, 394, 21, 52, 100, 16, 2, 20, 29, 10
1, 500, 38.0, 0.0, 38.0, 0.0, 'T9Q2JF', 293, 403, 19, 68, 99, 9, 4, 27, 27, 2
1, 500, 31.0, 0.0, 31.0, 0.0, 'US6KVI', 304, 404, 18, 59, 89, 5, 2, 22, 23, 11
1, 500, 76.0, 0.0, 76.0, 0.0, 'R8YUQF', 304, 409, 23, 75, 97, 5, 2, 13, 27, 14
1, 500, 500.0, 0.0, 500.0, 0.0, 'MGYVM5', 299, 398, 17, 77, 89, 12, 7, 14, 19, 20
1, 500, 24.0, 0.0, 24.0, 0.0, 'GUY6LJ', 289, 391, 17, 61, 119, 11, 3, 23, 30, 1
1, 500, 140.0, 0.0, 140.0, 0.0, 'URMCR7', 306, 409, 14, 72, 109, 10, 7, 13, 4, 16
1, 500, 27.0, 0.0, 27.0, 0.0, 'BS3SB4', 303, 427, 22, 88, 109, 10, 1, 10, 51, 12
1, 500, 20.0, 0.0, 20.0, 0.0, '727O0K', 308, 412, 28, 88, 101, 5, 1, 20, 22, 1
1, 500, 92.0, 0.0, 92.0, 0.0, 'WG5818', 287, 411, 14, 64, 107, 12, 3, 12, 40, 17
1, 500, 16.0, 0.0, 16.0, 0.0, 'O94ITY', 282, 412, 20, 66, 95, 10, 6, 12, 22, 1
1, 500, 17.0, 0.0, 17.0, 0.0, 'GI82XO', 306, 405, 23, 59, 97, 5, 2, 10, 17, 4
1, 500, 15.0, 0.0, 15.0, 0.0, 'DYOK8E', 300, 389, 26, 46, 96, 15, 3, 17, 25, 7
1, 500, 79.0, 0.0, 79.0, 0.0, 'X2TM4J', 304, 402, 12, 79, 107, 5, 11, 16, 18, 16
1, 500, 21.0, 0.0, 21.0, 0.0, 'YESDR3', 302, 412, 18, 68, 108, 19, 4, 14, 29, 9
1, 500, 26.0, 0.0, 26.0, 0.0, '9SYAOT', 298, 397, 23, 89, 114, 6, 1, 18, 3, 13
1, 500, 17.0, 0.0, 17.0, 0.0, 'EXE2GY', 298, 390, 17, 60, 94, 10, 7, 10, 24, 12
1, 500, 35.0, 0.0, 35.0, 0.0, '8FMXQG', 291, 390, 26, 65, 89, 5, 7, 24, 22, 10
1, 500, 186.0, 0.0, 186.0, 0.0, 'XKDCM7', 287, 397, 13, 74, 90, 9, 1, 7, 28, 17
1, 500, 34.0, 0.0, 34.0, 0.0, 'CFH4DX', 291, 406, 19, 99, 108.9, 9, 2, 18, 5, 24
1, 500, 303.0, 0.0, 303.0, 0.0, 'TCLZVM', 310, 388, 15, 70, 86, 5, 3, 16, 9, 14
1, 500, 12.0, 0.0, 12.0, 0.0, 'XAF2WZ', 300, 410, 25, 59, 115, 13, 1, 15, 1, 9
1, 500, 154.0, 0.0, 154.0, 0.0, 'MRLQYH', 304, 407, 14, 84, 110, 14, 7, 10, 20, 11
1, 500, 31.0, 0.0, 31.0, 0.0, 'BRJ5ZE', 296, 400, 19, 75, 96, 9, 3, 17, 24, 1
1, 500, 22.0, 0.0, 22.0, 0.0, 'I2COTB', 302, 404, 25, 72, 83, 14, 2, 9, 28, 13
1, 500, 132.0, 0.0, 132.0, 0.0, 'DVXWFX', 281, 382, 17, 69, 103, 8, 6, 18, 42, 12
1, 500, 18.0, 0.0, 18.0, 0.0, 'OUNGDM', 300, 418, 25, 56, 100, 5, 1, 14, 17, 12
1, 500, 12.0, 0.0, 12.0, 0.0, 'TJKMWZ', 290, 406, 23, 62, 87, 5, 1, 16, 35, 1
1, 500, 20.0, 0.0, 20.0, 0.0, '4XAT61', 293, 417, 24, 84, 111, 12, 1, 24, 34, 14
1, 500, 26.0, 0.0, 26.0, 0.0, 'GGZUQ9', 290, 403, 28, 63, 111, 8, 1, 18, 39, 15
1, 500, 100.0, 0.0, 100.0, 0.0, '1UER0I', 300, 391, 16, 69, 108, 6, 1, 12, 33, 12
1, 500, 23.0, 0.0, 23.0, 0.0, 'J8AHCE', 294, 407, 19, 90, 101, 17, 1, 14, 13, 6
1, 500, 91.0, 0.0, 91.0, 0.0, 'MWZCUD', 295, 389, 21, 70, 112, 5, 2, 17, 16, 2
1, 500, 24.0, 0.0, 24.0, 0.0, 'GD45Q6', 305, 367, 8, 63, 111, 17, 6, 14, 36, 10
1, 500, 233.0, 0.0, 233.0, 0.0, 'X45QCK', 308, 386, 23, 73, 94, 5, 4, 15, 1, 18
1, 500, 35.0, 0.0, 35.0, 0.0, 'DAPGBA', 304, 389, 18, 72, 94, 7, 6, 19, 25, 1
1, 500, 30.0, 0.0, 30.0, 0.0, 'Y28823', 309, 417, 20, 74, 95, 16, 1, 13, 40, 16
1, 500, 20.0, 0.0, 20.0, 0.0, 'ZUYT2W', 307, 402, 20, 69, 86, 13, 1, 13, 19, 6
1, 500, 43.0, 0.0, 43.0, 0.0, 'LUPWVB', 306, 404, 18, 71, 107, 5, 5, 12, 19, 8
1, 500, 32.0, 0.0, 32.0, 0.0, 'L4W4Q2', 287, 419, 26, 86, 108, 6, 4, 21, 24, 1
1, 500, 125.0, 0.0, 125.0, 0.0, 'J9MWOC', 302, 407, 16, 64, 89, 5, 2, 10, 23, 28
1, 500, 30.0, 0.0, 30.0, 0.0, 'LR74RT', 299, 394, 17, 71, 95, 12, 1, 14, 20, 28
1, 500, 20.0, 0.0, 20.0, 0.0, 'GG1YGX', 301, 387, 21, 68, 107, 5, 2, 15, 24, 1
1, 500, 18.0, 0.0, 18.0, 0.0, 'QHTGQD', 283, 420, 15, 69, 89, 12, 1, 25, 20, 2
1, 500, 26.0, 0.0, 26.0, 0.0, 'TKH4C6', 303, 349, 23, 50, 93, 8, 8, 19, 45, 1
1, 500, 14.0, 0.0, 14.0, 0.0, '5NCIGZ', 288, 414, 22, 57, 96, 8, 1, 11, 24, 1
1, 500, 38.0, 0.0, 38.0, 0.0, '7OR7L8', 285, 417, 22, 87, 95.7, 7, 1, 20, 28, 29
1, 500, 10.0, 0.0, 10.0, 0.0, '5Z7AQ3', 309, 386, 19, 67, 101, 21, 1, 26, 20, 13
1, 500, 15.0, 0.0, 15.0, 0.0, 'FTH9KP', 303, 400, 24, 51, 101, 11, 1, 14, 18, 1
1, 500, 15.0, 0.0, 15.0, 0.0, '1SSAX3', 305, 377, 21, 65, 98, 15, 6, 20, 25, 5
1, 500, 23.0, 0.0, 23.0, 0.0, 'MX7Y51', 295, 372, 22, 68, 89, 10, 6, 17, 22, 1
1, 500, 23.0, 0.0, 23.0, 0.0, 'PW1QPY', 307, 373, 19, 74, 88, 10, 1, 15, 22, 10
1, 500, 24.0, 0.0, 24.0, 0.0, 'S2OOJ6', 286, 431, 18, 77, 100, 11, 3, 21, 28, 4
1, 500, 15.0, 0.0, 15.0, 0.0, 'X10ZWR', 308, 390, 18, 85, 93.50000000000001, 18, 3, 19, 12, 1
1, 500, 90.0, 0.0, 90.0, 0.0, 'WAB4UX', 282, 397, 24, 59, 108, 7, 5, 5, 31, 19
1, 500, 28.0, 0.0, 28.0, 0.0, '5XEON0', 291, 413, 23, 56, 111, 12, 1, 9, 24, 19
1, 500, 12.0, 0.0, 12.0, 0.0, 'MQWYCO', 287, 402, 34, 63, 97, 13, 1, 25, 11, 2
1, 500, 74.0, 0.0, 74.0, 0.0, 'Q3S3TR', 308, 425, 18, 86, 107, 15, 6, 16, 19, 10
1, 500, 44.0, 0.0, 44.0, 0.0, 'XNPZ05', 296, 447, 12, 60, 114, 5, 1, 13, 40, 14
1, 500, 73.0, 0.0, 73.0, 0.0, '0LFUWI', 278, 397, 19, 85, 93.50000000000001, 5, 2, 19, 30, 14
1, 500, 23.0, 0.0, 23.0, 0.0, 'FVWKXJ', 302, 384, 17, 65, 97, 9, 6, 27, 31, 5
1, 500, 22.0, 0.0, 22.0, 0.0, '368FMB', 295, 379, 14, 73, 107, 7, 1, 13, 33, 1
1, 500, 356.0, 0.0, 356.0, 0.0, 'VSK560', 294, 419, 19, 79, 93, 5, 5, 16, 40, 29
1, 500, 66.0, 0.0, 66.0, 0.0, 'M286RA', 295, 381, 36, 73, 80.30000000000001, 9, 4, 16, 41, 15
1, 500, 26.0, 0.0, 26.0, 0.0, 'DTRUBW', 303, 398, 20, 66, 96, 5, 1, 22, 33, 8
1, 500, 10.0, 0.0, 10.0, 0.0, '8GHGXI', 290, 393, 18, 65, 86, 13, 4, 6, 10, 20
1, 500, 103.0, 0.0, 103.0, 0.0, 'VTJN0I', 297, 404, 26, 86, 120, 7, 2, 14, 10, 18
1, 500, 24.0, 0.0, 24.0, 0.0, 'W0IRNP', 305, 394, 14, 59, 94, 15, 6, 16, 34, 1
1, 500, 22.0, 0.0, 22.0, 0.0, 'MP3NEL', 306, 414, 23, 66, 98, 13, 2, 22, 20, 1
1, 500, 14.0, 0.0, 14.0, 0.0, '3RIN2T', 307, 383, 19, 55, 105, 19, 1, 15, 8, 10
1, 500, 21.0, 0.0, 21.0, 0.0, 'SFPW1X', 291, 390, 29, 88, 122, 12, 1, 24, 32, 11
1, 500, 202.0, 0.0, 202.0, 0.0, 'M96OSN', 311, 407, 22, 80, 101, 5, 2, 21, 29, 20
1, 500, 21.0, 0.0, 21.0, 0.0, 'TL53ZA', 292, 401, 15, 93, 102.30000000000001, 8, 9, 18, 23, 1
1, 500, 500.0, 0.0, 500.0, 0.0, '3S6A0L', 305, 384, 15, 67, 102, 16, 4, 22, 38, 17
1, 500, 25.0, 0.0, 25.0, 0.0, '08PZ68', 302, 394, 17, 78, 99, 5, 1, 8, 17, 3
1, 500, 21.0, 0.0, 21.0, 0.0, 'OXKL8Z', 303, 410, 19, 63, 81, 11, 2, 21, 31, 4
1, 500, 19.0, 0.0, 19.0, 0.0, '5GX9AB', 303, 409, 29, 70, 116, 5, 4, 21, 37, 1
1, 500, 19.0, 0.0, 19.0, 0.0, 'Y5XIIN', 294, 387, 22, 86, 109, 10, 1, 24, 13, 6
1, 500, 24.0, 0.0, 24.0, 0.0, 'SCIP5H', 310, 419, 15, 73, 102, 12, 1, 14, 18, 31
1, 500, 22.0, 0.0, 22.0, 0.0, 'QMSPLC', 302, 389, 14, 75, 106, 8, 2, 10, 13, 8
1, 500, 18.0, 0.0, 18.0, 0.0, 'F9CS64', 305, 430, 14, 84, 108, 13, 1, 19, 29, 1
1, 500, 95.0, 0.0, 95.0, 0.0, '6WHG77', 306, 400, 25, 59, 88, 14, 5, 17, 34, 19
1, 500, 27.0, 0.0, 27.0, 0.0, 'TROPQC', 305, 409, 16, 68, 99, 18, 2, 19, 38, 18
1, 500, 25.0, 0.0, 25.0, 0.0, 'YOF9JU', 318, 378, 17, 63, 111, 19, 9, 18, 50, 25
1, 500, 127.0, 0.0, 127.0, 0.0, 'C430RY', 317, 364, 16, 51, 92, 10, 8, 14, 57, 17
1, 500, 23.0, 0.0, 23.0, 0.0, '44Y7CJ', 332, 365, 11, 68, 91, 16, 7, 24, 61, 16
1, 500, 500.0, 0.0, 500.0, 0.0, 'G8L3TM', 339, 372, 16, 79, 87, 5, 9, 22, 50, 21
1, 500, 75.0, 0.0, 75.0, 0.0, '03VS5K', 345, 379, 17, 79, 89, 12, 11, 28, 47, 26
1, 500, 500.0, 0.0, 500.0, 0.0, 'M1Y8GQ', 346, 419, 16, 80, 88, 5, 11, 28, 48, 26
1, 500, 174.0, 0.0, 174.0, 0.0, 'SY5VZE', 347, 427, 16, 76, 86, 5, 12, 22, 78, 27
1, 500, 36.0, 0.0, 36.0, 0.0, 'JP658E', 345, 431, 17, 80, 88, 5, 11, 12, 51, 21
1, 500, 54.0, 0.0, 54.0, 0.0, 'CKXSQ9', 347, 424, 11, 81, 89, 8, 10, 18, 50, 30
1, 500, 70.0, 0.0, 70.0, 0.0, 'MMJ87I', 355, 406, 11, 68, 97, 5, 6, 32, 43, 19
1, 500, 500.0, 0.0, 500.0, 0.0, 'Y5N5AW', 349, 436, 15, 90, 107, 5, 7, 33, 36, 18
1, 500, 500.0, 0.0, 500.0, 0.0, 'HSA7V5', 330, 445, 15, 85, 108, 5, 10, 33, 48, 21
1, 500, 111.0, 0.0, 111.0, 0.0, 'ZIZCFY', 334, 447, 16, 77, 107, 7, 12, 39, 45, 22
1, 500, 144.0, 0.0, 144.0, 0.0, '6KFYR1', 339, 458, 15, 87, 98, 5, 9, 44, 34, 31
1, 500, 107.0, 0.0, 107.0, 0.0, 'HAZ4Z8', 331, 438, 16, 91, 100, 5, 12, 54, 49, 58
1, 500, 76.0, 0.0, 76.0, 0.0, 'PHLXP9', 345, 435, 15, 86, 101, 5, 8, 55, 49, 42
1, 500, 98.0, 0.0, 98.0, 0.0, '3K5DJH', 368, 433, 13, 95, 104, 5, 11, 56, 38, 21
1, 500, 60.0, 0.0, 60.0, 0.0, '3YE1XD', 373, 440, 16, 99, 108, 5, 12, 55, 28, 18
1, 500, 73.0, 0.0, 73.0, 0.0, '2HW2GO', 360, 456, 15, 100, 110, 5, 10, 57, 38, 21
1, 500, 92.0, 0.0, 92.0, 0.0, 'JYT1RP', 361, 441, 14, 108, 118, 5, 6, 53, 31, 13
1, 500, 95.0, 0.0, 95.0, 0.0, 'QN05J3', 366, 452, 15, 112, 123, 8, 7, 46, 20, 17
1, 500, 119.0, 0.0, 119.0, 0.0, 'WC0ZWA', 362, 441, 10, 102, 134, 5, 5, 44, 2, 21
1, 500, 227.0, 0.0, 227.0, 0.0, 'PWBCCI', 345, 420, 12, 93, 136, 5, 1, 31, 1, 29
1, 500, 192.0, 0.0, 192.0, 0.0, 'Q3WG32', 347, 413, 17, 79, 135, 8, 1, 26, 1, 43
1, 500, 25.0, 0.0, 25.0, 0.0, 'OSEAPU', 367, 403, 18, 94, 133, 7, 6, 25, 1, 25
1, 500, 94.0, 0.0, 94.0, 0.0, 'M2DZ4A', 378, 415, 17, 104, 139, 5, 2, 19, 1, 33
1, 500, 15.0, 0.0, 15.0, 0.0, 'ORK0LB', 380, 433, 15, 99, 147, 5, 7, 17, 1, 18
1, 500, 111.0, 0.0, 111.0, 0.0, 'QZYVR9', 376, 434, 10, 86, 144, 5, 2, 21, 1, 34
1, 500, 500.0, 0.0, 500.0, 0.0, 'QDAU4T', 370, 472, 17, 80, 167, 5, 1, 29, 1, 42
1, 500, 156.0, 0.0, 156.0, 0.0, '1VQF82', 388, 469, 16, 84, 173, 5, 1, 29, 1, 51
1, 500, 430.0, 0.0, 430.0, 0.0, 'TT17QC', 379, 490, 18, 81, 163, 5, 1, 30, 1, 41
1, 500, 30.0, 0.0, 30.0, 0.0, '77ME03', 383, 489, 17, 78, 176, 5, 1, 31, 1, 45
1, 500, 188.0, 0.0, 188.0, 0.0, '51NJKW', 376, 498, 15, 83, 168, 9, 1, 28, 1, 30
1, 500, 310.0, 0.0, 310.0, 0.0, '9QPDOQ', 374, 500, 9, 80, 167, 5, 2, 32, 1, 25
1, 500, 291.0, 0.0, 291.0, 0.0, '9FP9BU', 373, 491, 19, 85, 158, 10, 1, 30, 1, 24
1, 500, 181.0, 0.0, 181.0, 0.0, 'WHSU99', 359, 475, 19, 88, 133, 5, 3, 34, 1, 39
1, 500, 500.0, 0.0, 500.0, 0.0, '17VE7D', 341, 484, 14, 80, 128, 5, 2, 31, 1, 36
1, 500, 33.0, 0.0, 33.0, 0.0, 'IIA8S9', 331, 485, 15, 80, 140, 11, 1, 30, 1, 33
1, 500, 500.0, 0.0, 500.0, 0.0, 'A6X8BR', 317, 480, 15, 83, 127, 5, 2, 33, 1, 40
1, 500, 205.0, 0.0, 205.0, 0.0, 'ED27OZ', 325, 490, 17, 81, 125, 5, 1, 29, 1, 45
1, 500, 389.0, 0.0, 389.0, 0.0, 'FJSQ77', 325, 473, 18, 85, 105, 5, 2, 30, 1, 40
1, 500, 147.0, 0.0, 147.0, 0.0, 'QLSW5O', 340, 473, 17, 97, 106, 5, 2, 30, 1, 40
1, 500, 33.0, 0.0, 33.0, 0.0, 'FCGW2T', 336, 475, 19, 83, 105, 5, 1, 33, 1, 36
1, 500, 500.0, 0.0, 500.0, 0.0, 'IN374Q', 342, 484, 14, 80, 89, 5, 1, 36, 1, 37
1, 500, 183.0, 0.0, 183.0, 0.0, 'VDMA37', 340, 481, 15, 84, 98, 6, 4, 31, 1, 34
1, 500, 116.0, 0.0, 116.0, 0.0, 'GCME9O', 339, 484, 13, 80, 88, 5, 6, 35, 4, 29
1, 500, 500.0, 0.0, 500.0, 0.0, 'HO6PDA', 337, 503, 7, 80, 88, 5, 1, 35, 1, 37
1, 500, 90.0, 0.0, 90.0, 0.0, 'INFIFY', 346, 495, 13, 78, 87, 5, 1, 35, 2, 36
1, 500, 243.0, 0.0, 243.0, 0.0, 'BVMVD0', 356, 502, 16, 84, 92, 5, 1, 29, 1, 40
1, 500, 198.0, 0.0, 198.0, 0.0, 'Y8PZCJ', 351, 510, 11, 80, 91, 5, 1, 31, 1, 40
1, 500, 28.0, 0.0, 28.0, 0.0, '2BOS0W', 343, 504, 5, 80, 88, 7, 1, 32, 1, 39
1, 500, 188.0, 0.0, 188.0, 0.0, '1NDJEU', 332, 489, 5, 84, 92, 5, 1, 36, 1, 37
1, 500, 125.0, 0.0, 125.0, 0.0, 'SZCU2O', 307, 477, 14, 87, 95, 5, 1, 30, 1, 47
1, 500, 81.0, 0.0, 81.0, 0.0, '146CXK', 305, 452, 10, 81, 90, 5, 1, 26, 1, 34
1, 500, 105.0, 0.0, 105.0, 0.0, '8VEXXM', 297, 493, 18, 89, 102, 5, 4, 28, 1, 54
1, 500, 92.0, 0.0, 92.0, 0.0, 'UKTOLK', 315, 500, 18, 80, 120, 10, 5, 30, 1, 37
1, 500, 500.0, 0.0, 500.0, 0.0, 'RN6KAK', 343, 479, 16, 83, 127, 6, 1, 30, 1, 40
1, 500, 176.0, 0.0, 176.0, 0.0, 'LHZJIC', 351, 482, 16, 82, 113, 6, 1, 30, 1, 37
1, 500, 500.0, 0.0, 500.0, 0.0, 'UIVSOS', 331, 473, 14, 82, 130, 5, 1, 36, 1, 38
1, 500, 125.0, 0.0, 125.0, 0.0, 'KC5XS4', 343, 484, 8, 82, 128, 5, 2, 35, 2, 39
1, 500, 500.0, 0.0, 500.0, 0.0, 'D1884N', 340, 502, 10, 80, 128, 5, 2, 31, 1, 42
1, 500, 155.0, 0.0, 155.0, 0.0, 'NF423N', 342, 499, 6, 80, 133, 5, 1, 36, 1, 41
1, 500, 141.0, 0.0, 141.0, 0.0, 'U6Q2N8', 339, 482, 11, 81, 139, 5, 2, 36, 1, 37
1, 500, 23.0, 0.0, 23.0, 0.0, 'HUNAU7', 326, 465, 11, 88, 149, 5, 1, 32, 1, 42
1, 500, 249.0, 0.0, 249.0, 0.0, 'D1OW53', 318, 471, 15, 80, 140, 5, 1, 33, 1, 51
1, 500, 500.0, 0.0, 500.0, 0.0, '4N5689', 321, 478, 15, 80, 134, 5, 1, 41, 1, 70
1, 500, 120.0, 0.0, 120.0, 0.0, '6O32UM', 317, 475, 14, 79, 132, 5, 1, 39, 1, 71
1, 500, 99.0, 0.0, 99.0, 0.0, 'RFR7CX', 310, 494, 14, 82, 130, 5, 3, 38, 1, 81
1, 500, 500.0, 0.0, 500.0, 0.0, 'JXZNF6', 317, 508, 17, 80, 124, 5, 1, 39, 1, 69
1, 500, 372.0, 0.0, 372.0, 0.0, '2F0O2T', 327, 501, 16, 80, 123, 5, 1, 40, 1, 60
1, 500, 164.0, 0.0, 164.0, 0.0, '7SJRX6', 320, 516, 15, 81, 120, 5, 1, 37, 1, 73
1, 500, 476.0, 0.0, 476.0, 0.0, 'PR5VU1', 318, 529, 19, 83, 124, 5, 1, 43, 1, 82
1, 500, 277.0, 0.0, 277.0, 0.0, 'D9V2FK', 322, 517, 16, 83, 124, 5, 1, 41, 1, 69
1, 500, 112.0, 0.0, 112.0, 0.0, '159NH9', 331, 504, 18, 85, 128, 5, 2, 45, 1, 63
1, 500, 133.0, 0.0, 133.0, 0.0, 'TLEXOB', 337, 506, 15, 80, 133, 5, 2, 46, 1, 71
1, 500, 37.0, 0.0, 37.0, 0.0, 'EFGE0E', 321, 508, 13, 80, 137, 6, 1, 44, 1, 62
1, 500, 118.0, 0.0, 118.0, 0.0, 'AKBAST', 329, 508, 13, 80, 128, 5, 1, 39, 1, 70
1, 500, 173.0, 0.0, 173.0, 0.0, 'LDIMGS', 333, 504, 10, 80, 123, 5, 2, 39, 1, 63
1, 500, 25.0, 0.0, 25.0, 0.0, '8UCHWR', 328, 493, 14, 81, 118, 5, 1, 29, 1, 37
1, 500, 44.0, 0.0, 44.0, 0.0, 'J8ZFBG', 318, 518, 20, 81, 133, 5, 1, 32, 1, 37
1, 500, 78.0, 0.0, 78.0, 0.0, 'OHF55P', 295, 541, 19, 81, 130, 5, 1, 37, 1, 46
1, 500, 500.0, 0.0, 500.0, 0.0, 'NPFKIM', 309, 541, 16, 86, 125, 5, 1, 37, 1, 33
1, 500, 500.0, 0.0, 500.0, 0.0, 'F94GY6', 313, 557, 19, 88, 125, 5, 1, 40, 1, 36
1, 500, 259.0, 0.0, 259.0, 0.0, 'ZP69SW', 308, 550, 15, 83, 124, 5, 2, 41, 1, 31
1, 500, 500.0, 0.0, 500.0, 0.0, '4ETURS', 297, 542, 15, 84, 127, 5, 1, 40, 1, 37
1, 500, 394.0, 0.0, 394.0, 0.0, '0KJYA4', 318, 536, 17, 85, 124, 5, 4, 34, 6, 41
1, 500, 24.0, 0.0, 24.0, 0.0, 'THSOCY', 313, 541, 17, 86, 116, 5, 1, 39, 1, 42
1, 500, 91.0, 0.0, 91.0, 0.0, '4YVPGM', 309, 537, 16, 85, 124, 5, 1, 39, 1, 32
1, 500, 268.0, 0.0, 268.0, 0.0, '5ZY0NQ', 304, 537, 17, 80, 125, 5, 1, 38, 1, 39
1, 500, 115.0, 0.0, 115.0, 0.0, '3FUVN9', 311, 555, 17, 86, 129, 5, 1, 30, 1, 41
1, 500, 70.0, 0.0, 70.0, 0.0, 'JETW32', 323, 579, 17, 84, 127, 6, 1, 32, 1, 37
1, 500, 500.0, 0.0, 500.0, 0.0, 'VZOCWG', 317, 581, 14, 81, 126, 5, 1, 36, 1, 38
1, 500, 500.0, 0.0, 500.0, 0.0, '0QXMM1', 309, 565, 24, 90, 126, 5, 1, 41, 1, 40
1, 500, 79.0, 0.0, 79.0, 0.0, 'XG117W', 299, 568, 31, 93, 125, 5, 1, 42, 1, 41
1, 500, 16.0, 0.0, 16.0, 0.0, '81LSPR', 309, 564, 24, 86, 129, 5, 1, 37, 1, 39
1, 500, 308.0, 0.0, 308.0, 0.0, '44YGXJ', 325, 562, 22, 79, 124, 6, 1, 40, 4, 48
1, 500, 500.0, 0.0, 500.0, 0.0, 'J4UFBV', 319, 564, 24, 79, 126, 8, 1, 40, 1, 48
1, 500, 500.0, 0.0, 500.0, 0.0, 'QXYQW2', 316, 553, 30, 79, 126, 5, 2, 46, 1, 51
1, 500, 67.0, 0.0, 67.0, 0.0, 'QYZBQ3', 316, 555, 35, 82, 127, 5, 5, 43, 1, 63
1, 500, 16.0, 0.0, 16.0, 0.0, 'YG40OC', 313, 546, 40, 80, 125, 5, 1, 41, 10, 50
1, 500, 12.0, 0.0, 12.0, 0.0, 'QV1W14', 321, 545, 29, 76, 127, 5, 1, 31, 2, 41
1, 500, 11.0, 0.0, 11.0, 0.0, 'PF9OV5', 314, 549, 26, 74, 125, 5, 1, 37, 1, 49
1, 500, 500.0, 0.0, 500.0, 0.0, '555QBV', 329, 568, 23, 82, 115, 9, 1, 41, 1, 46
1, 500, 500.0, 0.0, 500.0, 0.0, 'I23AQX', 320, 552, 19, 83, 111, 13, 1, 41, 1, 40
1, 500, 291.0, 0.0, 291.0, 0.0, 'X4D1H5', 318, 555, 20, 88, 115, 13, 2, 43, 1, 37
1, 500, 30.0, 0.0, 30.0, 0.0, '4L1SS4', 321, 562, 25, 81, 109, 14, 1, 44, 1, 43
1, 500, 245.0, 0.0, 245.0, 0.0, 'G9HAJD', 320, 568, 20, 87, 111, 16, 2, 40, 1, 50
1, 500, 500.0, 0.0, 500.0, 0.0, 'HN524I', 309, 585, 22, 86, 111, 5, 1, 41, 1, 44
1, 500, 500.0, 0.0, 500.0, 0.0, 'OYNQJX', 310, 586, 22, 85, 119, 5, 1, 40, 1, 55
1, 500, 363.0, 0.0, 363.0, 0.0, 'IDOEYW', 297, 597, 20, 88, 109, 5, 1, 41, 1, 52
1, 500, 22.0, 0.0, 22.0, 0.0, 'ZRIZN2', 281, 580, 21, 91, 112, 6, 1, 41, 1, 54
1, 500, 430.0, 0.0, 430.0, 0.0, 'TJVM2K', 306, 591, 19, 79, 112, 13, 1, 52, 1, 57
1, 500, 18.0, 0.0, 18.0, 0.0, '3ONVBM', 311, 587, 23, 82, 108, 10, 1, 52, 1, 45
1, 500, 318.0, 0.0, 318.0, 0.0, 'RRUFPS', 319, 622, 20, 79, 118, 13, 4, 42, 1, 47
1, 500, 10.0, 0.0, 10.0, 0.0, 'NHWJB4', 308, 625, 17, 88, 119, 19, 1, 42, 1, 27
1, 500, 95.0, 0.0, 95.0, 0.0, '1RY8A0', 311, 642, 15, 80, 122, 12, 1, 40, 18, 37
1, 500, 82.0, 0.0, 82.0, 0.0, 'TSGCUM', 299, 614, 16, 79, 119, 7, 1, 41, 6, 55
1, 500, 37.0, 0.0, 37.0, 0.0, 'SGLO7G', 292, 590, 11, 88, 127, 5, 1, 38, 1, 51
1, 500, 23.0, 0.0, 23.0, 0.0, 'MUMU89', 299, 590, 19, 89, 127, 5, 1, 43, 1, 52
1, 500, 500.0, 0.0, 500.0, 0.0, 'G7Z4EH', 311, 556, 20, 79, 121, 9, 4, 51, 1, 59
1, 500, 500.0, 0.0, 500.0, 0.0, 'L5NWMY', 311, 560, 18, 77, 122, 5, 3, 53, 1, 55
1, 500, 99.0, 0.0, 99.0, 0.0, 'M7EP6Y', 315, 530, 19, 83, 123, 12, 1, 54, 1, 55
1, 500, 16.0, 0.0, 16.0, 0.0, '62UFHC', 312, 531, 22, 79, 126, 25, 1, 52, 1, 58
1, 500, 336.0, 0.0, 336.0, 0.0, 'G0V6OO', 309, 569, 24, 81, 125, 24, 4, 65, 1, 62
1, 500, 316.0, 0.0, 316.0, 0.0, 'Y06A1B', 318, 560, 22, 76, 120, 23, 5, 65, 1, 60
1, 500, 22.0, 0.0, 22.0, 0.0, 'TGXO7S', 308, 560, 22, 78, 120, 24, 4, 64, 1, 71
1, 500, 125.0, 0.0, 125.0, 0.0, 'R92BVT', 312, 567, 18, 78, 118, 15, 4, 73, 2, 65
1, 500, 232.0, 0.0, 232.0, 0.0, '4L17TA', 321, 571, 22, 75, 119, 6, 1, 72, 1, 61
1, 500, 500.0, 0.0, 500.0, 0.0, '5LQV7Z', 319, 564, 24, 78, 125, 5, 1, 71, 1, 59
1, 500, 35.0, 0.0, 35.0, 0.0, 'WOHYL1', 318, 578, 22, 66, 119, 5, 1, 63, 1, 57
1, 500, 500.0, 0.0, 500.0, 0.0, 'JOUKOL', 309, 571, 28, 84, 126, 5, 5, 71, 1, 64
1, 500, 500.0, 0.0, 500.0, 0.0, 'JART81', 317, 581, 23, 78, 120, 5, 2, 71, 1, 59
1, 500, 500.0, 0.0, 500.0, 0.0, 'RJAIR7', 313, 575, 23, 82, 126, 7, 3, 69, 1, 38
1, 500, 140.0, 0.0, 140.0, 0.0, 'SXJAE4', 311, 566, 28, 84, 123, 5, 3, 67, 1, 37
1, 500, 500.0, 0.0, 500.0, 0.0, 'UCJGM7', 321, 568, 25, 78, 121, 5, 4, 61, 1, 48
1, 500, 500.0, 0.0, 500.0, 0.0, '4Y2ESE', 325, 556, 25, 80, 126, 7, 2, 62, 1, 41
1, 500, 204.0, 0.0, 204.0, 0.0, 'X3CM3K', 322, 579, 30, 81, 125, 5, 1, 60, 1, 59
1, 500, 500.0, 0.0, 500.0, 0.0, 'M2PMDB', 318, 567, 24, 85, 120, 5, 1, 57, 1, 68
1, 500, 500.0, 0.0, 500.0, 0.0, 'V4R8NI', 315, 560, 25, 84, 120, 5, 1, 60, 1, 67
1, 500, 500.0, 0.0, 500.0, 0.0, 'C4TG6H', 310, 558, 24, 83, 124, 5, 3, 54, 1, 76
1, 500, 267.0, 0.0, 267.0, 0.0, 'KZA304', 319, 569, 23, 92, 122, 5, 3, 64, 1, 93
1, 500, 208.0, 0.0, 208.0, 0.0, 'WVTXIK', 312, 579, 25, 84, 118, 5, 10, 62, 1, 92
1, 500, 500.0, 0.0, 500.0, 0.0, 'D4QTF8', 320, 568, 27, 81, 126, 5, 6, 66, 1, 72
1, 500, 379.0, 0.0, 379.0, 0.0, '50TYHI', 315, 575, 25, 82, 125, 5, 5, 64, 1, 52
1, 500, 47.0, 0.0, 47.0, 0.0, 'VAVDCI', 319, 567, 27, 83, 119, 5, 2, 61, 1, 52
1, 500, 500.0, 0.0, 500.0, 0.0, 'SOTOFP', 332, 570, 24, 80, 126, 5, 2, 61, 1, 48
1, 500, 500.0, 0.0, 500.0, 0.0, 'FA9AJO', 338, 559, 24, 77, 123, 5, 3, 64, 1, 71
1, 500, 309.0, 0.0, 309.0, 0.0, 'VXTFL0', 326, 574, 21, 80, 124, 9, 2, 72, 1, 54
1, 500, 39.0, 0.0, 39.0, 0.0, 'AS4KJR', 328, 561, 15, 82, 125, 8, 1, 68, 1, 51
1, 500, 69.0, 0.0, 69.0, 0.0, 'HGYSH3', 340, 553, 26, 77, 123, 5, 1, 70, 1, 48
1, 500, 27.0, 0.0, 27.0, 0.0, '0PAG82', 342, 559, 24, 83, 126, 5, 1, 71, 1, 35
1, 500, 258.0, 0.0, 258.0, 0.0, 'XJGH5H', 327, 570, 20, 86, 124, 5, 1, 73, 1, 44
1, 500, 423.0, 0.0, 423.0, 0.0, 'O33YMU', 320, 567, 20, 80, 114, 5, 1, 64, 1, 39
1, 500, 457.0, 0.0, 457.0, 0.0, 'B7D0U1', 310, 567, 25, 79, 121, 9, 1, 64, 1, 40
1, 500, 8.0, 0.0, 8.0, 0.0, 'T4DARG', 309, 591, 28, 81, 126, 5, 1, 62, 1, 50
1, 500, 376.0, 0.0, 376.0, 0.0, '3B28BL', 322, 602, 22, 80, 116, 5, 2, 57, 1, 51
1, 500, 500.0, 0.0, 500.0, 0.0, '99YKTV', 328, 569, 21, 80, 120, 5, 4, 57, 1, 48
1, 500, 500.0, 0.0, 500.0, 0.0, 'N13R5B', 314, 569, 21, 80, 114, 5, 1, 50, 1, 51
1, 500, 464.0, 0.0, 464.0, 0.0, 'A13RMP', 322, 565, 21, 77, 121, 5, 3, 52, 1, 48
1, 500, 204.0, 0.0, 204.0, 0.0, '49UTBW', 328, 577, 18, 78, 123, 5, 4, 50, 1, 41
1, 500, 214.0, 0.0, 214.0, 0.0, 'KS4KRD', 310, 562, 17, 83, 122, 6, 9, 41, 1, 49
1, 500, 500.0, 0.0, 500.0, 0.0, 'QO5Q4U', 320, 565, 22, 79, 133, 5, 11, 42, 1, 53
1, 500, 227.0, 0.0, 227.0, 0.0, 'RY14XO', 334, 570, 22, 76, 123, 5, 11, 41, 1, 57
1, 500, 500.0, 0.0, 500.0, 0.0, 'VP37O6', 326, 587, 23, 78, 119, 9, 6, 40, 1, 53
1, 500, 17.0, 0.0, 17.0, 0.0, 'S53A2Y', 325, 582, 24, 83, 124, 5, 1, 44, 1, 48
1, 500, 56.0, 0.0, 56.0, 0.0, '5IP43R', 323, 569, 24, 76, 115, 7, 3, 44, 1, 51
1, 500, 30.0, 0.0, 30.0, 0.0, '8F8UVM', 311, 585, 21, 78, 123, 5, 1, 42, 1, 44
1, 500, 452.0, 0.0, 452.0, 0.0, '51CQYZ', 321, 614, 20, 81, 111, 5, 7, 40, 1, 49
1, 500, 500.0, 0.0, 500.0, 0.0, '48W25P', 328, 639, 20, 81, 117, 12, 8, 42, 1, 56
1, 500, 500.0, 0.0, 500.0, 0.0, 'R1Z6QO', 340, 646, 22, 80, 117, 12, 3, 45, 1, 69
1, 500, 500.0, 0.0, 500.0, 0.0, '1HB7FU', 339, 634, 21, 78, 112, 6, 6, 46, 1, 60
1, 500, 331.0, 0.0, 331.0, 0.0, 'RHJ05B', 333, 646, 24, 80, 120, 5, 9, 50, 1, 73
1, 500, 500.0, 0.0, 500.0, 0.0, 'Q3E0SO', 333, 616, 27, 78, 117, 9, 8, 47, 1, 71
1, 500, 500.0, 0.0, 500.0, 0.0, '6RXUAZ', 341, 650, 19, 79, 115, 5, 7, 51, 1, 82
1, 500, 449.0, 0.0, 449.0, 0.0, 'XS7OP0', 350, 657, 26, 79, 117, 6, 7, 56, 1, 82
1, 500, 500.0, 0.0, 500.0, 0.0, 'E3VVAZ', 344, 659, 27, 80, 105, 5, 8, 60, 1, 85
1, 500, 500.0, 0.0, 500.0, 0.0, 'HGGMHE', 349, 651, 26, 78, 99, 5, 7, 53, 1, 79
1, 500, 242.0, 0.0, 242.0, 0.0, 'KG3C1P', 337, 637, 27, 79, 98, 7, 4, 53, 1, 83
1, 500, 500.0, 0.0, 500.0, 0.0, 'DCME05', 350, 618, 22, 77, 111, 11, 5, 56, 1, 83
1, 500, 317.0, 0.0, 317.0, 0.0, '0LBDEH', 347, 619, 20, 82, 116, 10, 6, 53, 1, 60
1, 500, 500.0, 0.0, 500.0, 0.0, 'V1TDHM', 327, 613, 19, 79, 119, 5, 5, 51, 1, 56
1, 500, 305.0, 0.0, 305.0, 0.0, '94WAJE', 332, 620, 18, 79, 115, 5, 6, 49, 1, 78
1, 500, 231.0, 0.0, 231.0, 0.0, 'SXC6KX', 341, 630, 21, 79, 115, 5, 5, 49, 1, 69
1, 500, 411.0, 0.0, 411.0, 0.0, 'KPT2JL', 338, 613, 22, 78, 118, 5, 5, 56, 1, 62
1, 500, 174.0, 0.0, 174.0, 0.0, 'WQP8BR', 321, 606, 22, 77, 117, 5, 7, 53, 1, 68
1, 500, 500.0, 0.0, 500.0, 0.0, '1Q0B48', 339, 615, 23, 79, 120, 7, 6, 51, 1, 64
1, 500, 460.0, 0.0, 460.0, 0.0, '61ABAO', 338, 625, 21, 78, 124, 7, 7, 53, 1, 75
1, 500, 284.0, 0.0, 284.0, 0.0, 'IZRQV5', 348, 620, 19, 80, 124, 5, 7, 48, 1, 70
1, 500, 500.0, 0.0, 500.0, 0.0, 'ZF1QLZ', 362, 625, 28, 78, 114, 5, 6, 51, 1, 57
1, 500, 500.0, 0.0, 500.0, 0.0, 'JHMCZ1', 370, 641, 27, 80, 115, 6, 2, 52, 1, 55
1, 500, 500.0, 0.0, 500.0, 0.0, '9JP739', 370, 655, 23, 84, 111, 5, 8, 59, 1, 72
1, 500, 500.0, 0.0, 500.0, 0.0, '1BO2LV', 385, 656, 22, 80, 106, 7, 7, 60, 1, 69
1, 500, 216.0, 0.0, 216.0, 0.0, 'XX84VS', 408, 660, 23, 80, 106, 10, 7, 59, 1, 71
1, 500, 500.0, 0.0, 500.0, 0.0, '7KTSGB', 388, 651, 28, 79, 100, 5, 12, 65, 1, 66
1, 500, 500.0, 0.0, 500.0, 0.0, 'NZ45F3', 387, 668, 28, 79, 111, 5, 9, 68, 1, 65
1, 500, 257.0, 0.0, 257.0, 0.0, 'VFO5D6', 387, 673, 23, 80, 103, 5, 10, 68, 1, 68
1, 500, 262.0, 0.0, 262.0, 0.0, 'PEYI28', 380, 651, 25, 79, 101, 5, 10, 58, 1, 59
1, 500, 295.0, 0.0, 295.0, 0.0, 'KNC446', 377, 648, 26, 80, 102, 5, 8, 56, 1, 64
1, 500, 338.0, 0.0, 338.0, 0.0, 'ME9ZF2', 388, 656, 23, 78, 114, 5, 8, 48, 1, 73
1, 500, 233.0, 0.0, 233.0, 0.0, '0N2UJ7', 381, 651, 20, 82, 117, 5, 7, 42, 1, 58
1, 500, 219.0, 0.0, 219.0, 0.0, 'AOM536', 391, 640, 19, 80, 116, 5, 8, 38, 1, 57
1, 500, 500.0, 0.0, 500.0, 0.0, 'SRF71X', 372, 658, 15, 83, 115, 5, 7, 40, 1, 53
1, 500, 500.0, 0.0, 500.0, 0.0, '1HF1G9', 369, 677, 16, 82, 118, 5, 8, 41, 1, 54
1, 500, 416.0, 0.0, 416.0, 0.0, 'HRKA46', 364, 670, 14, 78, 113, 5, 8, 43, 1, 53
1, 500, 318.0, 0.0, 318.0, 0.0, '7LUHIL', 366, 670, 23, 78, 111, 5, 8, 52, 1, 46
1, 500, 500.0, 0.0, 500.0, 0.0, 'H0FF95', 357, 653, 21, 79, 116, 8, 3, 45, 1, 52
1, 500, 500.0, 0.0, 500.0, 0.0, '5QW30A', 344, 639, 22, 78, 105, 9, 4, 47, 1, 59
1, 500, 500.0, 0.0, 500.0, 0.0, 'IEQXHQ', 339, 618, 22, 80, 102, 9, 6, 60, 1, 66
1, 500, 500.0, 0.0, 500.0, 0.0, 'JPWMN8', 342, 615, 23, 80, 109, 11, 6, 62, 1, 68
1, 500, 500.0, 0.0, 500.0, 0.0, 'M7L0HC', 340, 601, 25, 77, 105, 11, 6, 66, 1, 55
1, 500, 275.0, 0.0, 275.0, 0.0, 'QFMN71', 338, 634, 23, 81, 113, 15, 3, 70, 1, 67
1, 500, 500.0, 0.0, 500.0, 0.0, '6LWFQ2', 350, 621, 18, 78, 110, 8, 2, 60, 1, 55
1, 500, 300.0, 0.0, 300.0, 0.0, 'JT9NEJ', 345, 647, 17, 82, 115, 5, 7, 61, 1, 78
1, 500, 110.0, 0.0, 110.0, 0.0, '0HRQE4', 345, 656, 19, 78, 109, 5, 8, 53, 1, 71
1, 500, 500.0, 0.0, 500.0, 0.0, '4TGYU4', 338, 650, 26, 84, 110, 5, 7, 61, 1, 80
1, 500, 500.0, 0.0, 500.0, 0.0, 'ZSC33Y', 341, 654, 27, 81, 108, 7, 6, 53, 1, 61
1, 500, 113.0, 0.0, 113.0, 0.0, 'ORZRX7', 350, 661, 29, 79, 104, 7, 4, 55, 1, 53
1, 500, 425.0, 0.0, 425.0, 0.0, 'RJ784G', 360, 653, 25, 79, 100, 9, 7, 46, 1, 65
1, 500, 182.0, 0.0, 182.0, 0.0, '80LY15', 363, 634, 27, 77, 121, 9, 3, 45, 1, 58
1, 500, 299.0, 0.0, 299.0, 0.0, 'NXY3VZ', 372, 643, 22, 77, 103, 9, 3, 46, 1, 72
1, 500, 500.0, 0.0, 500.0, 0.0, 'ITJZW2', 373, 630, 23, 80, 112, 6, 4, 53, 1, 81
1, 500, 294.0, 0.0, 294.0, 0.0, 'FDUAYS', 375, 631, 28, 80, 112, 6, 5, 59, 1, 85
1, 500, 296.0, 0.0, 296.0, 0.0, 'KBM8ZO', 370, 609, 27, 84, 108, 5, 5, 60, 1, 78
1, 500, 500.0, 0.0, 500.0, 0.0, '7NXOX5', 357, 619, 26, 87, 112, 5, 8, 67, 1, 66
1, 500, 398.0, 0.0, 398.0, 0.0, '0LE4BG', 360, 616, 26, 80, 108, 7, 8, 66, 1, 67
1, 500, 58.0, 0.0, 58.0, 0.0, 'P41ERT', 363, 602, 22, 81, 109, 12, 6, 64, 1, 59
1, 500, 354.0, 0.0, 354.0, 0.0, 'APSYKT', 358, 612, 21, 83, 120, 5, 8, 70, 1, 84
1, 500, 337.0, 0.0, 337.0, 0.0, 'KG4BS0', 336, 617, 25, 81, 114, 5, 7, 70, 1, 80
1, 500, 439.0, 0.0, 439.0, 0.0, 'SDKI6R', 331, 640, 23, 78, 110, 5, 7, 58, 1, 81
1, 500, 225.0, 0.0, 225.0, 0.0, '7GI35E', 341, 640, 27, 78, 117, 5, 6, 55, 1, 88
1, 500, 204.0, 0.0, 204.0, 0.0, 'PD90PO', 333, 652, 22, 83, 124, 5, 4, 50, 1, 82
1, 500, 500.0, 0.0, 500.0, 0.0, '0MWXFL', 318, 654, 24, 77, 111, 6, 5, 49, 1, 82
1, 500, 500.0, 0.0, 500.0, 0.0, 'YT789B', 318, 651, 28, 77, 118, 8, 5, 48, 1, 74
1, 500, 500.0, 0.0, 500.0, 0.0, 'GD659H', 318, 640, 26, 84, 110, 8, 2, 48, 1, 75
1, 500, 500.0, 0.0, 500.0, 0.0, 'XYWPPX', 314, 651, 28, 85, 112, 8, 1, 55, 1, 70
1, 500, 223.0, 0.0, 223.0, 0.0, 'WKNB7A', 313, 646, 25, 89, 110, 9, 1, 54, 1, 72
1, 500, 500.0, 0.0, 500.0, 0.0, 'AVNE2V', 325, 649, 19, 80, 113, 8, 1, 57, 1, 56
1, 500, 500.0, 0.0, 500.0, 0.0, 'M7GOS4', 324, 634, 20, 79, 112, 5, 2, 60, 1, 56
1, 500, 500.0, 0.0, 500.0, 0.0, '26E9I8', 325, 630, 20, 83, 120, 11, 6, 57, 1, 62
1, 500, 50.0, 0.0, 50.0, 0.0, '2V1C50', 323, 651, 20, 81, 113, 12, 1, 55, 1, 58
1, 500, 500.0, 0.0, 500.0, 0.0, 'T5GD3Z', 339, 638, 22, 86, 110, 8, 1, 56, 1, 58
1, 500, 500.0, 0.0, 500.0, 0.0, '1HPLQA', 335, 625, 26, 78, 107, 8, 1, 58, 1, 64
1, 500, 500.0, 0.0, 500.0, 0.0, 'E788S3', 327, 639, 25, 79, 109, 5, 5, 59, 1, 56
1, 500, 474.0, 0.0, 474.0, 0.0, 'SPNJTD', 331, 626, 26, 79, 103, 7, 2, 56, 1, 60
1, 500, 500.0, 0.0, 500.0, 0.0, 'V7R4P7', 325, 644, 25, 77, 117, 6, 1, 50, 1, 56
1, 500, 500.0, 0.0, 500.0, 0.0, 'EU3JEF', 325, 670, 22, 82, 111, 7, 1, 57, 1, 55
1, 500, 500.0, 0.0, 500.0, 0.0, 'CF4FH5', 333, 644, 24, 82, 109, 10, 4, 57, 1, 65
1, 500, 388.0, 0.0, 388.0, 0.0, 'V3VDG7', 321, 630, 22, 82, 108, 5, 4, 57, 1, 62
1, 500, 500.0, 0.0, 500.0, 0.0, 'GWICS4', 325, 648, 21, 78, 116, 8, 2, 60, 1, 62
1, 500, 500.0, 0.0, 500.0, 0.0, '7D3SOX', 332, 643, 25, 78, 112, 8, 1, 57, 1, 64
1, 500, 500.0, 0.0, 500.0, 0.0, '8A3GHI', 345, 641, 26, 84, 114, 7, 3, 59, 1, 62
1, 500, 411.0, 0.0, 411.0, 0.0, 'CA67JY', 333, 628, 27, 85, 112, 8, 1, 57, 1, 65
1, 500, 500.0, 0.0, 500.0, 0.0, '3XMFZZ', 339, 621, 24, 81, 120, 11, 4, 54, 1, 60
1, 500, 500.0, 0.0, 500.0, 0.0, 'R7HJWU', 338, 639, 24, 83, 119, 5, 3, 46, 1, 59
1, 500, 500.0, 0.0, 500.0, 0.0, 'QKYXIR', 344, 658, 23, 78, 118, 5, 4, 47, 1, 56
1, 500, 500.0, 0.0, 500.0, 0.0, 'RWD2IU', 349, 653, 19, 79, 115, 5, 7, 41, 1, 56
1, 500, 273.0, 0.0, 273.0, 0.0, 'XFHNNE', 347, 634, 21, 79, 111, 6, 6, 41, 1, 59
1, 500, 500.0, 0.0, 500.0, 0.0, 'OV7APJ', 352, 646, 23, 83, 119, 5, 3, 49, 1, 62
1, 500, 29.0, 0.0, 29.0, 0.0, '2S0FVO', 340, 642, 22, 81, 109, 5, 1, 48, 1, 58
1, 500, 329.0, 0.0, 329.0, 0.0, 'BY8BJS', 336, 636, 18, 78, 111, 6, 4, 53, 1, 61
1, 500, 500.0, 0.0, 500.0, 0.0, 'ETO2LQ', 325, 646, 25, 78, 113, 5, 5, 54, 1, 69
1, 500, 456.0, 0.0, 456.0, 0.0, 'B2OGE1', 325, 648, 25, 86, 115, 5, 4, 59, 1, 56
1, 500, 500.0, 0.0, 500.0, 0.0, '4J617S', 332, 647, 26, 79, 122, 5, 3, 56, 1, 54
1, 500, 500.0, 0.0, 500.0, 0.0, '5YSZEF', 329, 651, 25, 85, 117, 5, 3, 58, 1, 53
1, 500, 500.0, 0.0, 500.0, 0.0, 'MQYN9B', 327, 644, 24, 86, 111, 5, 7, 49, 1, 62
1, 500, 312.0, 0.0, 312.0, 0.0, '8LEWYV', 332, 637, 23, 79, 112, 5, 6, 46, 1, 64
1, 500, 500.0, 0.0, 500.0, 0.0, 'LOUP1E', 322, 623, 26, 78, 111, 5, 7, 56, 1, 76
1, 500, 500.0, 0.0, 500.0, 0.0, 'WMP465', 317, 651, 28, 78, 121, 7, 4, 54, 1, 74
1, 500, 500.0, 0.0, 500.0, 0.0, 'GZDYU1', 316, 619, 28, 85, 115, 5, 5, 48, 1, 78
1, 500, 500.0, 0.0, 500.0, 0.0, '6CPJY3', 318, 615, 28, 87, 120, 5, 4, 48, 1, 74
1, 500, 169.0, 0.0, 169.0, 0.0, '4Y1UWK', 327, 619, 24, 85, 113, 5, 5, 50, 1, 77
1, 500, 263.0, 0.0, 263.0, 0.0, 'Z2JCIL', 338, 616, 25, 80, 111, 5, 7, 58, 1, 70
1, 500, 500.0, 0.0, 500.0, 0.0, 'HGMGEW', 348, 627, 21, 86, 116, 10, 6, 57, 1, 60
1, 500, 500.0, 0.0, 500.0, 0.0, 'RT05E5', 346, 627, 27, 83, 121, 8, 5, 55, 1, 63
1, 500, 175.0, 0.0, 175.0, 0.0, '53BJHS', 341, 621, 26, 81, 116, 8, 5, 55, 1, 65
1, 500, 500.0, 0.0, 500.0, 0.0, '81WLZK', 348, 642, 27, 77, 115, 8, 6, 61, 1, 63
1, 500, 500.0, 0.0, 500.0, 0.0, 'NOMBCB', 348, 646, 20, 83, 118, 5, 5, 52, 1, 51
1, 500, 192.0, 0.0, 192.0, 0.0, 'RB75VS', 335, 652, 25, 88, 121, 5, 5, 55, 1, 60
1, 500, 500.0, 0.0, 500.0, 0.0, 'K6EBYE', 337, 655, 26, 86, 119, 5, 8, 61, 1, 54
1, 500, 500.0, 0.0, 500.0, 0.0, '5A77U5', 351, 640, 28, 85, 111, 7, 10, 65, 1, 52
1, 500, 500.0, 0.0, 500.0, 0.0, '1TFCC7', 346, 627, 26, 86, 117, 10, 14, 60, 1, 64
1, 500, 500.0, 0.0, 500.0, 0.0, 'M3GPSU', 332, 625, 25, 84, 115, 6, 16, 62, 1, 49
1, 500, 500.0, 0.0, 500.0, 0.0, '1Q50R5', 329, 631, 25, 84, 121, 7, 16, 60, 1, 58
1, 500, 500.0, 0.0, 500.0, 0.0, 'KH24OS', 338, 640, 24, 85, 111, 5, 20, 59, 1, 50
1, 500, 256.0, 0.0, 256.0, 0.0, 'WAL1A2', 341, 659, 22, 85, 115, 5, 19, 54, 1, 56
1, 500, 500.0, 0.0, 500.0, 0.0, 'OK9KOF', 341, 654, 26, 80, 116, 5, 20, 57, 1, 49
1, 500, 500.0, 0.0, 500.0, 0.0, 'IA1OSX', 354, 650, 24, 84, 118, 5, 13, 59, 1, 49
1, 500, 500.0, 0.0, 500.0, 0.0, 'DQ5I7G', 360, 631, 23, 78, 117, 6, 11, 64, 1, 54
1, 500, 500.0, 0.0, 500.0, 0.0, '1GAFK2', 351, 636, 24, 79, 111, 5, 13, 58, 1, 54
1, 500, 500.0, 0.0, 500.0, 0.0, 'OWEYYS', 350, 644, 27, 82, 114, 7, 6, 57, 1, 46
1, 500, 448.0, 0.0, 448.0, 0.0, 'N30RFY', 340, 641, 23, 82, 118, 5, 7, 55, 1, 51
1, 500, 500.0, 0.0, 500.0, 0.0, 'F2HNQZ', 330, 646, 24, 80, 119, 7, 8, 53, 1, 47
1, 500, 427.0, 0.0, 427.0, 0.0, '47VDNN', 328, 622, 27, 82, 112, 5, 4, 52, 1, 47
1, 500, 411.0, 0.0, 411.0, 0.0, 'DJHKPW', 355, 626, 26, 78, 112, 5, 3, 60, 1, 49
1, 500, 467.0, 0.0, 467.0, 0.0, 'HJQZ7F', 351, 623, 28, 78, 102, 5, 5, 67, 1, 59
1, 500, 500.0, 0.0, 500.0, 0.0, 'YZP2FF', 354, 621, 28, 77, 103, 5, 9, 66, 1, 71
1, 500, 500.0, 0.0, 500.0, 0.0, 'I3GK5Z', 343, 642, 28, 81, 100, 5, 12, 67, 1, 79
1, 500, 481.0, 0.0, 481.0, 0.0, 'PHY2YN', 347, 654, 23, 80, 103, 5, 13, 68, 1, 76
1, 500, 500.0, 0.0, 500.0, 0.0, 'HICXO8', 355, 648, 26, 86, 103, 5, 12, 58, 1, 67
1, 500, 185.0, 0.0, 185.0, 0.0, '3G18AA', 343, 632, 28, 80, 103, 5, 13, 58, 1, 67
1, 500, 500.0, 0.0, 500.0, 0.0, 'EAOLHG', 345, 646, 25, 86, 107, 5, 11, 66, 1, 57
1, 500, 500.0, 0.0, 500.0, 0.0, 'AKLWG9', 333, 643, 26, 82, 121, 5, 17, 64, 1, 44
1, 500, 284.0, 0.0, 284.0, 0.0, 'DDFBE8', 329, 645, 21, 79, 112, 11, 13, 68, 1, 63
1, 500, 500.0, 0.0, 500.0, 0.0, 'FD9VDW', 333, 644, 24, 77, 111, 5, 15, 73, 1, 55
1, 500, 500.0, 0.0, 500.0, 0.0, '975ZZ6', 337, 639, 28, 77, 109, 6, 11, 77, 1, 55
1, 500, 500.0, 0.0, 500.0, 0.0, 'C3SE9J', 342, 622, 24, 84, 110, 6, 17, 73, 1, 57
1, 500, 500.0, 0.0, 500.0, 0.0, 'LW8AW7', 346, 620, 24, 85, 114, 9, 14, 75, 1, 56
1, 500, 320.0, 0.0, 320.0, 0.0, '0TA5FD', 335, 644, 27, 85, 118, 6, 12, 73, 1, 64
1, 500, 500.0, 0.0, 500.0, 0.0, 'G1M5PQ', 348, 640, 25, 81, 121, 5, 7, 62, 1, 54
1, 500, 500.0, 0.0, 500.0, 0.0, 'HAVAGR', 358, 643, 26, 79, 112, 9, 8, 67, 1, 49
1, 500, 500.0, 0.0, 500.0, 0.0, 'VV212C', 357, 636, 26, 86, 116, 5, 11, 59, 1, 49
1, 500, 173.0, 0.0, 173.0, 0.0, 'RWPPUZ', 360, 642, 25, 86, 104, 5, 11, 61, 1, 70
1, 500, 433.0, 0.0, 433.0, 0.0, '8SMMT5', 357, 649, 26, 78, 97, 7, 9, 64, 1, 70
1, 500, 500.0, 0.0, 500.0, 0.0, '8OXEGH', 363, 650, 27, 83, 109, 6, 11, 65, 1, 51
1, 500, 500.0, 0.0, 500.0, 0.0, '47HAQY', 356, 637, 25, 83, 122, 9, 9, 64, 1, 46
1, 500, 500.0, 0.0, 500.0, 0.0, 'S5ICA9', 350, 641, 28, 85, 118, 5, 11, 59, 1, 48
1, 500, 500.0, 0.0, 500.0, 0.0, 'FZI9P4', 357, 639, 26, 84, 128, 5, 7, 63, 1, 48
1, 500, 137.0, 0.0, 137.0, 0.0, 'PRNB8R', 348, 656, 27, 84, 120, 7, 4, 59, 1, 50
1, 500, 69.0, 0.0, 69.0, 0.0, 'XIUAA6', 354, 652, 28, 80, 118, 5, 7, 57, 1, 44
1, 500, 170.0, 0.0, 170.0, 0.0, 'NJV1T2', 355, 654, 23, 81, 119, 7, 3, 60, 1, 55
1, 500, 500.0, 0.0, 500.0, 0.0, 'LVCIYK', 372, 651, 27, 83, 111, 9, 7, 57, 1, 57
1, 500, 500.0, 0.0, 500.0, 0.0, '6KE0PV', 365, 638, 21, 78, 134, 9, 7, 65, 1, 49
1, 500, 453.0, 0.0, 453.0, 0.0, 'PZDXGX', 361, 650, 23, 79, 141, 9, 8, 73, 1, 52
1, 500, 351.0, 0.0, 351.0, 0.0, '298E5K', 369, 648, 21, 82, 119, 6, 7, 74, 1, 54
1, 500, 434.0, 0.0, 434.0, 0.0, 'O0G9WX', 353, 636, 24, 81, 123, 5, 4, 63, 1, 61
1, 500, 330.0, 0.0, 330.0, 0.0, 'XT59GR', 372, 624, 25, 80, 114, 9, 6, 65, 1, 59
1, 500, 500.0, 0.0, 500.0, 0.0, 'NVQX4W', 350, 647, 27, 87, 119, 5, 2, 51, 1, 64
1, 500, 500.0, 0.0, 500.0, 0.0, 'OF5J0N', 342, 646, 25, 86, 111, 8, 1, 55, 1, 65
1, 500, 458.0, 0.0, 458.0, 0.0, 'CLXSVU', 346, 644, 26, 79, 120, 5, 4, 59, 1, 55
1, 500, 500.0, 0.0, 500.0, 0.0, 'BXFKB0', 327, 642, 27, 83, 110, 5, 7, 60, 1, 50
1, 500, 101.0, 0.0, 101.0, 0.0, '5746W8', 339, 616, 27, 78, 91, 5, 10, 57, 1, 47
1, 500, 500.0, 0.0, 500.0, 0.0, 'ENABQH', 328, 618, 25, 77, 102, 9, 5, 63, 1, 46
1, 500, 107.0, 0.0, 107.0, 0.0, '4WPTYK', 336, 617, 22, 77, 99, 11, 4, 60, 1, 49
1, 500, 15.0, 0.0, 15.0, 0.0, 'ADAUVH', 338, 645, 25, 82, 114, 5, 1, 52, 1, 49
1, 500, 148.0, 0.0, 148.0, 0.0, '1WAG6Y', 345, 650, 23, 83, 110, 11, 4, 54, 1, 49
1, 500, 305.0, 0.0, 305.0, 0.0, 'TZD41V', 341, 654, 26, 85, 112, 6, 2, 52, 2, 53
1, 500, 500.0, 0.0, 500.0, 0.0, '4KHBKV', 335, 644, 27, 85, 110, 5, 1, 56, 1, 58
1, 500, 297.0, 0.0, 297.0, 0.0, '3J8GGS', 314, 634, 21, 85, 111, 7, 1, 56, 1, 58
1, 500, 13.0, 0.0, 13.0, 0.0, 'UHXBS1', 320, 626, 24, 80, 117, 6, 1, 60, 1, 61
1, 500, 248.0, 0.0, 248.0, 0.0, '2GPH0O', 325, 640, 24, 83, 117, 8, 8, 56, 1, 59
1, 500, 489.0, 0.0, 489.0, 0.0, 'J4M2PR', 327, 630, 27, 84, 111, 10, 10, 61, 1, 55
1, 500, 151.0, 0.0, 151.0, 0.0, 'XJ8ODG', 349, 631, 27, 84, 112, 8, 10, 56, 1, 48
1, 500, 500.0, 0.0, 500.0, 0.0, 'SH614T', 352, 640, 24, 79, 133, 5, 9, 61, 1, 51
1, 500, 86.0, 0.0, 86.0, 0.0, '6H8OJK', 356, 631, 20, 85, 130, 5, 8, 62, 1, 53
1, 500, 364.0, 0.0, 364.0, 0.0, '6LJH45', 371, 640, 24, 82, 125, 5, 6, 65, 1, 54
1, 500, 500.0, 0.0, 500.0, 0.0, '5IFU8Y', 358, 646, 28, 85, 123, 5, 6, 67, 1, 53
1, 500, 296.0, 0.0, 296.0, 0.0, 'G7I4BX', 356, 628, 27, 81, 106, 5, 10, 69, 1, 53
1, 500, 244.0, 0.0, 244.0, 0.0, 'IW7HM3', 349, 620, 20, 78, 112, 5, 9, 73, 1, 59
1, 500, 500.0, 0.0, 500.0, 0.0, '2DQNUP', 347, 644, 28, 85, 123, 5, 8, 68, 1, 72
1, 500, 287.0, 0.0, 287.0, 0.0, 'LDK31H', 354, 651, 27, 82, 101, 9, 11, 63, 1, 65
1, 500, 500.0, 0.0, 500.0, 0.0, '1SD1BY', 352, 638, 24, 79, 116, 5, 11, 68, 1, 62
1, 500, 309.0, 0.0, 309.0, 0.0, 'ACDXBV', 342, 653, 27, 85, 111, 5, 12, 64, 1, 63
1, 500, 500.0, 0.0, 500.0, 0.0, '97EE7J', 336, 638, 24, 84, 123, 5, 7, 80, 1, 53
1, 500, 227.0, 0.0, 227.0, 0.0, 'MXX426', 340, 631, 26, 85, 111, 5, 11, 77, 1, 54
1, 500, 500.0, 0.0, 500.0, 0.0, '9PWMMA', 339, 617, 25, 84, 110, 7, 15, 70, 1, 49
1, 500, 309.0, 0.0, 309.0, 0.0, '59597S', 351, 627, 26, 79, 111, 6, 20, 62, 1, 51
1, 500, 25.0, 0.0, 25.0, 0.0, 'BVOKAK', 344, 626, 27, 79, 115, 7, 21, 65, 1, 51
1, 500, 319.0, 0.0, 319.0, 0.0, '9TAOT9', 350, 648, 23, 82, 119, 5, 19, 56, 1, 55
1, 500, 500.0, 0.0, 500.0, 0.0, 'LLZC2F', 353, 639, 28, 84, 115, 5, 19, 62, 1, 54
1, 500, 500.0, 0.0, 500.0, 0.0, 'SOCB6E', 360, 640, 23, 78, 122, 5, 16, 66, 1, 57
1, 500, 500.0, 0.0, 500.0, 0.0, 'A29BCB', 347, 629, 26, 78, 121, 10, 13, 62, 1, 72
1, 500, 280.0, 0.0, 280.0, 0.0, 'UBYHJL', 345, 643, 25, 84, 115, 5, 11, 62, 1, 65
1, 500, 500.0, 0.0, 500.0, 0.0, 'QUM3XJ', 342, 652, 26, 80, 112, 6, 11, 61, 1, 52
1, 500, 268.0, 0.0, 268.0, 0.0, 'CVQ3OV', 353, 652, 23, 84, 109, 5, 6, 58, 1, 53
1, 500, 500.0, 0.0, 500.0, 0.0, 'TXNYRE', 336, 643, 28, 86, 113, 5, 3, 61, 2, 62
1, 500, 456.0, 0.0, 456.0, 0.0, '0SRJZJ', 341, 630, 23, 80, 110, 8, 4, 62, 1, 59
1, 500, 500.0, 0.0, 500.0, 0.0, 'LOCPL4', 337, 638, 26, 77, 123, 6, 6, 63, 1, 49
1, 500, 500.0, 0.0, 500.0, 0.0, '6DN65L', 354, 636, 24, 81, 125, 5, 3, 65, 1, 53
1, 500, 500.0, 0.0, 500.0, 0.0, 'ZIFL7E', 361, 644, 24, 80, 112, 5, 3, 69, 1, 50
1, 500, 500.0, 0.0, 500.0, 0.0, 'GDLHX2', 365, 645, 24, 81, 109, 5, 3, 68, 7, 47
1, 500, 154.0, 0.0, 154.0, 0.0, '6KCY86', 356, 636, 26, 86, 122, 5, 6, 69, 16, 50
1, 500, 500.0, 0.0, 500.0, 0.0, '67J4AH', 365, 648, 23, 87, 110, 8, 9, 67, 1, 57
1, 500, 240.0, 0.0, 240.0, 0.0, 'Q6T27T', 370, 639, 23, 86, 117, 10, 9, 60, 1, 58
1, 500, 339.0, 0.0, 339.0, 0.0, 'SSFPRS', 351, 643, 25, 77, 113, 5, 11, 64, 5, 61
1, 500, 500.0, 0.0, 500.0, 0.0, 'XD5TMT', 331, 631, 25, 79, 111, 8, 14, 61, 1, 55
1, 500, 500.0, 0.0, 500.0, 0.0, 'VL6BFQ', 335, 641, 25, 80, 124, 5, 9, 53, 1, 61
1, 500, 500.0, 0.0, 500.0, 0.0, '8XK8IN', 329, 641, 22, 81, 122, 6, 8, 59, 1, 65
1, 500, 437.0, 0.0, 437.0, 0.0, 'HQQK5O', 323, 649, 24, 78, 118, 5, 5, 57, 1, 57
1, 500, 500.0, 0.0, 500.0, 0.0, 'GGGOWK', 333, 640, 27, 85, 125, 6, 3, 53, 1, 53
1, 500, 421.0, 0.0, 421.0, 0.0, 'N5QRB6', 325, 646, 25, 85, 130, 6, 4, 49, 1, 59
1, 500, 500.0, 0.0, 500.0, 0.0, 'J8AI11', 329, 644, 26, 82, 130, 6, 2, 51, 1, 50
1, 500, 500.0, 0.0, 500.0, 0.0, 'DXY8QE', 337, 639, 28, 85, 116, 5, 4, 46, 2, 58
1, 500, 85.0, 0.0, 85.0, 0.0, 'XB4OTD', 329, 644, 26, 81, 108, 10, 6, 49, 1, 51
1, 500, 500.0, 0.0, 500.0, 0.0, 'T6S3MJ', 322, 639, 25, 77, 103, 8, 7, 52, 3, 72
1, 500, 158.0, 0.0, 158.0, 0.0, 'SLICES', 325, 633, 22, 79, 119, 5, 4, 59, 1, 72
1, 500, 500.0, 0.0, 500.0, 0.0, '946HRA', 330, 642, 27, 83, 110, 5, 4, 53, 2, 58
1, 500, 220.0, 0.0, 220.0, 0.0, 'OL2A4W', 323, 644, 28, 87, 117, 5, 4, 51, 2, 58
1, 500, 500.0, 0.0, 500.0, 0.0, 'DRP7A4', 326, 620, 27, 83, 125, 5, 7, 49, 1, 62
1, 500, 500.0, 0.0, 500.0, 0.0, 'THLTE3', 335, 622, 26, 83, 124, 5, 12, 61, 1, 68
1, 500, 500.0, 0.0, 500.0, 0.0, 'LKH2ND', 331, 640, 26, 83, 124, 5, 6, 54, 1, 65
1, 500, 500.0, 0.0, 500.0, 0.0, 'KXT9IB', 337, 649, 27, 78, 126, 5, 2, 53, 2, 68
1, 500, 500.0, 0.0, 500.0, 0.0, 'L3B8FT', 346, 640, 28, 79, 126, 5, 2, 56, 1, 62
1, 500, 500.0, 0.0, 500.0, 0.0, 'HVWTK4', 358, 642, 28, 79, 126, 5, 2, 58, 1, 56
1, 500, 500.0, 0.0, 500.0, 0.0, 'SHPQNN', 351, 645, 23, 83, 129, 5, 5, 58, 1, 60
1, 500, 500.0, 0.0, 500.0, 0.0, 'GIOQKK', 347, 639, 27, 86, 116, 5, 5, 54, 1, 57
1, 500, 276.0, 0.0, 276.0, 0.0, 'VWHW6A', 348, 643, 26, 83, 118, 5, 5, 49, 1, 64
1, 500, 500.0, 0.0, 500.0, 0.0, 'PQBUN3', 335, 640, 25, 82, 122, 5, 6, 58, 2, 61
1, 500, 500.0, 0.0, 500.0, 0.0, 'F255L8', 328, 630, 25, 83, 138, 6, 3, 56, 1, 75
1, 500, 220.0, 0.0, 220.0, 0.0, 'UMPBME', 334, 627, 28, 85, 139, 5, 8, 59, 3, 78
1, 500, 444.0, 0.0, 444.0, 0.0, '0CG0RG', 335, 634, 24, 84, 129, 7, 13, 67, 1, 69
1, 500, 500.0, 0.0, 500.0, 0.0, '92JO75', 340, 619, 24, 79, 122, 7, 15, 69, 1, 64
1, 500, 500.0, 0.0, 500.0, 0.0, '7WSE76', 339, 641, 27, 80, 131, 5, 14, 68, 1, 55
1, 500, 500.0, 0.0, 500.0, 0.0, '6U1ENV', 339, 630, 24, 78, 126, 7, 9, 58, 1, 67
1, 500, 500.0, 0.0, 500.0, 0.0, 'DS13N3', 336, 648, 27, 78, 122, 5, 3, 64, 1, 62
1, 500, 500.0, 0.0, 500.0, 0.0, '6F9RRK', 331, 629, 24, 83, 128, 5, 5, 73, 1, 53
1, 500, 492.0, 0.0, 492.0, 0.0, '2WRKT4', 335, 625, 27, 80, 126, 5, 5, 73, 1, 49
1, 500, 136.0, 0.0, 136.0, 0.0, 'N5SQTM', 342, 643, 27, 82, 131, 5, 6, 73, 1, 48
1, 500, 500.0, 0.0, 500.0, 0.0, 'PCE261', 351, 630, 25, 84, 126, 5, 6, 70, 1, 56
1, 500, 296.0, 0.0, 296.0, 0.0, '9OTYM1', 349, 650, 25, 81, 127, 6, 9, 70, 1, 55
1, 500, 500.0, 0.0, 500.0, 0.0, '8O98I6', 343, 645, 24, 80, 128, 5, 9, 67, 1, 46
1, 500, 500.0, 0.0, 500.0, 0.0, 'VLB2HT', 345, 644, 25, 86, 113, 5, 6, 61, 1, 52
1, 500, 500.0, 0.0, 500.0, 0.0, 'NIGIPB', 326, 655, 28, 77, 105, 5, 7, 61, 1, 69
1, 500, 500.0, 0.0, 500.0, 0.0, 'O5XR57', 327, 634, 24, 81, 123, 6, 4, 67, 1, 65
1, 500, 500.0, 0.0, 500.0, 0.0, 'JKJHTB', 328, 636, 23, 79, 126, 5, 5, 62, 1, 68
1, 500, 500.0, 0.0, 500.0, 0.0, 'CV6J1A', 314, 636, 28, 80, 122, 7, 5, 65, 1, 70
1, 500, 251.0, 0.0, 251.0, 0.0, '1707B4', 324, 638, 23, 83, 126, 7, 9, 58, 1, 63
1, 500, 500.0, 0.0, 500.0, 0.0, 'S30SGN', 327, 632, 25, 83, 118, 8, 5, 62, 1, 50
1, 500, 415.0, 0.0, 415.0, 0.0, 'V27BVH', 326, 640, 24, 81, 107, 5, 7, 62, 2, 65
1, 500, 500.0, 0.0, 500.0, 0.0, 'AW5VZO', 336, 644, 25, 85, 124, 5, 3, 64, 1, 64
1, 500, 500.0, 0.0, 500.0, 0.0, 'VNWBU1', 316, 637, 27, 86, 123, 5, 3, 67, 1, 67
1, 500, 327.0, 0.0, 327.0, 0.0, 'PC41E0', 313, 636, 26, 82, 128, 5, 4, 68, 1, 57
1, 500, 406.0, 0.0, 406.0, 0.0, 'E4ZXI8', 326, 644, 26, 82, 125, 5, 5, 60, 9, 52
1, 500, 500.0, 0.0, 500.0, 0.0, 'YKSTVL', 335, 641, 24, 80, 121, 6, 4, 58, 3, 67
1, 500, 352.0, 0.0, 352.0, 0.0, 'K0TZJ6', 342, 619, 25, 84, 122, 5, 9, 60, 1, 58
1, 500, 500.0, 0.0, 500.0, 0.0, 'BPN142', 352, 623, 26, 78, 125, 7, 13, 60, 1, 60
1, 500, 228.0, 0.0, 228.0, 0.0, 'D9KT3Z', 347, 636, 24, 79, 123, 9, 13, 64, 1, 70
1, 500, 500.0, 0.0, 500.0, 0.0, 'YI7T7B', 333, 631, 25, 79, 122, 5, 9, 63, 1, 73
1, 500, 356.0, 0.0, 356.0, 0.0, 'STEGAE', 327, 629, 27, 78, 111, 5, 8, 65, 1, 61
1, 500, 500.0, 0.0, 500.0, 0.0, 'J72AB1', 330, 649, 24, 77, 123, 10, 5, 67, 1, 63
1, 500, 500.0, 0.0, 500.0, 0.0, '8ICIWT', 340, 627, 25, 79, 135, 8, 4, 66, 1, 68
1, 500, 500.0, 0.0, 500.0, 0.0, '9N0Y5T', 331, 645, 22, 82, 122, 5, 2, 63, 1, 60
1, 500, 500.0, 0.0, 500.0, 0.0, '9YSGII', 340, 645, 28, 78, 115, 10, 2, 67, 1, 59
1, 500, 381.0, 0.0, 381.0, 0.0, 'VX7K7T', 348, 630, 26, 75, 116, 10, 5, 68, 1, 59
1, 500, 500.0, 0.0, 500.0, 0.0, 'K8VAQE', 353, 625, 26, 86, 113, 6, 6, 70, 1, 64
1, 500, 500.0, 0.0, 500.0, 0.0, 'N50N5E', 346, 627, 28, 80, 121, 8, 5, 63, 1, 70
1, 500, 500.0, 0.0, 500.0, 0.0, '4PF9PF', 337, 632, 27, 81, 126, 5, 3, 65, 1, 64
1, 500, 500.0, 0.0, 500.0, 0.0, '8REJT9', 317, 634, 28, 83, 123, 5, 3, 63, 1, 73
1, 500, 415.0, 0.0, 415.0, 0.0, 'B08YK0', 322, 644, 25, 78, 125, 5, 3, 58, 1, 81
1, 500, 500.0, 0.0, 500.0, 0.0, 'IEF2K8', 327, 640, 28, 77, 118, 5, 5, 54, 1, 80
1, 500, 500.0, 0.0, 500.0, 0.0, 'PNYDYS', 334, 645, 27, 73, 122, 5, 3, 51, 1, 75
1, 500, 212.0, 0.0, 212.0, 0.0, 'YTJ8WA', 339, 648, 27, 62, 126, 5, 2, 55, 1, 80
1, 500, 500.0, 0.0, 500.0, 0.0, '60L1VI', 330, 619, 27, 70, 121, 5, 2, 50, 1, 74
1, 500, 500.0, 0.0, 500.0, 0.0, 'XTFX4F', 347, 644, 26, 82, 128, 5, 3, 53, 1, 65
1, 500, 403.0, 0.0, 403.0, 0.0, 'Q3XN9O', 334, 647, 25, 76, 118, 5, 3, 54, 1, 63
1, 500, 500.0, 0.0, 500.0, 0.0, 'WAZ6G4', 335, 648, 27, 81, 128, 7, 7, 52, 4, 73
1, 500, 500.0, 0.0, 500.0, 0.0, 'HVOB48', 335, 628, 26, 77, 128, 7, 7, 54, 1, 74
1, 500, 500.0, 0.0, 500.0, 0.0, 'X1KE5I', 348, 631, 27, 77, 127, 5, 5, 56, 1, 55
1, 500, 288.0, 0.0, 288.0, 0.0, 'OHBVMZ', 333, 630, 25, 71, 134, 5, 3, 57, 1, 67
1, 500, 115.0, 0.0, 115.0, 0.0, '7KSZ5J', 338, 633, 24, 83, 126, 5, 2, 54, 1, 75
1, 500, 500.0, 0.0, 500.0, 0.0, 'Y3T354', 340, 651, 28, 77, 117, 10, 2, 64, 1, 65
1, 500, 500.0, 0.0, 500.0, 0.0, '9H7CP5', 342, 655, 26, 81, 115, 5, 5, 61, 3, 59
1, 500, 448.0, 0.0, 448.0, 0.0, '300R98', 335, 654, 27, 79, 115, 5, 4, 65, 1, 59
1, 500, 500.0, 0.0, 500.0, 0.0, 'R7SWCR', 341, 640, 26, 74, 124, 5, 2, 62, 1, 60
1, 500, 65.0, 0.0, 65.0, 0.0, 'CZIFA5', 344, 627, 28, 75, 124, 9, 2, 64, 1, 55
1, 500, 500.0, 0.0, 500.0, 0.0, 'HJSQPZ', 342, 649, 24, 79, 137, 5, 4, 67, 1, 65
1, 500, 280.0, 0.0, 280.0, 0.0, 'T4D9A5', 341, 630, 27, 79, 133, 5, 5, 66, 1, 60
1, 500, 500.0, 0.0, 500.0, 0.0, 'C6T77T', 327, 641, 28, 79, 126, 11, 3, 64, 1, 71
1, 500, 297.0, 0.0, 297.0, 0.0, 'MQX581', 337, 632, 28, 86, 122, 11, 4, 62, 1, 54
1, 500, 500.0, 0.0, 500.0, 0.0, 'SDLG5S', 324, 641, 25, 80, 136, 10, 3, 62, 3, 71
1, 500, 500.0, 0.0, 500.0, 0.0, 'UPKBMJ', 337, 629, 26, 77, 136, 6, 3, 61, 1, 50
1, 500, 500.0, 0.0, 500.0, 0.0, '85SAXU', 329, 633, 26, 78, 131, 5, 6, 62, 1, 49
1, 500, 500.0, 0.0, 500.0, 0.0, 'M7IDZN', 343, 642, 25, 80, 126, 5, 11, 60, 1, 53
1, 500, 500.0, 0.0, 500.0, 0.0, 'IM4KSF', 355, 643, 25, 78, 126, 5, 9, 58, 5, 52
1, 500, 133.0, 0.0, 133.0, 0.0, 'ZAMIFS', 339, 654, 26, 78, 129, 5, 8, 56, 1, 54
1, 500, 443.0, 0.0, 443.0, 0.0, '23QEMQ', 334, 648, 24, 80, 132, 5, 11, 54, 1, 52
1, 500, 500.0, 0.0, 500.0, 0.0, 'KQG5PU', 329, 633, 28, 84, 132, 5, 7, 55, 1, 49
1, 500, 500.0, 0.0, 500.0, 0.0, 'TVHKFI', 327, 639, 26, 80, 132, 5, 2, 56, 1, 51
1, 500, 500.0, 0.0, 500.0, 0.0, 'D9BIEE', 345, 645, 28, 77, 134, 5, 3, 60, 5, 53
1, 500, 500.0, 0.0, 500.0, 0.0, 'DJZN9E', 341, 640, 27, 81, 130, 5, 3, 59, 7, 56
1, 500, 500.0, 0.0, 500.0, 0.0, 'NSH0DL', 342, 640, 28, 86, 128, 5, 4, 66, 1, 58
1, 500, 500.0, 0.0, 500.0, 0.0, 'Z2NY5P', 340, 630, 28, 82, 121, 8, 6, 60, 1, 59
1, 500, 40.0, 0.0, 40.0, 0.0, '6U9YBI', 344, 643, 27, 79, 111, 5, 2, 61, 1, 59
1, 500, 500.0, 0.0, 500.0, 0.0, 'UF0OWO', 345, 644, 24, 78, 125, 5, 5, 55, 1, 67
1, 500, 365.0, 0.0, 365.0, 0.0, 'Z4ETK3', 332, 624, 27, 77, 115, 6, 2, 51, 7, 70
1, 500, 500.0, 0.0, 500.0, 0.0, 'PCBITY', 323, 624, 27, 78, 133, 5, 2, 51, 1, 72
1, 500, 500.0, 0.0, 500.0, 0.0, 'DA669R', 329, 629, 25, 80, 136, 13, 3, 52, 1, 59
1, 500, 500.0, 0.0, 500.0, 0.0, 'URGVKW', 334, 641, 28, 80, 135, 5, 3, 47, 1, 64
1, 500, 500.0, 0.0, 500.0, 0.0, 'VXL21B', 329, 642, 29, 81, 122, 6, 4, 46, 1, 64
1, 500, 500.0, 0.0, 500.0, 0.0, '71UZAX', 334, 634, 24, 81, 126, 7, 3, 46, 1, 65
1, 500, 500.0, 0.0, 500.0, 0.0, 'MU94X5', 333, 641, 24, 79, 113, 5, 6, 58, 4, 51
1, 500, 500.0, 0.0, 500.0, 0.0, 'IRZT2N', 340, 648, 23, 82, 121, 5, 6, 59, 1, 48
1, 500, 500.0, 0.0, 500.0, 0.0, 'V6B5ME', 329, 636, 29, 86, 123, 5, 7, 62, 1, 46
1, 500, 500.0, 0.0, 500.0, 0.0, 'VTMSXC', 315, 645, 30, 78, 122, 5, 5, 58, 1, 64
1, 500, 500.0, 0.0, 500.0, 0.0, '25A91I', 323, 649, 28, 79, 126, 5, 2, 63, 1, 72
1, 5000, 5000.0, 0.0, 5000.0, 0.0, 'MAVQ2V', 323, 649, 28, 79, 126, 5, 2, 63, 1, 72
