1, 500, 17.0, 0.0, 17.0, 0.0, 'B43NVM', 305, 382, 16, 71, 112, 15, 2, 16, 33, 1
1, 500, 21.0, 0.0, 21.0, 0.0, 'C3OUQE', 328, 389, 24, 48, 90, 10, 4, 6, 35, 13
1, 500, 42.0, 0.0, 42.0, 0.0, 'Q3N388', 290, 416, 13, 65, 79, 19, 1, 21, 34, 15
1, 500, 14.0, 0.0, 14.0, 0.0, '59MJ9D', 310, 386, 23, 60, 109, 12, 1, 19, 31, 14
1, 500, 17.0, 0.0, 17.0, 0.0, '38IJF9', 298, 406, 17, 61, 87, 8, 1, 16, 27, 10
1, 500, 34.0, 0.0, 34.0, 0.0, '0UYGDK', 299, 380, 16, 71, 101, 10, 2, 12, 40, 12
1, 500, 23.0, 0.0, 23.0, 0.0, '9XQLKB', 313, 415, 13, 72, 113, 15, 1, 19, 16, 2
1, 500, 20.0, 0.0, 20.0, 0.0, 'CS8LGG', 308, 371, 24, 69, 102, 10, 1, 10, 26, 18
1, 500, 153.0, 0.0, 153.0, 0.0, 'ZXWRJ4', 304, 430, 13, 57, 97, 6, 1, 15, 31, 23
1, 500, 36.0, 0.0, 36.0, 0.0, '039VAR', 300, 375, 16, 81, 89.10000000000001, 11, 4, 12, 24, 1
1, 500, 158.0, 0.0, 158.0, 0.0, 'LDP8KQ', 293, 372, 25, 72, 93, 16, 3, 13, 15, 25
1, 500, 475.0, 0.0, 475.0, 0.0, 'VB96LD', 297, 414, 20, 72, 96, 5, 5, 10, 21, 30
1, 500, 15.0, 0.0, 15.0, 0.0, '9X2UHJ', 297, 434, 19, 65, 85, 13, 1, 16, 28, 8
1, 500, 221.0, 0.0, 221.0, 0.0, 'I0N4J9', 310, 411, 25, 66, 90, 15, 5, 15, 21, 17
1, 500, 35.0, 0.0, 35.0, 0.0, 'P0RYIA', 297, 399, 16, 73, 102, 8, 1, 10, 28, 12
1, 500, 60.0, 0.0, 60.0, 0.0, 'M6FND2', 292, 414, 25, 69, 104, 11, 4, 14, 26, 18
1, 500, 14.0, 0.0, 14.0, 0.0, 'NIAMB8', 287, 405, 20, 52, 109, 17, 6, 13, 23, 1
1, 500, 16.0, 0.0, 16.0, 0.0, 'FL10OM', 309, 395, 17, 81, 94, 12, 2, 11, 22, 6
1, 500, 20.0, 0.0, 20.0, 0.0, '4ETCYN', 302, 413, 21, 74, 112, 6, 5, 19, 17, 15
1, 500, 124.0, 0.0, 124.0, 0.0, 'NRO3DD', 299, 434, 14, 82, 91, 10, 1, 13, 10, 16
1, 500, 17.0, 0.0, 17.0, 0.0, 'OVKHXI', 303, 401, 20, 87, 103, 9, 1, 9, 20, 1
1, 500, 28.0, 0.0, 28.0, 0.0, 'IGMGM4', 302, 416, 22, 75, 107, 16, 6, 21, 27, 1
1, 500, 319.0, 0.0, 319.0, 0.0, '8DQYCE', 297, 371, 15, 59, 90, 8, 1, 18, 37, 18
1, 500, 23.0, 0.0, 23.0, 0.0, '11FW3B', 307, 378, 24, 87, 95.7, 10, 6, 20, 22, 6
1, 500, 500.0, 0.0, 500.0, 0.0, '83EQO3', 314, 407, 10, 62, 80, 5, 1, 22, 34, 23
1, 500, 20.0, 0.0, 20.0, 0.0, 'OTOYCD', 294, 395, 20, 76, 94, 5, 4, 14, 8, 13
1, 500, 115.0, 0.0, 115.0, 0.0, 'KERQAX', 282, 386, 19, 61, 110, 12, 4, 17, 31, 12
1, 500, 203.0, 0.0, 203.0, 0.0, 'LO3PGP', 307, 347, 17, 70, 115, 5, 3, 22, 35, 12
1, 500, 37.0, 0.0, 37.0, 0.0, 'R4HZ6M', 289, 395, 19, 78, 88, 14, 6, 18, 20, 9
1, 500, 17.0, 0.0, 17.0, 0.0, 'YCJWNF', 309, 411, 26, 78, 98, 10, 2, 14, 14, 7
1, 500, 67.0, 0.0, 67.0, 0.0, 'FQZJOA', 313, 405, 21, 64, 104, 15, 3, 19, 37, 18
1, 500, 22.0, 0.0, 22.0, 0.0, 'AIPTQO', 317, 373, 15, 72, 79.2, 5, 1, 22, 10, 6
1, 500, 161.0, 0.0, 161.0, 0.0, 'KODR7B', 305, 410, 11, 55, 89, 14, 1, 17, 26, 17
1, 500, 18.0, 0.0, 18.0, 0.0, '8CRM76', 304, 385, 28, 78, 90, 8, 4, 11, 24, 1
1, 500, 36.0, 0.0, 36.0, 0.0, 'T9TG3G', 307, 426, 20, 72, 79.2, 12, 1, 26, 25, 27
1, 500, 33.0, 0.0, 33.0, 0.0, '23E1SY', 300, 417, 23, 67, 115, 14, 3, 9, 39, 12
1, 500, 10.0, 0.0, 10.0, 0.0, 'I94JWT', 278, 388, 26, 53, 81, 19, 1, 27, 21, 1
1, 500, 122.0, 0.0, 122.0, 0.0, 'DBGR19', 292, 398, 8, 70, 105, 5, 1, 16, 27, 7
1, 500, 15.0, 0.0, 15.0, 0.0, '8CNNAU', 288, 399, 23, 78, 105, 6, 1, 26, 15, 17
1, 500, 196.0, 0.0, 196.0, 0.0, 'PA0VKA', 298, 376, 25, 70, 92, 8, 2, 10, 11, 16
1, 500, 17.0, 0.0, 17.0, 0.0, 'UHOGJO', 303, 405, 25, 69, 102, 5, 2, 15, 18, 4
1, 500, 34.0, 0.0, 34.0, 0.0, 'ABT206', 294, 396, 18, 71, 92, 5, 3, 14, 17, 13
1, 500, 27.0, 0.0, 27.0, 0.0, '872J1J', 302, 409, 25, 53, 104, 5, 1, 17, 45, 1
1, 500, 237.0, 0.0, 237.0, 0.0, '305XAB', 291, 390, 13, 87, 96, 5, 4, 10, 19, 26
1, 500, 78.0, 0.0, 78.0, 0.0, 'WTXTSF', 314, 410, 22, 72, 96, 14, 4, 28, 29, 1
1, 500, 20.0, 0.0, 20.0, 0.0, 'YKZHFI', 325, 407, 27, 66, 99, 6, 1, 8, 25, 1
1, 500, 99.0, 0.0, 99.0, 0.0, 'NPXTQT', 299, 402, 19, 60, 90, 10, 1, 13, 33, 9
1, 500, 33.0, 0.0, 33.0, 0.0, 'GKQKZO', 296, 394, 16, 80, 88.0, 5, 1, 21, 30, 1
1, 500, 10.0, 0.0, 10.0, 0.0, '897IY7', 294, 385, 20, 62, 99, 5, 1, 15, 26, 14
1, 500, 89.0, 0.0, 89.0, 0.0, '48JS2J', 292, 390, 10, 69, 80, 10, 4, 15, 37, 7
1, 500, 31.0, 0.0, 31.0, 0.0, 'V80N67', 293, 414, 24, 68, 96, 5, 7, 12, 27, 1
1, 500, 20.0, 0.0, 20.0, 0.0, 'B0H048', 316, 385, 26, 46, 99, 6, 3, 9, 33, 7
1, 500, 19.0, 0.0, 19.0, 0.0, '7WF50N', 294, 385, 30, 59, 101, 14, 1, 13, 18, 7
1, 500, 16.0, 0.0, 16.0, 0.0, '823RU2', 292, 424, 23, 77, 109, 6, 1, 16, 25, 3
1, 500, 133.0, 0.0, 133.0, 0.0, 'WYRTAD', 288, 387, 26, 94, 103.4, 13, 1, 13, 25, 26
1, 500, 10.0, 0.0, 10.0, 0.0, 'SUEEKT', 299, 394, 13, 87, 118, 23, 1, 14, 12, 1
1, 500, 20.0, 0.0, 20.0, 0.0, 'TTK9W3', 324, 404, 17, 81, 112, 16, 1, 20, 33, 8
1, 500, 105.0, 0.0, 105.0, 0.0, 'HC5FP5', 290, 395, 11, 63, 112, 17, 6, 8, 30, 17
1, 500, 51.0, 0.0, 51.0, 0.0, 'DGBW8P', 295, 413, 12, 65, 97, 11, 6, 13, 39, 1
1, 500, 114.0, 0.0, 114.0, 0.0, 'VCLRVQ', 285, 395, 15, 55, 69, 11, 2, 11, 29, 6
1, 500, 68.0, 0.0, 68.0, 0.0, '08UBBI', 305, 390, 26, 69, 121, 7, 6, 11, 29, 23
1, 500, 39.0, 0.0, 39.0, 0.0, 'QRIGJB', 310, 385, 12, 95, 105, 13, 3, 13, 27, 9
1, 500, 238.0, 0.0, 238.0, 0.0, 'DC2U2I', 285, 406, 10, 91, 108, 12, 1, 15, 10, 14
1, 500, 95.0, 0.0, 95.0, 0.0, 'JSNWMV', 317, 404, 19, 87, 110, 13, 2, 24, 10, 5
1, 500, 39.0, 0.0, 39.0, 0.0, 'BKHMTU', 286, 404, 19, 57, 89, 13, 1, 14, 26, 22
1, 500, 54.0, 0.0, 54.0, 0.0, 'S20V2S', 299, 401, 32, 83, 91.30000000000001, 12, 1, 14, 18, 19
1, 500, 43.0, 0.0, 43.0, 0.0, 'VA96BP', 319, 426, 14, 91, 100.10000000000001, 7, 1, 9, 47, 1
1, 500, 91.0, 0.0, 91.0, 0.0, '1FTAUF', 312, 400, 20, 76, 108, 5, 1, 14, 30, 16
1, 500, 16.0, 0.0, 16.0, 0.0, 'NWUDHZ', 294, 384, 22, 62, 86, 18, 3, 21, 21, 23
1, 500, 123.0, 0.0, 123.0, 0.0, 'VIVISE', 308, 420, 17, 56, 105, 8, 4, 6, 19, 14
1, 500, 15.0, 0.0, 15.0, 0.0, 'VNRW44', 296, 430, 18, 59, 106, 15, 3, 21, 16, 1
1, 500, 43.0, 0.0, 43.0, 0.0, 'TNVAK0', 305, 419, 20, 53, 108, 5, 1, 9, 33, 1
1, 500, 135.0, 0.0, 135.0, 0.0, 'ML423I', 297, 384, 12, 86, 101, 5, 4, 18, 9, 20
1, 500, 17.0, 0.0, 17.0, 0.0, 'OV7OQ3', 292, 387, 21, 70, 118, 11, 2, 6, 25, 7
1, 500, 12.0, 0.0, 12.0, 0.0, '7UGYT8', 297, 404, 23, 59, 120, 9, 3, 9, 12, 32
1, 500, 30.0, 0.0, 30.0, 0.0, 'W78WM8', 302, 392, 23, 84, 100, 5, 1, 20, 16, 1
1, 500, 42.0, 0.0, 42.0, 0.0, 'ZWFIPV', 275, 382, 20, 81, 91, 14, 6, 17, 20, 9
1, 500, 39.0, 0.0, 39.0, 0.0, 'E44CU1', 301, 390, 21, 68, 102, 5, 5, 17, 41, 11
1, 500, 444.0, 0.0, 444.0, 0.0, 'AOAZF8', 290, 412, 20, 74, 92, 5, 3, 11, 25, 29
1, 500, 31.0, 0.0, 31.0, 0.0, '6D9MDP', 303, 395, 21, 69, 99, 7, 1, 14, 33, 22
1, 500, 58.0, 0.0, 58.0, 0.0, 'OVHC0V', 298, 370, 14, 70, 96, 12, 3, 14, 21, 4
1, 500, 18.0, 0.0, 18.0, 0.0, '6RI7UA', 303, 399, 18, 66, 97, 10, 1, 19, 35, 18
1, 500, 225.0, 0.0, 225.0, 0.0, 'NH3321', 300, 391, 15, 74, 108, 5, 1, 20, 29, 8
1, 500, 42.0, 0.0, 42.0, 0.0, 'TJYL46', 286, 399, 18, 69, 86, 12, 3, 9, 19, 13
1, 500, 30.0, 0.0, 30.0, 0.0, 'YP29EF', 291, 400, 25, 84, 105, 7, 7, 14, 36, 8
1, 500, 18.0, 0.0, 18.0, 0.0, 'JOTY9I', 295, 391, 24, 71, 102, 11, 1, 20, 21, 4
1, 500, 285.0, 0.0, 285.0, 0.0, 'Y28ALW', 299, 406, 8, 61, 89, 6, 3, 16, 29, 18
1, 500, 15.0, 0.0, 15.0, 0.0, '2IEB7D', 319, 384, 6, 61, 98, 12, 3, 18, 25, 4
1, 500, 14.0, 0.0, 14.0, 0.0, 'V0VCIG', 290, 384, 19, 57, 92, 17, 2, 17, 36, 17
1, 500, 26.0, 0.0, 26.0, 0.0, '6U9Z13', 299, 375, 22, 52, 105, 5, 1, 19, 10, 2
1, 500, 52.0, 0.0, 52.0, 0.0, 'XAY8AS', 311, 394, 20, 73, 99, 8, 4, 16, 10, 6
1, 500, 22.0, 0.0, 22.0, 0.0, '59J674', 306, 408, 20, 74, 104, 13, 2, 10, 16, 1
1, 500, 27.0, 0.0, 27.0, 0.0, 'JLM1GX', 309, 395, 25, 62, 89, 9, 4, 17, 30, 9
1, 500, 153.0, 0.0, 153.0, 0.0, 'XLFZX2', 310, 392, 23, 77, 103, 7, 2, 25, 24, 26
1, 500, 13.0, 0.0, 13.0, 0.0, 'J3716E', 296, 395, 24, 69, 89, 7, 1, 13, 15, 1
1, 500, 69.0, 0.0, 69.0, 0.0, 'VW6LI7', 299, 410, 21, 71, 115, 5, 5, 18, 22, 16
1, 500, 133.0, 0.0, 133.0, 0.0, '2P5NO9', 309, 366, 13, 56, 103, 5, 6, 8, 33, 10
1, 500, 28.0, 0.0, 28.0, 0.0, '2ZTCO2', 295, 388, 19, 83, 91.30000000000001, 14, 3, 25, 37, 8
1, 500, 21.0, 0.0, 21.0, 0.0, 'YIFPYL', 310, 423, 27, 71, 89, 14, 4, 22, 37, 13
1, 500, 285.0, 0.0, 285.0, 0.0, 'ZCHWY9', 297, 394, 19, 82, 97, 9, 3, 13, 12, 24
1, 500, 33.0, 0.0, 33.0, 0.0, 'L1BJ89', 298, 409, 16, 63, 91, 9, 4, 12, 40, 1
1, 500, 12.0, 0.0, 12.0, 0.0, 'JHKLOC', 309, 413, 29, 65, 87, 17, 1, 18, 26, 4
1, 500, 12.0, 0.0, 12.0, 0.0, 'WXAYKZ', 290, 416, 28, 66, 123, 5, 2, 25, 16, 9
1, 500, 16.0, 0.0, 16.0, 0.0, 'O8FA3V', 306, 374, 22, 79, 92, 14, 5, 17, 12, 2
1, 500, 91.0, 0.0, 91.0, 0.0, 'WE4EY4', 284, 395, 13, 76, 83.60000000000001, 19, 4, 11, 40, 14
1, 500, 51.0, 0.0, 51.0, 0.0, 'BTCFTN', 298, 387, 17, 66, 81, 8, 1, 17, 35, 7
1, 500, 13.0, 0.0, 13.0, 0.0, 'XS0H9H', 294, 375, 20, 68, 86, 14, 1, 12, 23, 10
1, 500, 13.0, 0.0, 13.0, 0.0, 'UFWT1O', 297, 412, 18, 51, 105, 12, 4, 8, 7, 6
1, 500, 52.0, 0.0, 52.0, 0.0, '0RWJWM', 288, 391, 25, 69, 112, 16, 3, 16, 29, 20
1, 500, 133.0, 0.0, 133.0, 0.0, 'V22DCV', 310, 384, 21, 42, 102, 5, 1, 6, 15, 6
1, 500, 21.0, 0.0, 21.0, 0.0, 'H9HUI7', 287, 414, 20, 81, 92, 11, 2, 11, 4, 26
1, 500, 23.0, 0.0, 23.0, 0.0, 'I9GYBN', 308, 398, 24, 58, 117, 5, 1, 18, 24, 11
1, 500, 78.0, 0.0, 78.0, 0.0, '35MQXT', 305, 413, 18, 66, 114, 8, 2, 16, 20, 12
1, 500, 106.0, 0.0, 106.0, 0.0, '9668FH', 317, 403, 16, 75, 104, 10, 2, 26, 18, 28
1, 500, 75.0, 0.0, 75.0, 0.0, 'JKN9I9', 306, 401, 20, 63, 109, 10, 7, 15, 19, 27
1, 500, 16.0, 0.0, 16.0, 0.0, 'MEOHC6', 305, 409, 29, 60, 79, 11, 1, 13, 29, 19
1, 500, 23.0, 0.0, 23.0, 0.0, 'ZMEZWH', 297, 391, 19, 76, 86, 5, 1, 18, 12, 1
1, 500, 12.0, 0.0, 12.0, 0.0, 'WCSILF', 289, 368, 28, 69, 124, 14, 2, 7, 8, 22
1, 500, 19.0, 0.0, 19.0, 0.0, '645ZNT', 316, 416, 26, 72, 106, 6, 1, 17, 24, 15
1, 500, 57.0, 0.0, 57.0, 0.0, '1D3CIO', 302, 415, 22, 72, 89, 12, 1, 14, 10, 5
1, 500, 62.0, 0.0, 62.0, 0.0, '2VEODO', 296, 407, 16, 83, 116, 15, 5, 7, 39, 29
1, 500, 440.0, 0.0, 440.0, 0.0, 'TCZT34', 313, 391, 17, 76, 98, 9, 2, 23, 28, 12
1, 500, 63.0, 0.0, 63.0, 0.0, 'V8MCP3', 307, 402, 25, 75, 111, 8, 6, 14, 20, 16
1, 500, 19.0, 0.0, 19.0, 0.0, '954RVW', 297, 372, 20, 58, 99, 8, 5, 18, 24, 15
1, 500, 156.0, 0.0, 156.0, 0.0, 'FKSHTQ', 302, 401, 18, 81, 104, 5, 3, 17, 29, 15
1, 500, 22.0, 0.0, 22.0, 0.0, 'UPW31U', 308, 390, 25, 85, 102, 9, 4, 14, 25, 1
1, 500, 16.0, 0.0, 16.0, 0.0, 'KYLPJ2', 289, 389, 15, 63, 89, 10, 6, 11, 14, 3
1, 500, 18.0, 0.0, 18.0, 0.0, 'O3LSA8', 305, 387, 27, 95, 104.50000000000001, 15, 4, 20, 24, 3
1, 500, 17.0, 0.0, 17.0, 0.0, 'S5HM1D', 285, 362, 21, 66, 101, 17, 1, 19, 27, 1
1, 500, 192.0, 0.0, 192.0, 0.0, '5QXZAL', 293, 402, 14, 74, 96, 9, 1, 19, 36, 24
1, 500, 20.0, 0.0, 20.0, 0.0, 'GGOOB0', 303, 400, 25, 81, 101, 7, 4, 9, 18, 1
1, 500, 500.0, 0.0, 500.0, 0.0, 'E5DA0J', 288, 390, 19, 68, 105, 6, 1, 12, 38, 16
1, 500, 10.0, 0.0, 10.0, 0.0, 'EM5Y1U', 317, 395, 25, 59, 104, 15, 3, 1, 35, 12
1, 500, 22.0, 0.0, 22.0, 0.0, '6NR8P4', 309, 397, 21, 61, 96, 5, 1, 18, 10, 1
1, 500, 20.0, 0.0, 20.0, 0.0, 'EUKJVB', 315, 418, 25, 86, 107, 7, 5, 5, 4, 6
1, 500, 17.0, 0.0, 17.0, 0.0, 'GDJL9B', 297, 388, 17, 69, 104, 12, 1, 16, 24, 1
1, 500, 35.0, 0.0, 35.0, 0.0, 'XTZYC3', 292, 421, 15, 59, 90, 6, 6, 20, 14, 3
1, 500, 33.0, 0.0, 33.0, 0.0, 'IO8NOB', 295, 403, 15, 96, 105.60000000000001, 15, 7, 14, 31, 26
1, 500, 19.0, 0.0, 19.0, 0.0, 'EHL7S0', 297, 422, 18, 89, 97.9, 5, 1, 18, 23, 1
1, 500, 38.0, 0.0, 38.0, 0.0, 'Y1004A', 295, 381, 18, 58, 94, 5, 1, 18, 48, 1
1, 500, 9.0, 0.0, 9.0, 0.0, '66N1LW', 290, 402, 14, 71, 102, 12, 9, 18, 9, 14
1, 500, 24.0, 0.0, 24.0, 0.0, 'L84H6H', 289, 407, 21, 51, 105, 5, 1, 17, 14, 23
1, 500, 126.0, 0.0, 126.0, 0.0, '75L5VF', 285, 409, 16, 75, 97, 5, 3, 10, 13, 13
1, 500, 49.0, 0.0, 49.0, 0.0, 'A9ATH6', 296, 370, 16, 71, 117, 11, 3, 11, 7, 18
1, 500, 20.0, 0.0, 20.0, 0.0, 'JQSM13', 293, 387, 19, 52, 89, 9, 2, 14, 12, 4
1, 500, 34.0, 0.0, 34.0, 0.0, '8T4MDR', 291, 415, 27, 77, 104, 7, 1, 23, 14, 13
1, 500, 54.0, 0.0, 54.0, 0.0, 'HHAX7N', 311, 393, 16, 82, 90.2, 5, 3, 6, 34, 8
1, 500, 28.0, 0.0, 28.0, 0.0, 'K3UQE3', 300, 383, 18, 82, 90.2, 8, 1, 17, 27, 1
1, 500, 10.0, 0.0, 10.0, 0.0, '82J6CH', 311, 421, 21, 55, 85, 5, 1, 26, 8, 3
1, 500, 15.0, 0.0, 15.0, 0.0, 'XWEJL7', 293, 405, 24, 72, 93, 12, 1, 7, 27, 2
1, 500, 10.0, 0.0, 10.0, 0.0, 'GH251A', 318, 387, 13, 70, 98, 15, 10, 15, 43, 4
1, 500, 15.0, 0.0, 15.0, 0.0, 'D5V1MU', 307, 389, 26, 64, 90, 7, 1, 9, 12, 1
1, 500, 50.0, 0.0, 50.0, 0.0, '6OBD9W', 295, 380, 12, 63, 102, 13, 1, 7, 34, 23
1, 500, 18.0, 0.0, 18.0, 0.0, 'PXSJTC', 282, 426, 26, 65, 91, 7, 6, 10, 16, 28
1, 500, 39.0, 0.0, 39.0, 0.0, 'TXRF4N', 299, 420, 11, 76, 106, 5, 3, 20, 31, 1
1, 500, 30.0, 0.0, 30.0, 0.0, 'YT41VE', 304, 400, 20, 70, 113, 5, 2, 22, 30, 5
1, 500, 23.0, 0.0, 23.0, 0.0, '1G7SVJ', 298, 391, 13, 57, 95, 6, 2, 15, 11, 1
1, 500, 32.0, 0.0, 32.0, 0.0, 'H2GVRJ', 276, 376, 16, 70, 107, 11, 3, 18, 14, 11
1, 500, 52.0, 0.0, 52.0, 0.0, 'UUEZLU', 288, 389, 18, 72, 105, 10, 6, 17, 24, 18
1, 500, 66.0, 0.0, 66.0, 0.0, 'SRY3W3', 306, 418, 22, 70, 98, 5, 2, 6, 16, 15
1, 500, 23.0, 0.0, 23.0, 0.0, 'D46VI2', 310, 408, 23, 88, 96.80000000000001, 9, 1, 12, 31, 7
1, 500, 18.0, 0.0, 18.0, 0.0, 'BTNOCH', 291, 415, 27, 60, 111, 8, 4, 26, 18, 13
1, 500, 55.0, 0.0, 55.0, 0.0, 'HVFEX1', 308, 427, 22, 69, 103, 7, 4, 22, 19, 22
1, 500, 76.0, 0.0, 76.0, 0.0, 'URPRPN', 280, 402, 16, 66, 88, 8, 2, 7, 20, 5
1, 500, 15.0, 0.0, 15.0, 0.0, 'U5NT3I', 285, 427, 17, 82, 106, 17, 1, 17, 19, 17
1, 500, 20.0, 0.0, 20.0, 0.0, 'IYPY8Y', 285, 409, 24, 76, 102, 18, 1, 16, 31, 1
1, 500, 48.0, 0.0, 48.0, 0.0, '2YKDBC', 298, 386, 13, 79, 104, 7, 3, 17, 13, 1
1, 500, 19.0, 0.0, 19.0, 0.0, 'N3H28H', 295, 411, 13, 59, 96, 16, 4, 9, 20, 1
1, 500, 20.0, 0.0, 20.0, 0.0, 'OJGD6C', 291, 396, 16, 70, 100, 6, 6, 29, 16, 1
1, 500, 17.0, 0.0, 17.0, 0.0, 'LR58DA', 286, 413, 18, 53, 92, 8, 1, 13, 17, 2
1, 500, 25.0, 0.0, 25.0, 0.0, '2G5VUG', 298, 405, 20, 58, 109, 5, 6, 17, 28, 13
1, 500, 162.0, 0.0, 162.0, 0.0, '3KCKUT', 284, 376, 8, 83, 98, 13, 4, 7, 26, 13
1, 500, 59.0, 0.0, 59.0, 0.0, 'YZEPO0', 304, 409, 28, 80, 100, 6, 1, 21, 27, 22
1, 500, 500.0, 0.0, 500.0, 0.0, 'VPCPN4', 301, 373, 14, 71, 107, 12, 5, 9, 23, 19
1, 500, 148.0, 0.0, 148.0, 0.0, 'PVEMF4', 313, 420, 20, 71, 92, 12, 10, 16, 26, 11
1, 500, 185.0, 0.0, 185.0, 0.0, 'JR3DLQ', 304, 396, 18, 83, 112, 16, 3, 21, 22, 21
1, 500, 87.0, 0.0, 87.0, 0.0, 'H7QVJR', 300, 405, 15, 58, 92, 9, 1, 14, 16, 13
1, 500, 34.0, 0.0, 34.0, 0.0, 'UM27BZ', 307, 413, 14, 64, 100, 5, 1, 13, 16, 3
1, 500, 20.0, 0.0, 20.0, 0.0, 'VG6UKZ', 300, 380, 14, 62, 94, 9, 8, 9, 27, 1
1, 500, 21.0, 0.0, 21.0, 0.0, '8PF9H1', 294, 386, 23, 76, 109, 12, 1, 17, 19, 6
1, 500, 31.0, 0.0, 31.0, 0.0, 'NBLBD9', 296, 393, 18, 48, 97, 20, 3, 14, 28, 10
1, 500, 90.0, 0.0, 90.0, 0.0, '51TJQK', 299, 377, 22, 80, 105, 5, 2, 15, 28, 18
1, 500, 273.0, 0.0, 273.0, 0.0, 'ICEULD', 295, 398, 16, 56, 103, 15, 4, 19, 8, 21
1, 500, 22.0, 0.0, 22.0, 0.0, 'PMVEGP', 305, 394, 25, 61, 98, 6, 4, 15, 21, 2
1, 500, 88.0, 0.0, 88.0, 0.0, 'VS4WBE', 311, 403, 13, 69, 102, 12, 11, 17, 28, 17
1, 500, 61.0, 0.0, 61.0, 0.0, '9ANNS0', 298, 401, 11, 72, 117, 9, 8, 13, 6, 2
1, 500, 9.0, 0.0, 9.0, 0.0, 'VJO45L', 307, 397, 25, 60, 84, 8, 7, 8, 32, 1
1, 500, 36.0, 0.0, 36.0, 0.0, 'MIEEAD', 293, 419, 17, 54, 110, 8, 4, 18, 22, 1
1, 500, 500.0, 0.0, 500.0, 0.0, 'Z1DW7N', 291, 432, 15, 62, 87, 14, 8, 14, 39, 28
1, 500, 55.0, 0.0, 55.0, 0.0, '4TWLHB', 304, 389, 12, 68, 112, 5, 1, 14, 41, 19
1, 500, 17.0, 0.0, 17.0, 0.0, 'LPKJXN', 299, 421, 12, 65, 98, 15, 4, 12, 16, 6
1, 500, 11.0, 0.0, 11.0, 0.0, 'GQS1VM', 308, 416, 25, 67, 90, 7, 1, 14, 16, 22
1, 500, 78.0, 0.0, 78.0, 0.0, 'QCXHPT', 320, 401, 23, 56, 102, 5, 5, 24, 21, 18
1, 500, 68.0, 0.0, 68.0, 0.0, 'Q5EOW3', 283, 385, 9, 54, 96, 10, 1, 9, 32, 17
1, 500, 19.0, 0.0, 19.0, 0.0, 'F4UFXV', 292, 408, 23, 74, 99, 5, 1, 24, 24, 10
1, 500, 25.0, 0.0, 25.0, 0.0, 'XLNXJI', 299, 443, 19, 69, 105, 12, 1, 13, 25, 11
1, 500, 41.0, 0.0, 41.0, 0.0, 'SEKKS2', 296, 399, 21, 82, 97, 11, 3, 19, 37, 11
1, 500, 258.0, 0.0, 258.0, 0.0, '0PM34Y', 303, 402, 26, 62, 94, 8, 2, 16, 24, 28
1, 500, 107.0, 0.0, 107.0, 0.0, 'L3V4UN', 284, 386, 13, 80, 92, 6, 11, 15, 20, 19
1, 500, 20.0, 0.0, 20.0, 0.0, 'YFRSCY', 308, 388, 22, 63, 107, 16, 7, 15, 30, 1
1, 500, 34.0, 0.0, 34.0, 0.0, 'RN0374', 293, 402, 22, 74, 97, 5, 2, 10, 34, 3
1, 500, 13.0, 0.0, 13.0, 0.0, 'CL1DTS', 297, 375, 15, 68, 89, 9, 5, 8, 27, 1
1, 500, 55.0, 0.0, 55.0, 0.0, 'B8YHID', 304, 404, 15, 61, 95, 6, 1, 9, 33, 8
1, 500, 13.0, 0.0, 13.0, 0.0, 'JBQR9N', 294, 396, 27, 73, 135, 14, 1, 12, 30, 16
1, 500, 23.0, 0.0, 23.0, 0.0, 'PVM5OF', 300, 380, 18, 77, 97, 9, 1, 21, 42, 1
1, 500, 28.0, 0.0, 28.0, 0.0, 'FKZNYY', 289, 388, 22, 67, 99, 13, 4, 15, 32, 13
1, 500, 25.0, 0.0, 25.0, 0.0, 'NBSF8W', 310, 423, 29, 73, 102, 7, 4, 17, 28, 10
1, 500, 19.0, 0.0, 19.0, 0.0, 'W5VQ8O', 299, 391, 16, 57, 94, 14, 1, 24, 14, 11
1, 500, 33.0, 0.0, 33.0, 0.0, '5JOY6M', 279, 417, 28, 75, 107, 8, 3, 13, 35, 8
1, 500, 15.0, 0.0, 15.0, 0.0, 'TIJTDZ', 297, 411, 19, 55, 104, 12, 1, 18, 19, 6
1, 500, 24.0, 0.0, 24.0, 0.0, '8FWUEZ', 313, 396, 18, 65, 106, 7, 3, 8, 17, 7
1, 500, 208.0, 0.0, 208.0, 0.0, 'F5QU8Q', 288, 400, 16, 70, 104, 13, 1, 22, 15, 11
1, 500, 18.0, 0.0, 18.0, 0.0, '9UJTKA', 298, 414, 21, 78, 85.80000000000001, 10, 3, 11, 19, 7
1, 500, 29.0, 0.0, 29.0, 0.0, 'QMTJK9', 309, 407, 8, 74, 92, 13, 1, 19, 1, 11
1, 500, 75.0, 0.0, 75.0, 0.0, 'JYH9MP', 286, 408, 21, 58, 87, 7, 2, 20, 15, 21
1, 500, 21.0, 0.0, 21.0, 0.0, 'DUAINN', 300, 363, 27, 86, 115, 11, 3, 14, 22, 1
1, 500, 137.0, 0.0, 137.0, 0.0, 'ONJAKV', 304, 391, 18, 82, 90.2, 7, 6, 20, 14, 24
1, 500, 49.0, 0.0, 49.0, 0.0, 'GO9W41', 310, 392, 23, 59, 111, 7, 1, 8, 33, 7
1, 500, 173.0, 0.0, 173.0, 0.0, '6B8HUO', 312, 413, 20, 67, 87, 6, 7, 19, 33, 18
1, 500, 23.0, 0.0, 23.0, 0.0, 'U27MB1', 297, 384, 31, 63, 90, 5, 4, 16, 18, 3
1, 500, 83.0, 0.0, 83.0, 0.0, 'OEM8B9', 330, 418, 15, 81, 103, 5, 8, 12, 25, 16
1, 500, 64.0, 0.0, 64.0, 0.0, 'GMSKVT', 298, 394, 18, 74, 81.4, 12, 1, 15, 15, 21
1, 500, 371.0, 0.0, 371.0, 0.0, 'LETEY0', 305, 400, 17, 67, 80, 12, 4, 16, 2, 25
1, 500, 336.0, 0.0, 336.0, 0.0, 'V1KN4K', 319, 413, 13, 70, 98, 7, 1, 21, 11, 16
1, 500, 35.0, 0.0, 35.0, 0.0, 'EKUBD1', 306, 397, 13, 75, 100, 11, 3, 18, 29, 1
1, 500, 98.0, 0.0, 98.0, 0.0, 'HZ2RXD', 295, 397, 11, 86, 102, 5, 4, 18, 22, 11
1, 500, 95.0, 0.0, 95.0, 0.0, '7OQ3MM', 287, 400, 24, 64, 90, 5, 3, 18, 37, 8
1, 500, 88.0, 0.0, 88.0, 0.0, 'W93Q7I', 298, 409, 16, 56, 86, 5, 4, 15, 34, 12
1, 500, 57.0, 0.0, 57.0, 0.0, 'LFRFHI', 304, 408, 13, 69, 98, 10, 2, 17, 45, 22
1, 500, 76.0, 0.0, 76.0, 0.0, '3DRQFK', 308, 407, 16, 72, 96, 13, 4, 17, 29, 11
1, 500, 23.0, 0.0, 23.0, 0.0, '3HTQ1V', 294, 414, 18, 75, 121, 13, 1, 11, 40, 1
1, 500, 103.0, 0.0, 103.0, 0.0, 'WWIC4R', 292, 411, 10, 71, 118, 15, 1, 23, 32, 13
1, 500, 17.0, 0.0, 17.0, 0.0, '0QYP87', 298, 398, 20, 55, 108, 13, 1, 17, 36, 4
1, 500, 26.0, 0.0, 26.0, 0.0, 'P8SXIF', 312, 396, 14, 75, 106, 5, 5, 22, 31, 4
1, 500, 19.0, 0.0, 19.0, 0.0, '62MSE8', 306, 403, 22, 76, 106, 8, 3, 15, 26, 1
1, 500, 108.0, 0.0, 108.0, 0.0, 'F8LV5C', 309, 411, 6, 71, 101, 12, 1, 17, 28, 15
1, 500, 66.0, 0.0, 66.0, 0.0, '0YQZF2', 288, 395, 25, 79, 104, 8, 3, 16, 14, 18
1, 500, 250.0, 0.0, 250.0, 0.0, 'TXMOUP', 311, 393, 18, 59, 109, 19, 4, 22, 17, 17
1, 500, 43.0, 0.0, 43.0, 0.0, 'WSVZ33', 299, 409, 24, 70, 98, 5, 4, 7, 26, 1
1, 500, 20.0, 0.0, 20.0, 0.0, 'LIP8YV', 302, 407, 20, 46, 96, 10, 4, 11, 30, 1
1, 500, 17.0, 0.0, 17.0, 0.0, 'VLNAST', 309, 384, 24, 42, 123, 5, 1, 16, 30, 9
1, 500, 20.0, 0.0, 20.0, 0.0, 'YISI1H', 304, 403, 13, 76, 99, 8, 1, 9, 44, 1
1, 500, 40.0, 0.0, 40.0, 0.0, 'RHOMUP', 289, 397, 22, 87, 108, 5, 2, 8, 15, 13
1, 500, 14.0, 0.0, 14.0, 0.0, 'H7OO8U', 288, 406, 12, 81, 93, 16, 9, 12, 30, 4
1, 500, 12.0, 0.0, 12.0, 0.0, '9LJF18', 307, 403, 28, 64, 101, 7, 2, 14, 27, 6
1, 500, 14.0, 0.0, 14.0, 0.0, '0097WP', 305, 387, 20, 55, 88, 13, 1, 17, 12, 15
1, 500, 41.0, 0.0, 41.0, 0.0, '7J9I23', 325, 407, 18, 74, 101, 5, 1, 10, 39, 1
1, 500, 36.0, 0.0, 36.0, 0.0, 'XK7D9Q', 305, 413, 23, 79, 105, 5, 1, 21, 15, 3
1, 500, 20.0, 0.0, 20.0, 0.0, 'M2U1D5', 307, 406, 26, 70, 92, 13, 1, 8, 25, 2
1, 500, 245.0, 0.0, 245.0, 0.0, 'ZC0MKO', 290, 414, 22, 89, 101, 13, 3, 4, 27, 23
1, 500, 67.0, 0.0, 67.0, 0.0, '4RTTK0', 302, 420, 19, 52, 99, 5, 5, 24, 22, 7
1, 500, 22.0, 0.0, 22.0, 0.0, 'T87UIA', 289, 395, 22, 79, 101, 5, 6, 7, 20, 9
1, 500, 25.0, 0.0, 25.0, 0.0, 'Y1JUP2', 297, 388, 24, 61, 104, 12, 4, 7, 20, 27
1, 500, 10.0, 0.0, 10.0, 0.0, 'UK4QJB', 296, 412, 14, 76, 120, 14, 7, 6, 32, 13
1, 500, 118.0, 0.0, 118.0, 0.0, 'AHFM5F', 293, 373, 16, 72, 107, 9, 1, 19, 22, 21
1, 500, 41.0, 0.0, 41.0, 0.0, '2UN342', 291, 396, 22, 68, 95, 5, 1, 15, 35, 5
1, 500, 73.0, 0.0, 73.0, 0.0, '2DX2QF', 298, 394, 18, 65, 102, 5, 2, 21, 42, 13
1, 500, 25.0, 0.0, 25.0, 0.0, 'KIM1WF', 307, 403, 18, 66, 116, 11, 1, 14, 43, 12
1, 500, 15.0, 0.0, 15.0, 0.0, 'MH3R03', 298, 415, 15, 67, 106, 9, 1, 22, 9, 23
1, 500, 32.0, 0.0, 32.0, 0.0, 'KRXXHW', 293, 398, 16, 63, 95, 9, 4, 17, 26, 1
1, 500, 26.0, 0.0, 26.0, 0.0, 'FRA8KT', 284, 410, 21, 61, 100, 5, 3, 16, 11, 6
1, 500, 305.0, 0.0, 305.0, 0.0, 'XOLN97', 315, 410, 21, 59, 89, 5, 5, 13, 38, 27
1, 500, 22.0, 0.0, 22.0, 0.0, 'ICXJPF', 316, 392, 16, 79, 102, 12, 2, 17, 18, 1
1, 500, 19.0, 0.0, 19.0, 0.0, '9M56AG', 291, 386, 25, 81, 96, 8, 1, 18, 26, 2
1, 500, 17.0, 0.0, 17.0, 0.0, 'JHCS08', 296, 385, 23, 82, 106, 14, 4, 13, 21, 5
1, 500, 18.0, 0.0, 18.0, 0.0, 'JOULDE', 316, 403, 23, 72, 116, 19, 6, 17, 16, 8
1, 500, 21.0, 0.0, 21.0, 0.0, 'UV9VM8', 286, 393, 25, 71, 110, 20, 2, 10, 25, 16
1, 500, 28.0, 0.0, 28.0, 0.0, 'TF7X7W', 290, 411, 20, 69, 87, 14, 2, 7, 28, 4
1, 500, 12.0, 0.0, 12.0, 0.0, 'S3LXUB', 288, 417, 24, 59, 115, 11, 1, 11, 30, 19
1, 500, 131.0, 0.0, 131.0, 0.0, 'YCLCB8', 317, 396, 13, 66, 96, 6, 5, 19, 28, 7
1, 500, 17.0, 0.0, 17.0, 0.0, 'IU2UIC', 309, 416, 15, 76, 93, 8, 1, 23, 44, 17
1, 500, 128.0, 0.0, 128.0, 0.0, 'UD0NFQ', 296, 424, 11, 70, 91, 13, 4, 16, 24, 12
1, 500, 14.0, 0.0, 14.0, 0.0, '4FZJ0D', 307, 409, 26, 65, 104, 12, 1, 13, 12, 17
1, 500, 22.0, 0.0, 22.0, 0.0, 'CHPW97', 300, 420, 24, 81, 95, 13, 6, 17, 26, 1
1, 500, 60.0, 0.0, 60.0, 0.0, 'ZQ2COL', 301, 397, 12, 66, 108, 12, 4, 12, 19, 8
1, 500, 32.0, 0.0, 32.0, 0.0, '4GLHRB', 319, 409, 16, 76, 100, 15, 1, 8, 21, 1
1, 500, 68.0, 0.0, 68.0, 0.0, '1XP4JF', 294, 361, 22, 67, 88, 10, 2, 20, 22, 8
1, 500, 17.0, 0.0, 17.0, 0.0, '10NYCR', 292, 413, 29, 63, 102, 14, 4, 15, 15, 1
1, 500, 9.0, 0.0, 9.0, 0.0, 'W72ONU', 306, 392, 19, 78, 101, 16, 2, 16, 2, 13
1, 500, 85.0, 0.0, 85.0, 0.0, 'M28N31', 304, 400, 20, 72, 99, 9, 2, 15, 27, 12
1, 500, 14.0, 0.0, 14.0, 0.0, 'IBFGRS', 303, 403, 15, 69, 104, 16, 1, 17, 10, 13
1, 500, 15.0, 0.0, 15.0, 0.0, 'XWUSRD', 293, 387, 25, 74, 88, 13, 4, 15, 9, 1
1, 500, 37.0, 0.0, 37.0, 0.0, 'D2TV3J', 301, 408, 16, 103, 113.30000000000001, 7, 5, 20, 35, 5
1, 500, 59.0, 0.0, 59.0, 0.0, '20IFXD', 303, 422, 20, 73, 94, 8, 7, 16, 26, 2
1, 500, 18.0, 0.0, 18.0, 0.0, 'T8LN27', 287, 392, 24, 65, 101, 18, 1, 16, 26, 19
1, 500, 16.0, 0.0, 16.0, 0.0, 'NI06UB', 304, 402, 20, 63, 101, 6, 1, 11, 16, 6
1, 500, 228.0, 0.0, 228.0, 0.0, 'TXHV05', 312, 426, 15, 69, 107, 9, 2, 7, 17, 16
1, 500, 14.0, 0.0, 14.0, 0.0, 'X64L2H', 297, 396, 17, 58, 100, 11, 2, 14, 11, 1
1, 500, 113.0, 0.0, 113.0, 0.0, '0LV8SI', 313, 390, 20, 81, 105, 12, 1, 15, 19, 24
1, 500, 25.0, 0.0, 25.0, 0.0, 'NQCWIF', 309, 383, 24, 78, 100, 12, 3, 18, 37, 3
1, 500, 28.0, 0.0, 28.0, 0.0, '4832D6', 321, 388, 29, 60, 114, 12, 8, 16, 46, 4
1, 500, 15.0, 0.0, 15.0, 0.0, '7XUWW6', 316, 394, 21, 79, 117, 17, 1, 17, 27, 12
1, 500, 20.0, 0.0, 20.0, 0.0, '7XNJ57', 313, 413, 23, 74, 103, 7, 1, 18, 40, 11
1, 500, 9.0, 0.0, 9.0, 0.0, 'ZFVEN3', 303, 399, 19, 73, 91, 12, 3, 15, 1, 20
1, 500, 25.0, 0.0, 25.0, 0.0, 'ZIPQPF', 298, 394, 16, 83, 103, 12, 1, 16, 19, 11
1, 500, 24.0, 0.0, 24.0, 0.0, 'IQXJ9W', 290, 379, 21, 79, 95, 14, 2, 15, 14, 4
1, 500, 26.0, 0.0, 26.0, 0.0, 'KHNYCH', 300, 411, 20, 67, 115, 12, 1, 20, 39, 29
1, 500, 16.0, 0.0, 16.0, 0.0, '06CLZ4', 297, 366, 13, 65, 91, 16, 7, 7, 28, 2
1, 500, 23.0, 0.0, 23.0, 0.0, '1H5OQ4', 294, 398, 22, 63, 92, 10, 1, 17, 30, 13
1, 500, 308.0, 0.0, 308.0, 0.0, 'XX0EOR', 315, 420, 13, 80, 103, 9, 5, 23, 13, 19
1, 500, 29.0, 0.0, 29.0, 0.0, 'YV2KAD', 298, 382, 27, 77, 99, 7, 7, 12, 22, 3
1, 500, 250.0, 0.0, 250.0, 0.0, 'GW83UA', 301, 407, 18, 75, 85, 6, 2, 16, 27, 27
1, 500, 49.0, 0.0, 49.0, 0.0, 'JK0TWO', 285, 400, 26, 63, 93, 5, 2, 18, 29, 9
1, 500, 349.0, 0.0, 349.0, 0.0, 'JW4S5B', 291, 406, 18, 68, 104, 15, 3, 8, 29, 26
1, 500, 55.0, 0.0, 55.0, 0.0, 'QFA8UP', 316, 402, 17, 73, 107, 11, 1, 16, 24, 10
1, 500, 17.0, 0.0, 17.0, 0.0, 'NHDR9A', 304, 402, 15, 59, 107, 8, 1, 14, 5, 10
1, 500, 38.0, 0.0, 38.0, 0.0, 'A8F5DO', 293, 397, 19, 68, 107, 5, 1, 22, 27, 5
1, 500, 25.0, 0.0, 25.0, 0.0, 'X7N4MM', 300, 397, 30, 65, 114, 5, 5, 23, 23, 21
1, 500, 16.0, 0.0, 16.0, 0.0, 'IMCAHE', 293, 379, 21, 75, 123, 17, 1, 21, 29, 18
1, 500, 318.0, 0.0, 318.0, 0.0, 'YO7VS1', 304, 405, 11, 75, 93, 8, 1, 21, 29, 12
1, 500, 43.0, 0.0, 43.0, 0.0, 'UMPJIF', 315, 397, 19, 69, 106, 7, 3, 6, 37, 5
1, 500, 140.0, 0.0, 140.0, 0.0, 'NOVKWX', 289, 408, 7, 73, 100, 9, 3, 15, 14, 9
1, 500, 196.0, 0.0, 196.0, 0.0, 'AG191U', 298, 410, 21, 69, 109, 6, 1, 14, 8, 18
1, 500, 8.0, 0.0, 8.0, 0.0, '3Z8GLL', 297, 388, 16, 66, 96, 18, 3, 16, 7, 1
1, 500, 86.0, 0.0, 86.0, 0.0, 'FKWLLX', 293, 397, 23, 59, 101, 8, 3, 27, 24, 9
1, 500, 23.0, 0.0, 23.0, 0.0, '5Y9DUF', 301, 402, 18, 64, 89, 16, 1, 11, 7, 29
1, 500, 26.0, 0.0, 26.0, 0.0, 'L7X3HT', 295, 409, 18, 72, 108, 11, 1, 16, 31, 29
1, 500, 26.0, 0.0, 26.0, 0.0, '2PN382', 310, 414, 24, 60, 95, 5, 3, 22, 15, 2
1, 500, 91.0, 0.0, 91.0, 0.0, 'TW7ZLS', 304, 417, 16, 59, 102, 11, 4, 13, 23, 17
1, 500, 29.0, 0.0, 29.0, 0.0, 'UME924', 295, 391, 17, 78, 96, 10, 1, 19, 25, 6
1, 500, 15.0, 0.0, 15.0, 0.0, 'VSMJFM', 292, 389, 20, 68, 101, 11, 1, 22, 38, 22
1, 500, 23.0, 0.0, 23.0, 0.0, '0LH4TH', 290, 412, 22, 64, 105, 5, 1, 20, 25, 14
1, 500, 25.0, 0.0, 25.0, 0.0, 'RB058L', 291, 393, 29, 63, 96, 5, 3, 19, 29, 26
1, 500, 59.0, 0.0, 59.0, 0.0, '4IDV9L', 286, 386, 20, 65, 95, 8, 1, 24, 31, 7
1, 500, 26.0, 0.0, 26.0, 0.0, 'U2UFBD', 320, 382, 16, 75, 101, 9, 1, 20, 6, 11
1, 500, 21.0, 0.0, 21.0, 0.0, '3YTXCN', 294, 386, 21, 72, 109, 6, 3, 8, 25, 4
1, 500, 87.0, 0.0, 87.0, 0.0, 'R6ILL4', 292, 413, 15, 67, 124, 5, 5, 20, 26, 10
1, 500, 29.0, 0.0, 29.0, 0.0, 'OCGC9B', 291, 391, 14, 80, 110, 11, 1, 14, 30, 1
1, 500, 269.0, 0.0, 269.0, 0.0, 'DHTCQ7', 285, 407, 20, 61, 108, 6, 8, 13, 20, 29
1, 500, 35.0, 0.0, 35.0, 0.0, 'DAG25B', 316, 431, 14, 69, 110, 6, 4, 24, 7, 1
1, 500, 26.0, 0.0, 26.0, 0.0, 'A08NGJ', 300, 400, 28, 70, 104, 7, 4, 9, 37, 1
1, 500, 40.0, 0.0, 40.0, 0.0, '4REDFV', 288, 393, 15, 72, 118, 6, 2, 3, 33, 5
1, 500, 228.0, 0.0, 228.0, 0.0, 'AZ2QGO', 305, 394, 15, 75, 112, 8, 1, 8, 21, 7
1, 500, 19.0, 0.0, 19.0, 0.0, '9Y4HF1', 313, 398, 13, 78, 88, 5, 1, 12, 6, 1
1, 500, 14.0, 0.0, 14.0, 0.0, 'RTRISZ', 296, 392, 14, 57, 113, 17, 7, 14, 16, 10
1, 500, 190.0, 0.0, 190.0, 0.0, 'CQWDEV', 297, 393, 10, 62, 91, 16, 4, 12, 23, 13
1, 500, 14.0, 0.0, 14.0, 0.0, 'A5G6YH', 282, 392, 21, 75, 106, 6, 1, 18, 30, 26
1, 500, 252.0, 0.0, 252.0, 0.0, '3BX5K5', 298, 378, 16, 80, 88.0, 11, 8, 11, 36, 22
1, 500, 18.0, 0.0, 18.0, 0.0, 'NI2TW3', 304, 391, 19, 73, 112, 14, 3, 13, 1, 24
1, 500, 20.0, 0.0, 20.0, 0.0, '1SHHE0', 309, 408, 16, 70, 105, 12, 1, 6, 25, 4
1, 500, 144.0, 0.0, 144.0, 0.0, 'RKVHSO', 300, 420, 19, 74, 99, 5, 4, 9, 21, 11
1, 500, 80.0, 0.0, 80.0, 0.0, '9M6DBL', 306, 416, 19, 60, 100, 8, 1, 16, 14, 20
1, 500, 23.0, 0.0, 23.0, 0.0, 'IQ7XKQ', 301, 387, 16, 67, 119, 7, 1, 13, 32, 10
1, 500, 22.0, 0.0, 22.0, 0.0, 'Q8M9OR', 309, 395, 24, 67, 88, 18, 1, 21, 26, 13
1, 500, 30.0, 0.0, 30.0, 0.0, 'CTGNFM', 306, 403, 20, 66, 110, 16, 1, 4, 44, 5
1, 500, 153.0, 0.0, 153.0, 0.0, 'QHKYVA', 304, 372, 25, 68, 99, 5, 6, 12, 19, 20
1, 500, 35.0, 0.0, 35.0, 0.0, 'HH0HZ6', 298, 402, 22, 76, 107, 9, 2, 15, 22, 15
1, 500, 119.0, 0.0, 119.0, 0.0, 'DKM9SI', 295, 362, 13, 70, 96, 14, 6, 13, 38, 29
1, 500, 17.0, 0.0, 17.0, 0.0, 'ZHJB7Y', 302, 390, 26, 62, 80, 8, 3, 11, 6, 6
1, 500, 17.0, 0.0, 17.0, 0.0, 'CUGQPW', 299, 387, 21, 75, 100, 10, 2, 9, 26, 6
1, 500, 16.0, 0.0, 16.0, 0.0, 'R9FVZZ', 307, 413, 29, 54, 90, 5, 1, 8, 17, 16
1, 500, 81.0, 0.0, 81.0, 0.0, 'ASZLW7', 306, 392, 19, 67, 89, 11, 4, 13, 45, 12
1, 500, 108.0, 0.0, 108.0, 0.0, 'BOYZKB', 307, 414, 20, 85, 93.50000000000001, 8, 1, 16, 16, 14
1, 500, 10.0, 0.0, 10.0, 0.0, 'SD2QOM', 294, 394, 17, 62, 101, 18, 1, 22, 13, 1
1, 500, 18.0, 0.0, 18.0, 0.0, 'YGXJRY', 285, 410, 26, 60, 108, 9, 1, 16, 35, 10
1, 500, 14.0, 0.0, 14.0, 0.0, 'FJGP1U', 297, 394, 21, 68, 94, 18, 1, 16, 21, 1
1, 500, 139.0, 0.0, 139.0, 0.0, '5L4I5D', 311, 413, 16, 63, 103, 8, 4, 14, 31, 5
1, 500, 33.0, 0.0, 33.0, 0.0, 'XLNURM', 288, 373, 18, 68, 104, 11, 1, 17, 15, 14
1, 500, 66.0, 0.0, 66.0, 0.0, 'LI8DCR', 291, 390, 16, 72, 112, 6, 5, 14, 22, 4
1, 500, 106.0, 0.0, 106.0, 0.0, '21S356', 304, 410, 20, 81, 111, 5, 7, 15, 28, 11
1, 500, 22.0, 0.0, 22.0, 0.0, 'A2KGZA', 288, 400, 19, 56, 93, 21, 1, 18, 23, 28
1, 500, 99.0, 0.0, 99.0, 0.0, 'C8LB43', 296, 389, 18, 67, 78, 10, 1, 17, 20, 12
1, 500, 20.0, 0.0, 20.0, 0.0, 'Z5KQ8A', 307, 419, 25, 63, 90, 14, 1, 9, 41, 1
1, 500, 9.0, 0.0, 9.0, 0.0, 'AKSRJX', 299, 388, 29, 75, 113, 5, 1, 18, 27, 5
1, 500, 26.0, 0.0, 26.0, 0.0, 'AFA840', 292, 396, 18, 66, 90, 16, 1, 23, 31, 1
1, 500, 500.0, 0.0, 500.0, 0.0, 'N1R631', 307, 395, 11, 63, 106, 5, 3, 22, 20, 18
1, 500, 208.0, 0.0, 208.0, 0.0, 'YQ9VPI', 302, 382, 18, 71, 90, 9, 1, 13, 18, 27
1, 500, 20.0, 0.0, 20.0, 0.0, '7FWJG1', 293, 377, 7, 95, 104.50000000000001, 6, 1, 15, 30, 24
1, 500, 76.0, 0.0, 76.0, 0.0, 'UCYEFP', 306, 402, 17, 75, 93, 7, 5, 12, 31, 2
1, 500, 27.0, 0.0, 27.0, 0.0, 'SU6YK7', 294, 367, 16, 75, 91, 11, 1, 10, 35, 9
1, 500, 11.0, 0.0, 11.0, 0.0, 'SPWSCG', 319, 409, 18, 56, 101, 18, 3, 20, 22, 3
1, 500, 24.0, 0.0, 24.0, 0.0, 'RD1VUE', 296, 403, 20, 64, 109, 7, 4, 10, 27, 12
1, 500, 23.0, 0.0, 23.0, 0.0, 'Y6K0KT', 312, 387, 28, 78, 94, 13, 2, 14, 22, 1
1, 500, 98.0, 0.0, 98.0, 0.0, 'JMOHRO', 301, 376, 16, 61, 84, 8, 4, 9, 41, 11
1, 500, 14.0, 0.0, 14.0, 0.0, 'SUR9YE', 299, 400, 22, 75, 96, 18, 3, 15, 24, 9
1, 500, 14.0, 0.0, 14.0, 0.0, '7WHVIX', 304, 419, 23, 65, 113, 18, 7, 16, 39, 1
1, 500, 33.0, 0.0, 33.0, 0.0, 'K7FU67', 305, 393, 16, 73, 111, 6, 5, 18, 31, 9
1, 500, 21.0, 0.0, 21.0, 0.0, 'E49B2W', 291, 383, 16, 83, 91.30000000000001, 7, 1, 20, 27, 1
1, 500, 101.0, 0.0, 101.0, 0.0, 'BUT6F8', 310, 387, 17, 69, 81, 10, 8, 10, 19, 10
1, 500, 20.0, 0.0, 20.0, 0.0, 'JM166B', 298, 392, 23, 45, 104, 5, 5, 18, 23, 10
1, 500, 17.0, 0.0, 17.0, 0.0, 'U3PTWC', 308, 390, 19, 79, 90, 10, 1, 14, 24, 15
1, 500, 32.0, 0.0, 32.0, 0.0, 'GD25O8', 291, 398, 15, 65, 96, 11, 1, 12, 11, 5
1, 500, 16.0, 0.0, 16.0, 0.0, 'AC07AO', 303, 372, 27, 78, 113, 6, 8, 19, 13, 1
1, 500, 32.0, 0.0, 32.0, 0.0, 'XPBCFD', 308, 391, 20, 63, 98, 13, 1, 23, 21, 6
1, 500, 46.0, 0.0, 46.0, 0.0, '0COT4Y', 286, 394, 15, 70, 84, 12, 2, 26, 39, 3
1, 500, 377.0, 0.0, 377.0, 0.0, 'N8XAUM', 302, 403, 21, 77, 107, 5, 1, 8, 28, 25
1, 500, 22.0, 0.0, 22.0, 0.0, 'DVEH3A', 296, 390, 17, 65, 113, 11, 1, 21, 19, 13
1, 500, 23.0, 0.0, 23.0, 0.0, 'ZFCH88', 309, 401, 22, 80, 106, 16, 1, 14, 46, 2
1, 500, 12.0, 0.0, 12.0, 0.0, 'QMKA79', 297, 379, 23, 59, 109, 10, 1, 18, 25, 11
1, 500, 74.0, 0.0, 74.0, 0.0, 'U221O1', 307, 390, 17, 58, 105, 11, 1, 8, 27, 24
1, 500, 58.0, 0.0, 58.0, 0.0, '886LQE', 290, 424, 27, 66, 77, 9, 3, 15, 22, 21
1, 500, 22.0, 0.0, 22.0, 0.0, 'FKBEMX', 305, 409, 23, 67, 83, 6, 1, 20, 24, 2
1, 500, 20.0, 0.0, 20.0, 0.0, 'QK7792', 315, 403, 23, 71, 88, 16, 1, 15, 11, 17
1, 500, 12.0, 0.0, 12.0, 0.0, 'EJ3W5I', 301, 379, 22, 60, 112, 5, 1, 10, 25, 1
1, 500, 44.0, 0.0, 44.0, 0.0, 'Y0SRZJ', 299, 407, 23, 81, 110, 13, 4, 11, 14, 1
1, 500, 17.0, 0.0, 17.0, 0.0, 'H4TANW', 318, 435, 21, 81, 94, 12, 6, 20, 21, 3
1, 500, 109.0, 0.0, 109.0, 0.0, 'SGW3AN', 306, 419, 18, 100, 110.00000000000001, 12, 1, 26, 20, 8
1, 500, 123.0, 0.0, 123.0, 0.0, 'OE8LRY', 287, 395, 9, 44, 102, 13, 1, 19, 25, 10
1, 500, 26.0, 0.0, 26.0, 0.0, 'KKRRT4', 303, 409, 17, 85, 95, 7, 1, 17, 7, 5
1, 500, 13.0, 0.0, 13.0, 0.0, 'AF84KR', 310, 405, 22, 61, 107, 12, 1, 21, 38, 13
1, 500, 79.0, 0.0, 79.0, 0.0, '07RM99', 301, 410, 17, 100, 110.00000000000001, 14, 3, 12, 39, 19
1, 500, 18.0, 0.0, 18.0, 0.0, 'TOS1WL', 292, 400, 25, 61, 93, 5, 3, 14, 22, 12
1, 500, 25.0, 0.0, 25.0, 0.0, 'HA5SVS', 309, 396, 17, 91, 114, 5, 4, 16, 18, 1
1, 500, 15.0, 0.0, 15.0, 0.0, 'ZJEW4X', 298, 415, 23, 71, 103, 10, 9, 8, 17, 1
1, 500, 26.0, 0.0, 26.0, 0.0, '6IGGVB', 292, 393, 19, 65, 89, 12, 3, 22, 29, 2
1, 500, 93.0, 0.0, 93.0, 0.0, '6KFGHU', 270, 396, 13, 68, 106, 12, 1, 12, 16, 12
1, 500, 24.0, 0.0, 24.0, 0.0, 'DA8ANF', 305, 415, 24, 82, 92, 13, 3, 12, 29, 15
1, 500, 136.0, 0.0, 136.0, 0.0, '6BKWAD', 299, 396, 15, 75, 88, 12, 3, 17, 21, 14
1, 500, 17.0, 0.0, 17.0, 0.0, 'ZXBETZ', 295, 401, 23, 72, 101, 18, 1, 16, 29, 15
1, 500, 170.0, 0.0, 170.0, 0.0, 'RUKOCE', 296, 387, 22, 69, 104, 9, 7, 14, 38, 20
1, 500, 15.0, 0.0, 15.0, 0.0, 'TY2103', 294, 408, 22, 65, 101, 5, 1, 7, 12, 13
1, 500, 88.0, 0.0, 88.0, 0.0, 'BDBWK3', 299, 407, 16, 61, 93, 10, 2, 17, 19, 19
1, 500, 51.0, 0.0, 51.0, 0.0, 'CTNSSN', 301, 387, 17, 50, 94, 11, 1, 16, 32, 35
1, 500, 100.0, 0.0, 100.0, 0.0, 'GFM06Z', 284, 411, 20, 79, 94, 10, 3, 9, 32, 15
1, 500, 173.0, 0.0, 173.0, 0.0, '90AIR9', 306, 385, 19, 55, 96, 6, 5, 23, 38, 17
1, 500, 15.0, 0.0, 15.0, 0.0, 'B9Z9AF', 294, 420, 21, 64, 99, 9, 1, 8, 7, 5
1, 500, 20.0, 0.0, 20.0, 0.0, 'O1R5NF', 282, 402, 13, 64, 101, 12, 1, 20, 20, 11
1, 500, 31.0, 0.0, 31.0, 0.0, '6NSQTF', 290, 361, 18, 73, 103, 11, 1, 18, 23, 2
1, 500, 34.0, 0.0, 34.0, 0.0, '0F9J81', 300, 422, 17, 82, 93, 5, 8, 11, 23, 1
1, 500, 41.0, 0.0, 41.0, 0.0, '5XC3U1', 305, 402, 10, 73, 98, 15, 3, 21, 40, 1
1, 500, 18.0, 0.0, 18.0, 0.0, '5CU4RX', 307, 385, 29, 73, 100, 5, 1, 27, 29, 9
1, 500, 22.0, 0.0, 22.0, 0.0, 'US6JC2', 301, 398, 25, 68, 106, 6, 1, 10, 36, 24
1, 500, 35.0, 0.0, 35.0, 0.0, 'C8YDY5', 302, 405, 13, 80, 105, 16, 2, 17, 12, 13
1, 500, 23.0, 0.0, 23.0, 0.0, 'S89XTQ', 287, 383, 21, 60, 111, 12, 6, 18, 19, 1
1, 500, 7.0, 0.0, 7.0, 0.0, 'ZSWM5R', 300, 400, 16, 65, 109, 16, 8, 9, 29, 1
1, 500, 48.0, 0.0, 48.0, 0.0, 'F64Z8A', 301, 410, 23, 67, 115, 10, 2, 17, 32, 14
1, 500, 28.0, 0.0, 28.0, 0.0, '4S1GUS', 294, 427, 15, 62, 111, 14, 3, 8, 19, 5
1, 500, 70.0, 0.0, 70.0, 0.0, '55FTU4', 297, 410, 20, 64, 118, 8, 1, 14, 24, 23
1, 500, 175.0, 0.0, 175.0, 0.0, 'S1UV6E', 308, 383, 27, 61, 91, 15, 1, 25, 25, 25
1, 500, 25.0, 0.0, 25.0, 0.0, 'D1KF6I', 305, 431, 21, 63, 91, 7, 4, 14, 16, 7
1, 500, 24.0, 0.0, 24.0, 0.0, 'MJZ2SH', 277, 405, 20, 53, 107, 19, 1, 15, 28, 3
1, 500, 53.0, 0.0, 53.0, 0.0, 'WBRH7V', 296, 373, 15, 72, 100, 6, 4, 12, 14, 5
1, 500, 16.0, 0.0, 16.0, 0.0, 'YM8E1R', 301, 379, 17, 63, 89, 19, 1, 17, 25, 1
1, 500, 34.0, 0.0, 34.0, 0.0, 'W8KPM3', 302, 385, 19, 79, 109, 13, 7, 15, 27, 3
1, 500, 17.0, 0.0, 17.0, 0.0, 'UDP8R8', 303, 411, 22, 72, 110, 9, 1, 23, 8, 7
1, 500, 27.0, 0.0, 27.0, 0.0, 'X4BJW9', 306, 420, 12, 80, 113, 14, 1, 18, 29, 8
1, 500, 105.0, 0.0, 105.0, 0.0, 'VUPTY6', 305, 376, 21, 79, 97, 10, 2, 16, 34, 26
1, 500, 88.0, 0.0, 88.0, 0.0, 'AVWHGV', 300, 395, 11, 55, 103, 6, 4, 20, 23, 9
1, 500, 27.0, 0.0, 27.0, 0.0, 'KRAMR8', 286, 416, 29, 65, 94, 14, 4, 10, 28, 19
1, 500, 23.0, 0.0, 23.0, 0.0, 'PZ8MQ8', 299, 396, 16, 74, 107, 15, 4, 19, 31, 1
1, 500, 22.0, 0.0, 22.0, 0.0, '552JQ7', 293, 427, 20, 80, 88.0, 12, 7, 18, 15, 6
1, 500, 40.0, 0.0, 40.0, 0.0, 'TYY9XY', 295, 401, 11, 67, 94, 5, 6, 25, 32, 1
1, 500, 18.0, 0.0, 18.0, 0.0, 'BBM1CF', 295, 377, 14, 99, 115, 12, 5, 22, 5, 13
1, 500, 24.0, 0.0, 24.0, 0.0, 'OKRFAH', 295, 396, 15, 62, 94, 5, 3, 19, 24, 17
1, 500, 30.0, 0.0, 30.0, 0.0, 'XR3MTQ', 303, 404, 18, 71, 96, 8, 3, 14, 22, 1
1, 500, 46.0, 0.0, 46.0, 0.0, 'GHRVJX', 282, 411, 17, 59, 85, 6, 1, 21, 20, 34
1, 500, 20.0, 0.0, 20.0, 0.0, 'JL95SY', 299, 400, 21, 55, 111, 12, 3, 14, 26, 7
1, 500, 95.0, 0.0, 95.0, 0.0, 'G4ZHI9', 290, 406, 21, 70, 89, 6, 6, 13, 18, 10
1, 500, 52.0, 0.0, 52.0, 0.0, 'HTXQ8W', 291, 430, 23, 75, 91, 13, 2, 18, 13, 17
1, 500, 76.0, 0.0, 76.0, 0.0, 'OP43H9', 284, 399, 21, 70, 92, 5, 3, 16, 16, 10
1, 500, 182.0, 0.0, 182.0, 0.0, 'Y5174J', 292, 400, 21, 81, 89.10000000000001, 11, 3, 19, 19, 27
1, 500, 285.0, 0.0, 285.0, 0.0, 'U57KDG', 283, 409, 11, 65, 114, 9, 4, 11, 32, 7
1, 500, 18.0, 0.0, 18.0, 0.0, 'DDDJD2', 298, 408, 24, 77, 103, 8, 4, 16, 4, 6
1, 500, 29.0, 0.0, 29.0, 0.0, 'XSNTV0', 298, 368, 20, 68, 102, 9, 1, 14, 22, 1
1, 500, 12.0, 0.0, 12.0, 0.0, 'T5O8P1', 301, 388, 16, 61, 109, 15, 3, 11, 10, 7
1, 500, 294.0, 0.0, 294.0, 0.0, '81GYZ7', 296, 398, 19, 86, 98, 7, 4, 18, 28, 13
1, 500, 39.0, 0.0, 39.0, 0.0, 'LG701C', 301, 397, 27, 64, 110, 16, 3, 15, 8, 28
1, 500, 33.0, 0.0, 33.0, 0.0, 'OUS4BQ', 305, 395, 17, 71, 102, 13, 1, 17, 22, 6
1, 500, 20.0, 0.0, 20.0, 0.0, 'GL3NQF', 271, 395, 27, 58, 110, 13, 4, 13, 21, 18
1, 500, 61.0, 0.0, 61.0, 0.0, 'GIUJ5C', 285, 393, 14, 68, 88, 9, 7, 19, 17, 10
1, 500, 25.0, 0.0, 25.0, 0.0, 'JCOWK5', 307, 398, 15, 78, 97, 5, 1, 19, 11, 10
1, 500, 36.0, 0.0, 36.0, 0.0, '4O6SI5', 305, 413, 26, 78, 91, 8, 7, 14, 21, 13
1, 500, 43.0, 0.0, 43.0, 0.0, 'M11T0A', 294, 400, 13, 77, 93, 15, 2, 16, 23, 10
1, 500, 14.0, 0.0, 14.0, 0.0, 'QNFS13', 288, 407, 21, 63, 101, 10, 1, 4, 25, 1
1, 500, 22.0, 0.0, 22.0, 0.0, '8OP0DV', 299, 380, 25, 82, 96, 5, 2, 15, 17, 11
1, 500, 19.0, 0.0, 19.0, 0.0, 'PCBZUB', 292, 411, 19, 63, 104, 15, 1, 14, 22, 1
1, 500, 40.0, 0.0, 40.0, 0.0, 'HVAM6A', 324, 406, 24, 75, 107, 9, 1, 15, 18, 1
1, 500, 279.0, 0.0, 279.0, 0.0, 'O3IU28', 291, 387, 19, 72, 102, 17, 7, 12, 33, 17
1, 500, 112.0, 0.0, 112.0, 0.0, 'GDSWF0', 294, 404, 12, 44, 94, 10, 1, 19, 19, 6
1, 500, 34.0, 0.0, 34.0, 0.0, 'ANPI2F', 310, 400, 20, 79, 108, 5, 5, 21, 24, 1
1, 500, 26.0, 0.0, 26.0, 0.0, '1J2UKY', 291, 408, 13, 56, 94, 11, 1, 20, 23, 14
1, 500, 17.0, 0.0, 17.0, 0.0, 'E3SV4E', 300, 391, 23, 79, 110, 5, 2, 22, 25, 3
1, 500, 41.0, 0.0, 41.0, 0.0, 'S7XQG0', 295, 393, 31, 69, 94, 5, 3, 14, 34, 30
1, 500, 12.0, 0.0, 12.0, 0.0, 'SITF7D', 288, 412, 28, 84, 99, 9, 2, 17, 22, 3
1, 500, 12.0, 0.0, 12.0, 0.0, 'KXILUQ', 300, 415, 26, 83, 108, 19, 3, 24, 31, 6
1, 500, 113.0, 0.0, 113.0, 0.0, 'U0045G', 299, 386, 18, 75, 95, 10, 1, 18, 1, 15
1, 500, 15.0, 0.0, 15.0, 0.0, 'X6VLS0', 309, 401, 28, 72, 109, 8, 6, 18, 22, 15
1, 500, 27.0, 0.0, 27.0, 0.0, 'P61FM9', 307, 386, 20, 80, 96, 13, 4, 17, 18, 5
1, 500, 58.0, 0.0, 58.0, 0.0, 'P8PY6I', 305, 379, 19, 77, 111, 5, 4, 13, 51, 1
1, 500, 26.0, 0.0, 26.0, 0.0, 'SXNR94', 298, 403, 31, 84, 99, 5, 2, 19, 16, 10
1, 500, 12.0, 0.0, 12.0, 0.0, 'V4KI5P', 299, 403, 22, 73, 113, 13, 4, 20, 2, 1
1, 500, 36.0, 0.0, 36.0, 0.0, '89BRGO', 289, 429, 7, 60, 104, 5, 3, 17, 11, 2
1, 500, 20.0, 0.0, 20.0, 0.0, 'E8YPXX', 295, 420, 18, 59, 98, 13, 2, 12, 11, 4
1, 500, 24.0, 0.0, 24.0, 0.0, 'NZTB45', 309, 416, 26, 89, 97.9, 14, 3, 4, 28, 5
1, 500, 29.0, 0.0, 29.0, 0.0, '1ZAA3M', 307, 408, 20, 70, 98, 10, 1, 28, 35, 5
1, 500, 46.0, 0.0, 46.0, 0.0, '52S7OM', 313, 419, 16, 69, 94, 12, 1, 12, 33, 16
1, 500, 20.0, 0.0, 20.0, 0.0, 'C4LM7P', 298, 408, 26, 37, 112, 12, 5, 15, 29, 18
1, 500, 21.0, 0.0, 21.0, 0.0, 'GZTEQG', 292, 392, 21, 69, 104, 17, 1, 18, 22, 17
1, 500, 17.0, 0.0, 17.0, 0.0, 'Y52TYT', 321, 385, 28, 73, 109, 16, 1, 17, 26, 13
1, 500, 12.0, 0.0, 12.0, 0.0, 'HINZ31', 304, 378, 17, 42, 86, 5, 5, 10, 16, 1
1, 500, 17.0, 0.0, 17.0, 0.0, 'MWNW17', 295, 383, 31, 62, 104, 14, 2, 22, 22, 1
1, 500, 9.0, 0.0, 9.0, 0.0, 'HILDYT', 311, 412, 19, 75, 106, 14, 9, 18, 27, 1
1, 500, 30.0, 0.0, 30.0, 0.0, 'VYKYWR', 298, 401, 21, 72, 99, 5, 5, 14, 18, 17
1, 500, 149.0, 0.0, 149.0, 0.0, '4JHB0S', 288, 385, 17, 74, 103, 6, 3, 22, 11, 21
1, 500, 19.0, 0.0, 19.0, 0.0, 'QHAWIR', 298, 403, 26, 75, 113, 5, 5, 14, 38, 24
1, 500, 18.0, 0.0, 18.0, 0.0, 'FQIZNV', 303, 426, 17, 56, 106, 5, 1, 25, 15, 21
1, 500, 261.0, 0.0, 261.0, 0.0, 'WC7QEY', 275, 392, 19, 84, 98, 8, 2, 21, 29, 20
1, 500, 91.0, 0.0, 91.0, 0.0, '5NJ91X', 288, 375, 18, 52, 97, 5, 6, 14, 33, 13
1, 500, 16.0, 0.0, 16.0, 0.0, '166C3D', 308, 383, 17, 56, 100, 13, 2, 16, 29, 1
1, 500, 18.0, 0.0, 18.0, 0.0, 'PZV10O', 294, 387, 23, 66, 96, 18, 3, 14, 6, 18
1, 500, 65.0, 0.0, 65.0, 0.0, '0VQHKR', 291, 387, 15, 73, 110, 7, 4, 9, 24, 20
1, 500, 69.0, 0.0, 69.0, 0.0, 'NHD60G', 306, 394, 5, 64, 107, 5, 8, 9, 36, 31
1, 500, 500.0, 0.0, 500.0, 0.0, 'J0HVZ9', 316, 412, 5, 59, 99, 5, 9, 18, 18, 39
1, 500, 163.0, 0.0, 163.0, 0.0, '22DOIN', 322, 419, 5, 68, 76, 5, 13, 22, 23, 44
1, 500, 88.0, 0.0, 88.0, 0.0, 'K6P3Z9', 326, 437, 5, 60, 70, 5, 13, 19, 29, 51
1, 500, 333.0, 0.0, 333.0, 0.0, 'D8B2AZ', 320, 444, 5, 59, 89, 6, 12, 11, 11, 49
1, 500, 81.0, 0.0, 81.0, 0.0, 'VY8WMH', 314, 459, 5, 43, 95, 6, 10, 8, 1, 35
1, 500, 167.0, 0.0, 167.0, 0.0, '48K7CT', 318, 467, 5, 36, 100, 5, 8, 13, 9, 42
1, 500, 133.0, 0.0, 133.0, 0.0, '94B3U1', 302, 495, 11, 47, 89, 5, 5, 14, 14, 47
1, 500, 177.0, 0.0, 177.0, 0.0, 'DAHSVC', 297, 498, 15, 31, 88, 12, 5, 9, 23, 39
1, 500, 13.0, 0.0, 13.0, 0.0, 'H88I2T', 292, 507, 12, 28, 76, 15, 9, 14, 19, 51
1, 500, 253.0, 0.0, 253.0, 0.0, '9HPUUG', 300, 513, 19, 20, 83, 14, 8, 21, 40, 69
1, 500, 500.0, 0.0, 500.0, 0.0, 'C9OOZ7', 306, 504, 18, 14, 82, 5, 6, 7, 47, 67
1, 500, 95.0, 0.0, 95.0, 0.0, 'PBAZ59', 311, 508, 19, 9, 82, 5, 4, 1, 53, 79
1, 500, 3.0, 0.0, 3.0, 0.0, '6OOF8E', 311, 502, 19, 0, 86, 5, 6, 5, 47, 67
1, 500, 467.0, 0.0, 467.0, 0.0, 'GG9HN8', 308, 510, 15, 14, 80, 5, 6, 8, 47, 64
1, 500, 85.0, 0.0, 85.0, 0.0, 'K93FBM', 302, 540, 17, 19, 80, 5, 6, 10, 43, 53
1, 500, 500.0, 0.0, 500.0, 0.0, 'ABSXPI', 279, 534, 15, 17, 80, 5, 10, 4, 55, 62
1, 500, 2.0, 0.0, 2.0, 0.0, 'L3Q34V', 278, 533, 15, 13, 84, 5, 11, 1, 58, 68
1, 500, 500.0, 0.0, 500.0, 0.0, 'HWQVKU', 282, 539, 14, 22, 81, 5, 9, 10, 46, 66
1, 500, 500.0, 0.0, 500.0, 0.0, 'UZXEXF', 266, 535, 14, 30, 82, 5, 12, 7, 61, 63
1, 500, 500.0, 0.0, 500.0, 0.0, 'LCN51M', 265, 535, 13, 20, 81, 5, 10, 7, 66, 62
1, 500, 260.0, 0.0, 260.0, 0.0, 'GKYN2Y', 263, 537, 12, 31, 68, 5, 10, 8, 78, 61
1, 500, 223.0, 0.0, 223.0, 0.0, 'E08229', 264, 552, 10, 29, 72, 5, 9, 7, 67, 65
1, 500, 500.0, 0.0, 500.0, 0.0, 'GLH6RU', 273, 561, 15, 27, 93, 5, 11, 10, 46, 67
1, 500, 500.0, 0.0, 500.0, 0.0, '4USMNL', 283, 581, 15, 16, 87, 5, 8, 11, 50, 65
1, 500, 7.0, 0.0, 7.0, 0.0, 'RN5YR6', 278, 592, 14, 19, 104, 5, 6, 8, 58, 67
1, 500, 324.0, 0.0, 324.0, 0.0, 'QYPWJZ', 280, 570, 15, 22, 87, 5, 9, 10, 52, 64
1, 500, 465.0, 0.0, 465.0, 0.0, 'J0BILI', 273, 542, 16, 23, 81, 11, 8, 9, 50, 60
1, 500, 372.0, 0.0, 372.0, 0.0, 'RJOB95', 266, 535, 11, 25, 85, 10, 10, 10, 50, 57
1, 500, 242.0, 0.0, 242.0, 0.0, 'NA70J9', 278, 538, 14, 22, 89, 11, 11, 7, 55, 64
1, 500, 227.0, 0.0, 227.0, 0.0, 'GLPXBW', 265, 542, 19, 18, 87, 7, 10, 5, 46, 58
1, 500, 500.0, 0.0, 500.0, 0.0, 'G9T18S', 272, 559, 15, 22, 87, 5, 9, 5, 49, 57
1, 500, 500.0, 0.0, 500.0, 0.0, '7K8SDW', 274, 543, 16, 46, 77, 5, 8, 8, 41, 63
1, 500, 154.0, 0.0, 154.0, 0.0, 'YPKER9', 271, 560, 15, 53, 83, 5, 9, 10, 19, 66
1, 500, 500.0, 0.0, 500.0, 0.0, 'OWZSXO', 284, 580, 15, 44, 93, 5, 8, 18, 43, 59
1, 500, 500.0, 0.0, 500.0, 0.0, 'V80KIB', 283, 569, 14, 45, 95, 5, 9, 11, 44, 59
1, 500, 149.0, 0.0, 149.0, 0.0, 'DURJZ1', 278, 564, 12, 23, 89, 5, 8, 14, 43, 61
1, 500, 189.0, 0.0, 189.0, 0.0, 'J09LS6', 274, 545, 16, 28, 96, 5, 15, 13, 47, 65
1, 500, 3.0, 0.0, 3.0, 0.0, 'MSLLTD', 279, 542, 18, 22, 84, 5, 13, 8, 46, 62
1, 500, 500.0, 0.0, 500.0, 0.0, 'OQHWE0', 289, 536, 16, 19, 82, 9, 11, 7, 59, 60
1, 500, 500.0, 0.0, 500.0, 0.0, 'FTB4SA', 274, 547, 17, 17, 77, 5, 9, 5, 66, 67
1, 500, 371.0, 0.0, 371.0, 0.0, 'R2U1WO', 287, 569, 15, 42, 68, 5, 12, 11, 59, 61
1, 500, 232.0, 0.0, 232.0, 0.0, '1B5IQH', 271, 562, 14, 48, 64, 5, 11, 7, 65, 60
1, 500, 500.0, 0.0, 500.0, 0.0, 'V857S8', 284, 557, 7, 42, 62, 8, 12, 7, 51, 58
1, 500, 259.0, 0.0, 259.0, 0.0, 'LIJIKP', 287, 579, 5, 47, 78, 5, 8, 6, 49, 62
1, 500, 167.0, 0.0, 167.0, 0.0, 'O52B64', 300, 572, 5, 43, 73, 8, 10, 9, 50, 61
1, 500, 79.0, 0.0, 79.0, 0.0, '5THDHR', 274, 554, 5, 38, 82, 5, 12, 7, 48, 60
1, 500, 7.0, 0.0, 7.0, 0.0, 'EVETWG', 265, 549, 16, 16, 77, 10, 12, 9, 69, 58
1, 500, 500.0, 0.0, 500.0, 0.0, 'WR6HY6', 267, 555, 15, 24, 82, 5, 9, 13, 62, 59
1, 500, 500.0, 0.0, 500.0, 0.0, 'ESYYLL', 269, 559, 15, 35, 80, 7, 8, 16, 60, 67
1, 500, 500.0, 0.0, 500.0, 0.0, 'MJ2LPX', 278, 560, 15, 35, 85, 5, 9, 15, 54, 64
1, 500, 487.0, 0.0, 487.0, 0.0, '8DCD7U', 268, 545, 15, 28, 77, 5, 10, 14, 44, 64
1, 500, 277.0, 0.0, 277.0, 0.0, '9YQUIQ', 267, 561, 17, 22, 75, 5, 10, 13, 58, 65
1, 500, 6.0, 0.0, 6.0, 0.0, 'GTE7C4', 268, 545, 13, 22, 78, 9, 10, 3, 56, 61
1, 500, 301.0, 0.0, 301.0, 0.0, 'T63BRC', 285, 534, 16, 32, 67, 5, 11, 7, 63, 65
1, 500, 500.0, 0.0, 500.0, 0.0, 'LHC463', 286, 547, 17, 36, 79, 8, 9, 14, 51, 56
1, 500, 500.0, 0.0, 500.0, 0.0, 'NDH5Y7', 284, 558, 15, 30, 85, 7, 9, 10, 58, 62
1, 500, 165.0, 0.0, 165.0, 0.0, '9O2IUC', 276, 552, 15, 47, 80, 5, 10, 11, 53, 61
1, 500, 500.0, 0.0, 500.0, 0.0, 'ISJS3P', 276, 559, 18, 32, 85, 5, 8, 10, 53, 57
1, 500, 131.0, 0.0, 131.0, 0.0, 'D8YQNV', 278, 545, 14, 41, 79, 5, 8, 10, 64, 73
1, 500, 228.0, 0.0, 228.0, 0.0, 'E7JOKW', 271, 563, 15, 25, 78, 5, 10, 16, 54, 76
1, 500, 486.0, 0.0, 486.0, 0.0, '59AJKN', 281, 563, 16, 33, 84, 5, 11, 21, 65, 70
1, 500, 386.0, 0.0, 386.0, 0.0, 'DD2L0U', 284, 556, 15, 34, 83, 5, 11, 22, 61, 55
1, 500, 247.0, 0.0, 247.0, 0.0, 'EGIP3S', 278, 557, 15, 41, 77, 5, 8, 22, 55, 56
1, 500, 125.0, 0.0, 125.0, 0.0, 'C7B57B', 297, 546, 19, 34, 92, 5, 8, 18, 45, 64
1, 500, 500.0, 0.0, 500.0, 0.0, 'USB3CH', 282, 544, 18, 27, 79, 5, 8, 10, 39, 58
1, 500, 272.0, 0.0, 272.0, 0.0, 'J57VP6', 271, 536, 16, 41, 78, 5, 9, 13, 63, 62
1, 500, 500.0, 0.0, 500.0, 0.0, 'FBW8OI', 291, 547, 16, 42, 76, 5, 8, 16, 45, 67
1, 500, 500.0, 0.0, 500.0, 0.0, 'GQAZ1Q', 288, 567, 16, 32, 78, 5, 11, 10, 45, 66
1, 500, 312.0, 0.0, 312.0, 0.0, '0ADOMV', 286, 588, 16, 34, 91, 5, 9, 18, 32, 64
1, 500, 76.0, 0.0, 76.0, 0.0, 'I9W2IB', 287, 576, 18, 37, 83, 9, 2, 7, 45, 56
1, 500, 500.0, 0.0, 500.0, 0.0, 'JPX8LO', 291, 604, 17, 29, 82, 5, 10, 11, 57, 68
1, 500, 500.0, 0.0, 500.0, 0.0, 'MOWEQW', 306, 601, 17, 40, 80, 5, 10, 12, 51, 59
1, 500, 500.0, 0.0, 500.0, 0.0, 'CCAB43', 286, 607, 17, 37, 86, 5, 10, 6, 51, 76
1, 500, 500.0, 0.0, 500.0, 0.0, '9XTGL2', 276, 602, 17, 36, 83, 6, 8, 11, 64, 62
1, 500, 432.0, 0.0, 432.0, 0.0, 'KOFGN2', 286, 591, 16, 26, 92, 5, 10, 5, 61, 71
1, 500, 168.0, 0.0, 168.0, 0.0, 'HR6O06', 269, 591, 17, 22, 86, 9, 11, 11, 66, 65
1, 500, 500.0, 0.0, 500.0, 0.0, '44MCX1', 284, 580, 18, 21, 92, 5, 8, 9, 54, 77
1, 500, 4.0, 0.0, 4.0, 0.0, 'ZUDTM8', 290, 599, 17, 25, 84, 5, 9, 5, 55, 101
1, 500, 163.0, 0.0, 163.0, 0.0, 'GWC3KK', 283, 617, 16, 22, 81, 5, 11, 15, 53, 86
1, 500, 500.0, 0.0, 500.0, 0.0, '507DI6', 282, 624, 17, 30, 83, 5, 10, 17, 64, 70
1, 500, 169.0, 0.0, 169.0, 0.0, 'A7UEHO', 302, 606, 16, 40, 87, 5, 8, 13, 50, 59
1, 500, 500.0, 0.0, 500.0, 0.0, '356BYT', 288, 600, 15, 35, 93, 5, 11, 9, 56, 65
1, 500, 205.0, 0.0, 205.0, 0.0, '19Y07D', 283, 585, 15, 33, 89, 5, 9, 15, 65, 68
1, 500, 259.0, 0.0, 259.0, 0.0, '7OCXQS', 299, 574, 15, 20, 80, 6, 9, 14, 47, 60
1, 500, 500.0, 0.0, 500.0, 0.0, 'WFCRA7', 285, 584, 17, 25, 86, 5, 10, 14, 45, 63
1, 500, 343.0, 0.0, 343.0, 0.0, '0TEJPF', 288, 592, 16, 35, 83, 5, 11, 11, 51, 72
1, 500, 200.0, 0.0, 200.0, 0.0, '8PTRXK', 284, 581, 15, 19, 85, 5, 9, 13, 60, 69
1, 500, 402.0, 0.0, 402.0, 0.0, 'MVPFST', 285, 572, 15, 27, 71, 5, 8, 6, 46, 69
1, 500, 500.0, 0.0, 500.0, 0.0, 'DDVH57', 289, 585, 18, 33, 59, 6, 10, 6, 46, 65
1, 500, 500.0, 0.0, 500.0, 0.0, '18S038', 286, 600, 18, 28, 52, 6, 10, 10, 63, 65
1, 500, 27.0, 0.0, 27.0, 0.0, '8JKKTC', 276, 584, 17, 33, 61, 5, 10, 9, 52, 64
1, 500, 500.0, 0.0, 500.0, 0.0, 'IRR46E', 281, 599, 16, 36, 60, 5, 8, 9, 41, 62
1, 500, 500.0, 0.0, 500.0, 0.0, 'TZHHF0', 282, 616, 16, 43, 73, 5, 10, 14, 36, 60
1, 500, 500.0, 0.0, 500.0, 0.0, '3NZ5ZG', 287, 608, 16, 39, 80, 5, 8, 18, 31, 67
1, 500, 500.0, 0.0, 500.0, 0.0, 'W2G36H', 285, 603, 15, 37, 62, 8, 10, 10, 26, 62
1, 500, 500.0, 0.0, 500.0, 0.0, 'YV1WDX', 286, 582, 15, 42, 54, 5, 10, 8, 28, 67
1, 500, 327.0, 0.0, 327.0, 0.0, 'G7WVV9', 285, 589, 18, 27, 41, 5, 10, 7, 35, 56
1, 500, 110.0, 0.0, 110.0, 0.0, '73MP1W', 287, 586, 18, 31, 58, 7, 8, 9, 38, 66
1, 500, 500.0, 0.0, 500.0, 0.0, 'Z2LVO0', 292, 588, 16, 30, 62, 5, 11, 7, 38, 57
1, 500, 500.0, 0.0, 500.0, 0.0, 'FMMCTJ', 290, 594, 14, 40, 65, 5, 10, 12, 30, 65
1, 500, 444.0, 0.0, 444.0, 0.0, 'OUFTPW', 281, 570, 16, 37, 82, 8, 8, 14, 35, 63
1, 500, 393.0, 0.0, 393.0, 0.0, '9EJL8M', 284, 564, 17, 42, 75, 8, 8, 11, 13, 61
1, 500, 194.0, 0.0, 194.0, 0.0, 'X4JV8I', 284, 556, 18, 38, 76, 5, 8, 16, 13, 72
1, 500, 500.0, 0.0, 500.0, 0.0, 'L1EOB9', 286, 567, 18, 28, 79, 6, 10, 15, 9, 66
1, 500, 92.0, 0.0, 92.0, 0.0, 'FM4V5E', 281, 566, 15, 33, 88, 5, 12, 11, 2, 61
1, 500, 460.0, 0.0, 460.0, 0.0, 'C9IHMS', 266, 551, 17, 37, 96, 8, 10, 16, 19, 63
1, 500, 453.0, 0.0, 453.0, 0.0, '69251W', 251, 549, 17, 28, 94, 7, 10, 17, 12, 64
1, 500, 500.0, 0.0, 500.0, 0.0, 'JZ3WVY', 244, 558, 16, 32, 95, 5, 10, 15, 11, 57
1, 500, 500.0, 0.0, 500.0, 0.0, '7UTSQR', 251, 547, 17, 23, 86, 5, 8, 16, 13, 58
1, 500, 435.0, 0.0, 435.0, 0.0, 'GDX15Z', 237, 573, 15, 27, 89, 5, 10, 17, 24, 63
1, 500, 500.0, 0.0, 500.0, 0.0, 'S8301F', 212, 561, 14, 30, 79, 5, 9, 19, 23, 64
1, 500, 13.0, 0.0, 13.0, 0.0, 'T9Y25K', 220, 552, 15, 35, 81, 5, 8, 16, 7, 58
1, 500, 500.0, 0.0, 500.0, 0.0, 'IYZ764', 227, 549, 15, 35, 81, 12, 8, 18, 13, 64
1, 500, 500.0, 0.0, 500.0, 0.0, '284AZO', 223, 544, 16, 37, 99, 13, 11, 19, 18, 61
1, 500, 6.0, 0.0, 6.0, 0.0, '21MV9J', 218, 557, 17, 26, 93, 17, 10, 22, 20, 55
1, 500, 500.0, 0.0, 500.0, 0.0, 'QJHLDF', 227, 560, 18, 33, 72, 16, 11, 19, 26, 65
1, 500, 500.0, 0.0, 500.0, 0.0, 'RG7DIV', 236, 576, 18, 28, 64, 15, 11, 18, 42, 61
1, 500, 8.0, 0.0, 8.0, 0.0, 'PN87Y2', 229, 584, 17, 28, 78, 15, 11, 11, 47, 62
1, 500, 500.0, 0.0, 500.0, 0.0, 'NDEKJ1', 210, 576, 15, 38, 97, 5, 10, 10, 46, 67
1, 500, 500.0, 0.0, 500.0, 0.0, '42WU07', 209, 605, 16, 32, 91, 5, 8, 8, 31, 61
1, 500, 8.0, 0.0, 8.0, 0.0, 'CNX57V', 201, 609, 18, 38, 94, 5, 11, 8, 26, 59
1, 500, 305.0, 0.0, 305.0, 0.0, 'QULESB', 206, 608, 18, 39, 96, 5, 9, 14, 54, 63
1, 500, 500.0, 0.0, 500.0, 0.0, 'O8F9EQ', 217, 629, 16, 42, 96, 8, 11, 19, 35, 64
1, 500, 249.0, 0.0, 249.0, 0.0, '9V7C8Q', 214, 623, 16, 45, 79, 5, 11, 23, 44, 62
1, 500, 500.0, 0.0, 500.0, 0.0, 'RTLXJ9', 211, 633, 18, 33, 74, 12, 10, 18, 19, 58
1, 500, 500.0, 0.0, 500.0, 0.0, 'JVVIMB', 210, 639, 18, 37, 69, 9, 9, 21, 20, 60
1, 500, 230.0, 0.0, 230.0, 0.0, '5FW4U4', 217, 671, 14, 43, 51, 5, 9, 19, 23, 58
1, 500, 500.0, 0.0, 500.0, 0.0, '87BDE0', 231, 662, 18, 44, 62, 5, 10, 22, 32, 66
1, 500, 178.0, 0.0, 178.0, 0.0, '2NK0YV', 219, 685, 16, 34, 67, 6, 10, 19, 30, 62
1, 500, 500.0, 0.0, 500.0, 0.0, '82VK28', 220, 665, 13, 26, 91, 5, 9, 17, 37, 58
1, 500, 500.0, 0.0, 500.0, 0.0, '16H16N', 231, 668, 17, 20, 80, 5, 11, 16, 36, 57
1, 500, 500.0, 0.0, 500.0, 0.0, '2KHBXN', 224, 660, 13, 38, 99, 9, 9, 21, 28, 62
1, 500, 500.0, 0.0, 500.0, 0.0, 'LC305E', 240, 667, 14, 34, 89, 11, 11, 14, 23, 61
1, 500, 249.0, 0.0, 249.0, 0.0, 'YXESPB', 251, 643, 14, 38, 86, 14, 10, 13, 21, 68
1, 500, 16.0, 0.0, 16.0, 0.0, '3SGPDG', 245, 637, 14, 37, 86, 6, 10, 7, 30, 65
1, 500, 328.0, 0.0, 328.0, 0.0, 'XE4KVM', 249, 625, 15, 44, 78, 5, 10, 12, 21, 59
1, 500, 500.0, 0.0, 500.0, 0.0, 'VRS38Y', 247, 598, 18, 39, 75, 5, 8, 14, 22, 57
1, 500, 299.0, 0.0, 299.0, 0.0, 'NBZMD0', 242, 580, 16, 37, 77, 6, 10, 21, 25, 58
1, 500, 500.0, 0.0, 500.0, 0.0, '6MRTSL', 236, 586, 16, 25, 77, 5, 9, 15, 46, 66
1, 500, 141.0, 0.0, 141.0, 0.0, '4FGC6U', 219, 598, 14, 30, 76, 5, 10, 16, 36, 64
1, 500, 500.0, 0.0, 500.0, 0.0, 'YY4MUZ', 229, 618, 16, 43, 75, 5, 8, 18, 43, 66
1, 500, 460.0, 0.0, 460.0, 0.0, '2BA4RR', 220, 600, 16, 41, 66, 5, 8, 17, 23, 64
1, 500, 500.0, 0.0, 500.0, 0.0, 'FHOA7Y', 232, 607, 17, 38, 81, 11, 10, 18, 18, 63
1, 500, 500.0, 0.0, 500.0, 0.0, '4SN8XC', 237, 599, 16, 39, 75, 5, 9, 12, 20, 58
1, 500, 500.0, 0.0, 500.0, 0.0, '1MVF5D', 239, 609, 17, 25, 72, 5, 10, 16, 21, 58
1, 500, 500.0, 0.0, 500.0, 0.0, 'YW59LQ', 235, 599, 17, 37, 67, 5, 8, 15, 24, 59
1, 500, 500.0, 0.0, 500.0, 0.0, '80N6A0', 240, 613, 17, 31, 74, 5, 9, 18, 25, 60
1, 500, 255.0, 0.0, 255.0, 0.0, 'IOKIG1', 241, 614, 16, 36, 81, 7, 9, 15, 16, 63
1, 500, 14.0, 0.0, 14.0, 0.0, '8WFY9C', 243, 622, 17, 34, 78, 8, 9, 12, 18, 59
1, 500, 10.0, 0.0, 10.0, 0.0, 'N0W44J', 239, 620, 15, 33, 86, 5, 8, 12, 27, 63
1, 500, 500.0, 0.0, 500.0, 0.0, 'NVGSL0', 225, 603, 15, 41, 76, 5, 9, 6, 25, 58
1, 500, 277.0, 0.0, 277.0, 0.0, '7HJN47', 234, 598, 17, 46, 96, 5, 10, 15, 23, 57
1, 500, 14.0, 0.0, 14.0, 0.0, 'TGGNX6', 222, 598, 16, 40, 99, 5, 12, 11, 25, 66
1, 500, 500.0, 0.0, 500.0, 0.0, 'TWLQMS', 211, 610, 17, 29, 108, 5, 9, 17, 26, 77
1, 500, 121.0, 0.0, 121.0, 0.0, 'LJQO67', 207, 611, 17, 31, 114, 14, 10, 21, 31, 75
1, 500, 445.0, 0.0, 445.0, 0.0, '1IIQZO', 210, 600, 15, 37, 128, 12, 8, 19, 24, 66
1, 500, 500.0, 0.0, 500.0, 0.0, '35Q30M', 214, 602, 13, 38, 135, 12, 10, 20, 32, 64
1, 500, 419.0, 0.0, 419.0, 0.0, 'OBGMHU', 232, 577, 14, 37, 139, 11, 9, 22, 33, 62
1, 500, 500.0, 0.0, 500.0, 0.0, 'BAGDG4', 233, 590, 18, 41, 151, 10, 9, 26, 34, 61
1, 500, 500.0, 0.0, 500.0, 0.0, 'BMSD3A', 240, 573, 18, 33, 146, 5, 11, 21, 34, 62
1, 500, 500.0, 0.0, 500.0, 0.0, 'SPGRFY', 224, 555, 18, 37, 144, 10, 10, 18, 35, 66
1, 500, 466.0, 0.0, 466.0, 0.0, 'M6KZUE', 229, 570, 16, 29, 132, 5, 11, 17, 33, 66
1, 500, 500.0, 0.0, 500.0, 0.0, 'VJKXS8', 219, 567, 15, 38, 144, 5, 10, 17, 22, 64
1, 500, 318.0, 0.0, 318.0, 0.0, 'IZSK5R', 220, 578, 16, 32, 129, 5, 11, 19, 19, 60
1, 500, 19.0, 0.0, 19.0, 0.0, 'IVDEQB', 239, 576, 18, 37, 122, 5, 11, 19, 11, 63
1, 500, 500.0, 0.0, 500.0, 0.0, '1SH6IL', 240, 572, 18, 37, 137, 5, 9, 23, 35, 64
1, 500, 500.0, 0.0, 500.0, 0.0, 'HKJE3E', 255, 558, 17, 38, 148, 5, 9, 15, 33, 58
1, 500, 443.0, 0.0, 443.0, 0.0, '8ID7VG', 263, 542, 17, 34, 142, 5, 8, 19, 42, 65
1, 500, 273.0, 0.0, 273.0, 0.0, 'M0DTDR', 252, 561, 15, 35, 125, 13, 10, 27, 29, 62
1, 500, 283.0, 0.0, 283.0, 0.0, '2NQTKM', 245, 542, 15, 27, 146, 5, 8, 19, 40, 70
1, 500, 500.0, 0.0, 500.0, 0.0, 'IRY8NV', 232, 534, 13, 31, 144, 8, 10, 24, 35, 65
1, 500, 279.0, 0.0, 279.0, 0.0, '97D86C', 232, 534, 18, 25, 149, 5, 9, 26, 40, 67
1, 500, 202.0, 0.0, 202.0, 0.0, '538NTO', 230, 538, 16, 39, 141, 9, 9, 20, 31, 62
1, 500, 257.0, 0.0, 257.0, 0.0, 'N41V8L', 232, 550, 15, 28, 132, 5, 8, 21, 34, 68
1, 500, 500.0, 0.0, 500.0, 0.0, 'TTE1YQ', 234, 559, 17, 29, 133, 7, 9, 24, 33, 64
1, 500, 389.0, 0.0, 389.0, 0.0, '1UZMUW', 221, 547, 15, 37, 117, 13, 10, 20, 34, 58
1, 500, 500.0, 0.0, 500.0, 0.0, 'BJWYKS', 215, 570, 18, 28, 122, 5, 10, 17, 44, 58
1, 500, 500.0, 0.0, 500.0, 0.0, 'B70ONO', 220, 573, 16, 33, 117, 11, 9, 16, 38, 59
1, 500, 311.0, 0.0, 311.0, 0.0, 'S6VMOX', 224, 569, 15, 41, 95, 5, 11, 12, 32, 57
1, 500, 8.0, 0.0, 8.0, 0.0, '5I991L', 214, 564, 14, 35, 108, 11, 8, 10, 27, 58
1, 500, 500.0, 0.0, 500.0, 0.0, 'PRSFVN', 213, 584, 18, 23, 98, 5, 9, 11, 25, 73
1, 500, 119.0, 0.0, 119.0, 0.0, 'KPNT6G', 226, 579, 16, 34, 101, 5, 9, 17, 32, 67
1, 500, 500.0, 0.0, 500.0, 0.0, 'H4KF8R', 232, 567, 15, 37, 92, 8, 8, 17, 38, 62
1, 500, 500.0, 0.0, 500.0, 0.0, 'J5ZRFZ', 235, 560, 17, 30, 92, 5, 8, 16, 44, 64
1, 500, 500.0, 0.0, 500.0, 0.0, 'MMNRB9', 256, 572, 17, 35, 92, 5, 8, 19, 36, 57
1, 500, 249.0, 0.0, 249.0, 0.0, 'XMMXJI', 251, 568, 16, 34, 81, 5, 11, 15, 30, 63
1, 500, 209.0, 0.0, 209.0, 0.0, 'LJTK4K', 254, 553, 18, 24, 89, 6, 10, 16, 16, 63
1, 500, 254.0, 0.0, 254.0, 0.0, '9H2DEY', 249, 539, 17, 28, 96, 5, 11, 19, 23, 66
1, 500, 309.0, 0.0, 309.0, 0.0, 'RSG7DB', 244, 553, 16, 38, 94, 7, 11, 14, 30, 63
1, 500, 401.0, 0.0, 401.0, 0.0, '6ZYWF4', 239, 577, 15, 29, 94, 5, 11, 15, 40, 63
1, 500, 388.0, 0.0, 388.0, 0.0, '9ZLELB', 242, 574, 17, 29, 93, 5, 9, 16, 48, 63
1, 500, 388.0, 0.0, 388.0, 0.0, '2MF6OI', 239, 598, 16, 28, 97, 5, 10, 18, 48, 59
1, 500, 357.0, 0.0, 357.0, 0.0, 'ZLQVRL', 249, 596, 18, 40, 86, 5, 8, 16, 36, 62
1, 500, 303.0, 0.0, 303.0, 0.0, 'PG3DBI', 240, 598, 17, 33, 69, 5, 9, 18, 35, 58
1, 500, 306.0, 0.0, 306.0, 0.0, 'WBDB38', 242, 608, 15, 40, 74, 5, 9, 14, 40, 61
1, 500, 500.0, 0.0, 500.0, 0.0, '42O59D', 229, 582, 15, 44, 83, 5, 11, 18, 38, 66
1, 500, 500.0, 0.0, 500.0, 0.0, 'UZAHFF', 211, 572, 16, 38, 78, 5, 10, 9, 42, 59
1, 500, 138.0, 0.0, 138.0, 0.0, 'NX869D', 225, 574, 16, 33, 75, 8, 10, 16, 41, 60
1, 500, 500.0, 0.0, 500.0, 0.0, '7J7UHN', 227, 560, 16, 36, 77, 9, 8, 18, 28, 60
1, 500, 301.0, 0.0, 301.0, 0.0, '9D1HVF', 214, 565, 17, 25, 79, 5, 10, 20, 27, 57
1, 500, 500.0, 0.0, 500.0, 0.0, 'S5YV0V', 218, 567, 17, 28, 86, 10, 8, 25, 38, 65
1, 500, 500.0, 0.0, 500.0, 0.0, 'X8K4QC', 213, 581, 17, 43, 91, 10, 8, 22, 44, 66
1, 500, 500.0, 0.0, 500.0, 0.0, '9JNMPW', 213, 588, 17, 43, 81, 12, 9, 21, 33, 59
1, 500, 268.0, 0.0, 268.0, 0.0, 'HD0CVN', 210, 570, 15, 31, 80, 11, 10, 25, 40, 66
1, 500, 12.0, 0.0, 12.0, 0.0, 'N5UX4S', 211, 571, 18, 17, 87, 12, 8, 29, 37, 61
1, 500, 13.0, 0.0, 13.0, 0.0, 'NEM4MM', 219, 585, 17, 26, 78, 13, 8, 24, 44, 57
1, 500, 500.0, 0.0, 500.0, 0.0, '8KYEBB', 222, 570, 16, 28, 98, 9, 10, 22, 54, 60
1, 500, 313.0, 0.0, 313.0, 0.0, 'DG9H3S', 229, 567, 17, 37, 95, 5, 8, 24, 55, 60
1, 500, 500.0, 0.0, 500.0, 0.0, 'GDSJX4', 223, 558, 14, 38, 91, 6, 9, 18, 40, 60
1, 500, 494.0, 0.0, 494.0, 0.0, '97KTQ4', 226, 560, 17, 29, 89, 6, 8, 10, 39, 59
1, 500, 500.0, 0.0, 500.0, 0.0, 'GWG56X', 244, 570, 18, 37, 90, 8, 8, 16, 33, 60
1, 500, 293.0, 0.0, 293.0, 0.0, 'Y2RMC3', 225, 561, 14, 40, 91, 9, 10, 18, 27, 64
1, 500, 304.0, 0.0, 304.0, 0.0, 'VRLQLI', 232, 556, 18, 25, 92, 11, 11, 22, 33, 59
1, 500, 500.0, 0.0, 500.0, 0.0, 'HD2EZ9', 233, 562, 14, 22, 82, 8, 9, 22, 45, 66
1, 500, 500.0, 0.0, 500.0, 0.0, '2WMSFG', 238, 565, 13, 36, 92, 5, 9, 22, 47, 60
1, 500, 255.0, 0.0, 255.0, 0.0, 'MJRTSJ', 237, 570, 11, 38, 107, 11, 10, 22, 43, 64
1, 500, 500.0, 0.0, 500.0, 0.0, 'AL0SIZ', 224, 584, 19, 44, 101, 12, 10, 24, 43, 61
1, 500, 102.0, 0.0, 102.0, 0.0, 'RDY3S8', 229, 596, 20, 32, 112, 6, 9, 23, 34, 60
1, 500, 231.0, 0.0, 231.0, 0.0, 'CXZXWP', 248, 603, 18, 32, 116, 11, 9, 20, 36, 62
1, 500, 226.0, 0.0, 226.0, 0.0, 'MNB14S', 260, 601, 13, 44, 134, 9, 11, 24, 33, 62
1, 500, 360.0, 0.0, 360.0, 0.0, '9U0LLB', 264, 592, 16, 45, 134, 7, 10, 21, 27, 59
1, 500, 500.0, 0.0, 500.0, 0.0, 'I72T6C', 262, 601, 15, 40, 125, 6, 10, 17, 25, 65
1, 500, 14.0, 0.0, 14.0, 0.0, 'J7S428', 264, 617, 13, 31, 116, 5, 11, 17, 27, 60
1, 500, 500.0, 0.0, 500.0, 0.0, '5QJ58X', 268, 586, 18, 44, 122, 10, 8, 13, 28, 57
1, 500, 500.0, 0.0, 500.0, 0.0, 'UR2HAC', 273, 564, 14, 41, 117, 5, 8, 19, 34, 65
1, 500, 374.0, 0.0, 374.0, 0.0, 'UE5RXV', 257, 562, 17, 44, 104, 5, 8, 13, 43, 66
1, 500, 500.0, 0.0, 500.0, 0.0, 'AUOS4Q', 259, 571, 18, 40, 104, 5, 9, 16, 47, 62
1, 500, 500.0, 0.0, 500.0, 0.0, '2MHAOA', 264, 563, 15, 30, 110, 5, 10, 15, 50, 58
1, 500, 500.0, 0.0, 500.0, 0.0, 'GN2IU7', 261, 556, 17, 37, 115, 7, 8, 16, 44, 58
1, 500, 500.0, 0.0, 500.0, 0.0, '5RMNIS', 264, 554, 18, 41, 107, 6, 9, 22, 50, 61
1, 500, 460.0, 0.0, 460.0, 0.0, 'PNLBMA', 263, 563, 17, 34, 122, 10, 9, 26, 50, 60
1, 500, 500.0, 0.0, 500.0, 0.0, 'WQQG9Q', 259, 574, 18, 34, 143, 8, 10, 21, 52, 64
1, 500, 500.0, 0.0, 500.0, 0.0, 'HQFAK4', 257, 600, 18, 41, 144, 5, 8, 17, 52, 61
1, 500, 500.0, 0.0, 500.0, 0.0, 'NJ0HEF', 251, 587, 18, 37, 132, 5, 9, 20, 56, 62
1, 500, 500.0, 0.0, 500.0, 0.0, 'AJAPRR', 258, 557, 13, 27, 121, 5, 8, 18, 48, 60
1, 500, 500.0, 0.0, 500.0, 0.0, 'TTT4IF', 254, 555, 14, 26, 130, 5, 8, 16, 48, 63
1, 500, 500.0, 0.0, 500.0, 0.0, '3O46UB', 263, 536, 14, 21, 147, 5, 8, 17, 62, 57
1, 500, 454.0, 0.0, 454.0, 0.0, 'YCRMB5', 257, 545, 17, 24, 129, 9, 10, 18, 72, 60
1, 500, 500.0, 0.0, 500.0, 0.0, '00TN7N', 255, 536, 17, 33, 128, 5, 9, 20, 66, 61
1, 500, 500.0, 0.0, 500.0, 0.0, 'M5DE0Z', 259, 563, 13, 38, 131, 6, 10, 20, 63, 64
1, 500, 483.0, 0.0, 483.0, 0.0, 'EGYOL5', 254, 560, 18, 39, 137, 5, 11, 20, 61, 66
1, 500, 500.0, 0.0, 500.0, 0.0, '0QQ3ZI', 253, 561, 18, 40, 138, 5, 11, 21, 64, 57
1, 500, 455.0, 0.0, 455.0, 0.0, 'N5M646', 257, 558, 16, 26, 150, 5, 9, 21, 70, 66
1, 500, 339.0, 0.0, 339.0, 0.0, '5ZFR9E', 259, 558, 17, 30, 147, 5, 9, 19, 55, 65
1, 500, 500.0, 0.0, 500.0, 0.0, 'MH1RZT', 269, 575, 16, 38, 144, 5, 8, 9, 54, 58
1, 500, 470.0, 0.0, 470.0, 0.0, 'YHR8KR', 281, 570, 15, 39, 127, 6, 9, 16, 31, 66
1, 500, 150.0, 0.0, 150.0, 0.0, '04EMD2', 287, 558, 18, 38, 126, 10, 8, 19, 49, 66
1, 500, 332.0, 0.0, 332.0, 0.0, 'YNK0DD', 271, 562, 15, 31, 122, 8, 8, 10, 51, 57
1, 500, 361.0, 0.0, 361.0, 0.0, 'LBGWDF', 261, 570, 18, 24, 119, 6, 9, 13, 59, 64
1, 500, 500.0, 0.0, 500.0, 0.0, 'E2DK2B', 258, 570, 15, 30, 131, 5, 8, 18, 60, 62
1, 500, 500.0, 0.0, 500.0, 0.0, '66RQ20', 258, 570, 18, 35, 133, 5, 9, 15, 53, 65
1, 500, 500.0, 0.0, 500.0, 0.0, 'OQW5UZ', 266, 565, 15, 27, 143, 5, 10, 18, 62, 58
1, 500, 500.0, 0.0, 500.0, 0.0, 'CVC7PN', 264, 570, 18, 24, 143, 5, 8, 22, 47, 64
1, 500, 500.0, 0.0, 500.0, 0.0, 'HCLHYA', 267, 568, 14, 29, 143, 10, 8, 19, 48, 64
1, 500, 351.0, 0.0, 351.0, 0.0, 'A0KOPF', 259, 569, 14, 27, 137, 7, 8, 19, 53, 65
1, 500, 481.0, 0.0, 481.0, 0.0, '3Z9WRK', 265, 568, 14, 33, 130, 5, 9, 21, 62, 60
1, 500, 435.0, 0.0, 435.0, 0.0, '6LWZME', 270, 555, 15, 41, 132, 5, 10, 16, 52, 60
1, 500, 500.0, 0.0, 500.0, 0.0, 'T13NCU', 266, 560, 18, 35, 125, 10, 9, 22, 59, 64
1, 500, 500.0, 0.0, 500.0, 0.0, 'S35D09', 270, 548, 17, 39, 109, 10, 9, 22, 42, 61
1, 500, 326.0, 0.0, 326.0, 0.0, 'N6MV97', 285, 566, 16, 34, 113, 9, 9, 24, 46, 59
1, 500, 183.0, 0.0, 183.0, 0.0, 'IBVQHZ', 278, 562, 14, 43, 100, 9, 10, 27, 64, 62
1, 500, 252.0, 0.0, 252.0, 0.0, 'H82X39', 268, 561, 16, 38, 94, 5, 9, 23, 72, 60
1, 500, 500.0, 0.0, 500.0, 0.0, 'H3JYUJ', 250, 537, 18, 31, 121, 5, 9, 20, 59, 59
1, 500, 500.0, 0.0, 500.0, 0.0, '3YEOWU', 250, 537, 17, 25, 129, 7, 10, 18, 59, 58
1, 500, 500.0, 0.0, 500.0, 0.0, '3Q8O2Q', 251, 548, 16, 40, 138, 5, 8, 18, 42, 63
1, 500, 172.0, 0.0, 172.0, 0.0, 'AGP8G3', 249, 538, 13, 37, 141, 5, 8, 16, 44, 58
1, 500, 500.0, 0.0, 500.0, 0.0, 'YGO1B6', 231, 556, 17, 35, 129, 5, 10, 22, 46, 59
1, 500, 500.0, 0.0, 500.0, 0.0, '5Z2ZYP', 239, 569, 16, 27, 135, 5, 8, 19, 54, 64
1, 500, 500.0, 0.0, 500.0, 0.0, '999W20', 243, 557, 16, 36, 142, 7, 10, 23, 61, 63
1, 500, 378.0, 0.0, 378.0, 0.0, 'AUX8T9', 250, 548, 14, 29, 142, 6, 8, 20, 44, 58
1, 500, 500.0, 0.0, 500.0, 0.0, 'P48BIC', 253, 569, 16, 25, 147, 5, 9, 19, 36, 62
1, 500, 500.0, 0.0, 500.0, 0.0, 'L5SAJ9', 234, 561, 18, 35, 153, 5, 9, 19, 51, 64
1, 500, 500.0, 0.0, 500.0, 0.0, 'K56SCG', 238, 554, 17, 43, 160, 5, 10, 17, 43, 62
1, 500, 500.0, 0.0, 500.0, 0.0, '6X9CXU', 228, 577, 18, 39, 158, 8, 9, 19, 46, 59
1, 500, 267.0, 0.0, 267.0, 0.0, '7ZPVM0', 223, 562, 15, 37, 152, 11, 11, 18, 40, 61
1, 500, 110.0, 0.0, 110.0, 0.0, 'IYZ56O', 227, 548, 16, 28, 152, 5, 9, 21, 38, 60
1, 500, 500.0, 0.0, 500.0, 0.0, 'AYLJW1', 231, 554, 15, 40, 145, 5, 8, 20, 54, 63
1, 500, 500.0, 0.0, 500.0, 0.0, 'EM005O', 238, 554, 18, 36, 145, 5, 8, 19, 61, 58
1, 500, 500.0, 0.0, 500.0, 0.0, 'NQZ7LF', 240, 568, 18, 40, 136, 5, 8, 23, 60, 60
1, 500, 438.0, 0.0, 438.0, 0.0, 'PRJUJC', 233, 551, 14, 39, 130, 8, 9, 20, 67, 66
1, 500, 500.0, 0.0, 500.0, 0.0, 'Z882K5', 233, 561, 15, 39, 139, 5, 11, 21, 61, 69
1, 500, 500.0, 0.0, 500.0, 0.0, '80VTSD', 231, 553, 15, 30, 136, 8, 11, 14, 54, 65
1, 500, 372.0, 0.0, 372.0, 0.0, '9QQCT1', 221, 571, 17, 30, 128, 5, 9, 15, 66, 63
1, 500, 487.0, 0.0, 487.0, 0.0, 'HUQ8DW', 213, 571, 18, 37, 137, 5, 8, 20, 59, 64
1, 500, 500.0, 0.0, 500.0, 0.0, 'LAW9SB', 213, 574, 17, 37, 134, 5, 9, 11, 51, 64
1, 500, 500.0, 0.0, 500.0, 0.0, 'GCFBQL', 223, 564, 18, 39, 138, 5, 11, 19, 49, 71
1, 500, 483.0, 0.0, 483.0, 0.0, 'HTD73A', 222, 561, 17, 43, 141, 5, 9, 19, 42, 66
1, 500, 500.0, 0.0, 500.0, 0.0, 'O8TDRV', 219, 578, 16, 43, 150, 5, 10, 16, 51, 58
1, 500, 500.0, 0.0, 500.0, 0.0, 'HSCXI8', 213, 582, 14, 42, 148, 5, 10, 13, 49, 60
1, 500, 461.0, 0.0, 461.0, 0.0, 'AAQD8K', 220, 602, 15, 35, 155, 5, 10, 11, 53, 61
1, 500, 500.0, 0.0, 500.0, 0.0, '3HB3JG', 219, 591, 15, 36, 147, 6, 9, 5, 61, 63
1, 500, 500.0, 0.0, 500.0, 0.0, 'ZQRO5K', 209, 583, 15, 30, 143, 7, 8, 6, 44, 66
1, 500, 500.0, 0.0, 500.0, 0.0, '32IN8Y', 225, 595, 15, 35, 157, 5, 10, 5, 55, 72
1, 500, 500.0, 0.0, 500.0, 0.0, 'VFKYZ0', 228, 565, 17, 43, 171, 8, 9, 10, 77, 68
1, 500, 500.0, 0.0, 500.0, 0.0, 'XDFQO8', 243, 564, 18, 40, 167, 5, 9, 13, 72, 70
1, 500, 500.0, 0.0, 500.0, 0.0, '9VUIME', 231, 566, 16, 35, 161, 5, 11, 13, 79, 62
1, 500, 159.0, 0.0, 159.0, 0.0, 'F9EBC0', 232, 562, 16, 35, 173, 5, 9, 16, 96, 59
1, 500, 500.0, 0.0, 500.0, 0.0, '0PVKLX', 231, 568, 15, 28, 166, 5, 10, 16, 75, 62
1, 500, 500.0, 0.0, 500.0, 0.0, 'T4Y6YZ', 223, 573, 17, 40, 161, 5, 10, 23, 69, 58
1, 500, 500.0, 0.0, 500.0, 0.0, '6ZRWQA', 228, 567, 18, 34, 164, 5, 11, 13, 62, 64
1, 500, 500.0, 0.0, 500.0, 0.0, '3OF1K4', 221, 573, 16, 40, 166, 10, 10, 11, 62, 66
1, 500, 500.0, 0.0, 500.0, 0.0, 'XDGZST', 218, 562, 18, 42, 169, 7, 11, 13, 50, 66
1, 500, 393.0, 0.0, 393.0, 0.0, 'JW4WFT', 229, 570, 17, 36, 162, 7, 10, 16, 55, 73
1, 500, 500.0, 0.0, 500.0, 0.0, '5JATZY', 215, 569, 15, 40, 140, 5, 8, 8, 61, 71
1, 500, 500.0, 0.0, 500.0, 0.0, 'BJROL3', 219, 569, 17, 37, 143, 6, 11, 18, 63, 64
1, 500, 500.0, 0.0, 500.0, 0.0, 'O69SJA', 215, 581, 15, 39, 149, 8, 10, 20, 70, 63
1, 500, 500.0, 0.0, 500.0, 0.0, 'HHFGGI', 218, 573, 17, 38, 151, 5, 9, 22, 78, 60
1, 500, 500.0, 0.0, 500.0, 0.0, 'C0G4C8', 210, 582, 16, 40, 151, 10, 9, 20, 63, 70
1, 500, 500.0, 0.0, 500.0, 0.0, 'O8DFIY', 211, 580, 19, 42, 163, 6, 8, 16, 71, 59
1, 500, 500.0, 0.0, 500.0, 0.0, '0FX4YQ', 231, 579, 17, 37, 166, 5, 11, 10, 70, 64
1, 500, 12.0, 0.0, 12.0, 0.0, 'J6U39V', 229, 580, 18, 34, 157, 6, 11, 9, 67, 63
1, 500, 500.0, 0.0, 500.0, 0.0, 'F1C7P3', 243, 593, 17, 42, 158, 5, 10, 6, 60, 69
1, 500, 268.0, 0.0, 268.0, 0.0, 'T4CFSF', 238, 594, 18, 43, 147, 5, 8, 5, 59, 61
1, 500, 15.0, 0.0, 15.0, 0.0, '4RWDM3', 223, 583, 26, 41, 148, 5, 8, 11, 63, 57
1, 500, 500.0, 0.0, 500.0, 0.0, '7LLTL5', 210, 595, 18, 40, 156, 5, 6, 14, 74, 57
1, 500, 500.0, 0.0, 500.0, 0.0, 'AR5UKU', 206, 594, 14, 41, 153, 5, 8, 11, 70, 57
1, 500, 500.0, 0.0, 500.0, 0.0, '6JZ1IP', 214, 580, 17, 35, 166, 5, 2, 14, 66, 63
1, 500, 500.0, 0.0, 500.0, 0.0, 'A05YIR', 210, 587, 13, 39, 168, 5, 1, 6, 59, 70
1, 500, 269.0, 0.0, 269.0, 0.0, 'B4NW67', 165, 582, 14, 38, 159, 7, 8, 6, 48, 71
1, 500, 403.0, 0.0, 403.0, 0.0, 'Q145VF', 152, 581, 15, 41, 158, 9, 9, 13, 59, 58
1, 500, 170.0, 0.0, 170.0, 0.0, '9XPNEH', 149, 569, 16, 42, 158, 5, 9, 10, 55, 62
1, 500, 500.0, 0.0, 500.0, 0.0, 'MCV14M', 165, 576, 17, 41, 169, 5, 10, 11, 60, 66
1, 500, 500.0, 0.0, 500.0, 0.0, '0G0ZCG', 171, 563, 17, 41, 151, 5, 9, 16, 69, 64
1, 500, 437.0, 0.0, 437.0, 0.0, 'T6T606', 182, 554, 15, 39, 145, 5, 10, 11, 58, 68
1, 500, 500.0, 0.0, 500.0, 0.0, 'TRC20F', 193, 572, 18, 40, 132, 5, 8, 15, 70, 72
1, 500, 479.0, 0.0, 479.0, 0.0, '0RKJWU', 192, 571, 16, 40, 134, 5, 4, 16, 78, 63
1, 500, 500.0, 0.0, 500.0, 0.0, 'Y35BSH', 201, 569, 14, 40, 141, 5, 1, 18, 72, 70
1, 500, 500.0, 0.0, 500.0, 0.0, '82E50L', 198, 575, 15, 43, 150, 5, 2, 16, 70, 61
1, 500, 298.0, 0.0, 298.0, 0.0, '7UWHO1', 189, 573, 17, 41, 146, 5, 1, 13, 72, 63
1, 500, 500.0, 0.0, 500.0, 0.0, 'JMUCDJ', 202, 583, 18, 41, 141, 5, 3, 15, 54, 68
1, 500, 323.0, 0.0, 323.0, 0.0, 'JRJDJ0', 197, 566, 16, 41, 147, 9, 3, 15, 51, 67
1, 500, 461.0, 0.0, 461.0, 0.0, 'XEDPN4', 203, 597, 16, 36, 141, 5, 8, 25, 56, 66
1, 500, 500.0, 0.0, 500.0, 0.0, '6DN8YC', 211, 595, 15, 37, 153, 5, 5, 18, 58, 72
1, 500, 500.0, 0.0, 500.0, 0.0, 'D9QONI', 213, 581, 18, 41, 145, 8, 7, 18, 50, 71
1, 500, 331.0, 0.0, 331.0, 0.0, '5VD4NO', 224, 576, 17, 39, 157, 5, 9, 12, 49, 63
1, 500, 500.0, 0.0, 500.0, 0.0, 'DUMZM4', 230, 581, 15, 40, 160, 5, 7, 14, 60, 60
1, 500, 500.0, 0.0, 500.0, 0.0, 'P810F6', 248, 564, 16, 37, 161, 6, 9, 13, 58, 59
1, 500, 500.0, 0.0, 500.0, 0.0, 'K2THUQ', 233, 564, 17, 43, 168, 10, 10, 14, 68, 58
1, 500, 500.0, 0.0, 500.0, 0.0, 'ETQFBM', 246, 565, 12, 37, 161, 12, 10, 20, 70, 63
1, 500, 500.0, 0.0, 500.0, 0.0, '0RC77H', 233, 572, 18, 38, 155, 11, 6, 19, 82, 66
1, 500, 500.0, 0.0, 500.0, 0.0, 'SDUU34', 218, 569, 17, 39, 151, 5, 10, 23, 72, 65
1, 500, 482.0, 0.0, 482.0, 0.0, 'D1DS88', 211, 568, 15, 39, 158, 8, 5, 18, 85, 68
1, 500, 500.0, 0.0, 500.0, 0.0, 'JEOOOC', 209, 575, 17, 36, 163, 11, 6, 14, 85, 70
1, 500, 500.0, 0.0, 500.0, 0.0, '3QMNNG', 211, 576, 17, 40, 144, 5, 3, 14, 57, 69
1, 500, 87.0, 0.0, 87.0, 0.0, 'TRGD3P', 206, 566, 17, 31, 134, 5, 6, 16, 49, 65
1, 500, 396.0, 0.0, 396.0, 0.0, 'C2AKOM', 227, 568, 17, 37, 135, 5, 4, 11, 65, 65
1, 500, 500.0, 0.0, 500.0, 0.0, 'OO4GEH', 235, 584, 17, 37, 137, 5, 4, 17, 71, 61
1, 500, 500.0, 0.0, 500.0, 0.0, 'LJIZJH', 215, 581, 14, 36, 138, 5, 2, 18, 76, 65
1, 500, 500.0, 0.0, 500.0, 0.0, '0FXHBN', 216, 594, 16, 37, 144, 5, 2, 17, 67, 63
1, 500, 434.0, 0.0, 434.0, 0.0, 'GH4I4D', 217, 587, 18, 42, 162, 5, 7, 14, 69, 65
1, 500, 500.0, 0.0, 500.0, 0.0, 'H91CMD', 204, 595, 16, 42, 168, 5, 10, 17, 84, 68
1, 500, 500.0, 0.0, 500.0, 0.0, '0TJAKC', 210, 608, 18, 42, 169, 11, 7, 14, 88, 71
1, 500, 500.0, 0.0, 500.0, 0.0, 'FKTR9R', 229, 586, 14, 37, 169, 6, 3, 15, 81, 58
1, 500, 386.0, 0.0, 386.0, 0.0, 'LHOC0U', 240, 570, 13, 36, 160, 5, 4, 18, 85, 62
1, 500, 500.0, 0.0, 500.0, 0.0, 'ST2BPF', 240, 573, 14, 42, 141, 5, 3, 14, 74, 60
1, 500, 500.0, 0.0, 500.0, 0.0, 'UFLQ8A', 217, 588, 17, 37, 139, 6, 2, 19, 66, 61
1, 500, 425.0, 0.0, 425.0, 0.0, 'H2AD6Z', 223, 581, 15, 37, 157, 8, 7, 21, 68, 58
1, 500, 500.0, 0.0, 500.0, 0.0, '4HO5DI', 217, 574, 17, 35, 171, 6, 6, 22, 67, 72
1, 500, 500.0, 0.0, 500.0, 0.0, 'L0TZJ0', 207, 608, 19, 41, 166, 5, 3, 21, 70, 69
1, 500, 500.0, 0.0, 500.0, 0.0, '6GDHP7', 204, 633, 15, 37, 141, 6, 6, 15, 64, 66
1, 500, 443.0, 0.0, 443.0, 0.0, 'PX71BM', 214, 594, 14, 36, 142, 5, 7, 16, 57, 58
1, 500, 500.0, 0.0, 500.0, 0.0, 'A19G02', 206, 589, 16, 38, 161, 12, 3, 11, 65, 65
1, 500, 280.0, 0.0, 280.0, 0.0, '07U7XX', 203, 587, 12, 36, 167, 5, 4, 11, 59, 61
1, 500, 500.0, 0.0, 500.0, 0.0, 'Y49496', 204, 598, 13, 42, 161, 7, 6, 5, 82, 69
1, 500, 500.0, 0.0, 500.0, 0.0, '0DG1Q9', 203, 604, 16, 38, 150, 5, 5, 12, 78, 59
1, 500, 500.0, 0.0, 500.0, 0.0, 'JPXCV7', 204, 610, 16, 35, 142, 5, 4, 14, 70, 69
1, 500, 500.0, 0.0, 500.0, 0.0, 'JZWKMO', 210, 615, 18, 36, 143, 7, 2, 16, 77, 69
1, 500, 500.0, 0.0, 500.0, 0.0, 'ZN49PS', 223, 595, 15, 43, 142, 5, 4, 16, 61, 65
1, 500, 500.0, 0.0, 500.0, 0.0, 'EY8GSN', 221, 582, 16, 43, 136, 6, 7, 14, 60, 66
1, 500, 500.0, 0.0, 500.0, 0.0, '3URFV9', 253, 562, 18, 38, 139, 5, 6, 14, 72, 71
1, 500, 15.0, 0.0, 15.0, 0.0, 'UJPX8Y', 251, 573, 16, 36, 141, 13, 3, 11, 74, 72
1, 500, 458.0, 0.0, 458.0, 0.0, '0Y4M9Z', 241, 564, 15, 39, 148, 9, 7, 16, 89, 69
1, 500, 500.0, 0.0, 500.0, 0.0, '1TRFCV', 249, 575, 16, 39, 158, 9, 5, 12, 85, 69
1, 500, 326.0, 0.0, 326.0, 0.0, '8H9I1D', 235, 581, 14, 37, 166, 5, 7, 16, 86, 58
1, 500, 500.0, 0.0, 500.0, 0.0, 'H9QM50', 234, 573, 15, 43, 142, 5, 4, 22, 76, 69
1, 500, 500.0, 0.0, 500.0, 0.0, 'GPTXEQ', 222, 576, 18, 39, 143, 5, 5, 18, 79, 60
1, 500, 500.0, 0.0, 500.0, 0.0, 'XGLSOW', 230, 597, 18, 37, 141, 5, 5, 19, 59, 58
1, 500, 500.0, 0.0, 500.0, 0.0, 'OZTJHO', 246, 613, 15, 38, 135, 5, 4, 18, 56, 67
1, 500, 500.0, 0.0, 500.0, 0.0, '6RRYS1', 261, 606, 16, 38, 149, 5, 8, 15, 60, 66
1, 500, 439.0, 0.0, 439.0, 0.0, 'BCBM8L', 244, 573, 17, 43, 137, 6, 10, 21, 67, 66
1, 500, 376.0, 0.0, 376.0, 0.0, 'OT7YFK', 245, 563, 15, 37, 139, 8, 4, 22, 75, 70
1, 500, 472.0, 0.0, 472.0, 0.0, 'UOL0P2', 240, 566, 17, 38, 138, 12, 3, 18, 73, 63
1, 500, 500.0, 0.0, 500.0, 0.0, '94QX0X', 248, 567, 18, 41, 141, 6, 1, 17, 57, 72
1, 500, 96.0, 0.0, 96.0, 0.0, '9X6ETI', 256, 582, 17, 38, 143, 5, 2, 16, 59, 69
1, 500, 500.0, 0.0, 500.0, 0.0, 'F2H9A9', 248, 586, 17, 40, 150, 5, 4, 14, 72, 76
1, 500, 418.0, 0.0, 418.0, 0.0, '7VSXT4', 264, 567, 17, 35, 142, 10, 8, 19, 62, 71
1, 500, 500.0, 0.0, 500.0, 0.0, 'HBT8P8', 263, 594, 18, 40, 157, 6, 5, 24, 62, 59
1, 500, 294.0, 0.0, 294.0, 0.0, 'PAWNRP', 249, 597, 19, 36, 153, 5, 4, 23, 60, 82
1, 500, 500.0, 0.0, 500.0, 0.0, 'N35ES3', 252, 590, 16, 40, 163, 5, 3, 19, 63, 73
1, 500, 500.0, 0.0, 500.0, 0.0, 'XSA76N', 243, 587, 18, 41, 159, 8, 7, 19, 56, 60
1, 500, 500.0, 0.0, 500.0, 0.0, '9LBAD0', 245, 611, 18, 38, 160, 6, 10, 16, 61, 69
1, 500, 236.0, 0.0, 236.0, 0.0, 'G2GBCR', 254, 607, 15, 35, 147, 5, 8, 14, 50, 63
1, 500, 456.0, 0.0, 456.0, 0.0, 'YYP5T1', 253, 586, 16, 40, 130, 5, 8, 10, 68, 63
1, 500, 500.0, 0.0, 500.0, 0.0, 'JC7B0Z', 240, 568, 18, 43, 155, 5, 6, 16, 78, 58
1, 500, 483.0, 0.0, 483.0, 0.0, '4I9530', 241, 571, 18, 38, 150, 5, 3, 19, 74, 61
1, 500, 172.0, 0.0, 172.0, 0.0, 'YJWIGQ', 249, 580, 16, 37, 155, 5, 4, 14, 71, 69
1, 500, 500.0, 0.0, 500.0, 0.0, 'UCPT3X', 243, 598, 15, 39, 169, 5, 4, 9, 77, 76
1, 500, 395.0, 0.0, 395.0, 0.0, 'DCMGP7', 240, 605, 14, 38, 168, 11, 6, 14, 80, 69
1, 500, 500.0, 0.0, 500.0, 0.0, 'GBM4XM', 237, 578, 17, 43, 153, 8, 5, 16, 61, 74
1, 500, 500.0, 0.0, 500.0, 0.0, '9EQP7X', 230, 580, 18, 39, 153, 5, 8, 20, 71, 69
1, 500, 500.0, 0.0, 500.0, 0.0, 'GBQNFK', 209, 570, 15, 39, 144, 5, 5, 17, 70, 76
1, 500, 128.0, 0.0, 128.0, 0.0, 'OGU0VD', 215, 586, 15, 39, 158, 5, 5, 14, 64, 62
1, 500, 500.0, 0.0, 500.0, 0.0, 'EPHY1X', 227, 586, 15, 43, 160, 7, 5, 10, 72, 72
1, 500, 500.0, 0.0, 500.0, 0.0, '9F9YJI', 227, 606, 16, 40, 166, 5, 4, 8, 78, 61
1, 500, 500.0, 0.0, 500.0, 0.0, 'D1K1X2', 237, 605, 17, 42, 159, 5, 7, 11, 67, 66
1, 500, 481.0, 0.0, 481.0, 0.0, '51R76F', 243, 615, 18, 42, 147, 5, 4, 14, 77, 66
1, 500, 50.0, 0.0, 50.0, 0.0, 'KTDJGT', 236, 618, 16, 35, 146, 5, 2, 19, 65, 73
1, 500, 103.0, 0.0, 103.0, 0.0, '2S155T', 236, 608, 17, 40, 149, 9, 2, 24, 58, 62
1, 500, 445.0, 0.0, 445.0, 0.0, 'YGQWJB', 247, 598, 14, 45, 148, 5, 4, 22, 71, 64
1, 500, 350.0, 0.0, 350.0, 0.0, 'JHYTW9', 260, 569, 17, 40, 150, 6, 7, 18, 59, 60
1, 500, 500.0, 0.0, 500.0, 0.0, '2WKTGJ', 269, 577, 16, 43, 145, 6, 5, 16, 67, 65
1, 500, 500.0, 0.0, 500.0, 0.0, 'NS4D77', 259, 566, 17, 39, 151, 6, 7, 7, 87, 67
1, 500, 500.0, 0.0, 500.0, 0.0, 'PUZEJU', 251, 552, 18, 40, 150, 5, 9, 14, 78, 63
1, 500, 364.0, 0.0, 364.0, 0.0, '36PRMZ', 252, 553, 18, 36, 129, 5, 8, 15, 82, 59
1, 500, 258.0, 0.0, 258.0, 0.0, 'W34GDY', 259, 566, 18, 34, 141, 5, 10, 18, 74, 61
1, 500, 158.0, 0.0, 158.0, 0.0, 'Z6AQDI', 258, 565, 18, 40, 154, 7, 8, 18, 80, 64
1, 500, 303.0, 0.0, 303.0, 0.0, 'L1WXPL', 237, 562, 17, 43, 148, 10, 9, 15, 54, 64
1, 500, 384.0, 0.0, 384.0, 0.0, 'ZM32RY', 250, 556, 17, 42, 150, 5, 10, 18, 55, 64
1, 500, 500.0, 0.0, 500.0, 0.0, '8XEX7M', 252, 548, 16, 43, 138, 5, 8, 23, 63, 66
1, 500, 500.0, 0.0, 500.0, 0.0, 'BTSNU6', 229, 558, 18, 40, 136, 5, 4, 22, 72, 57
1, 500, 136.0, 0.0, 136.0, 0.0, 'X2PUHU', 230, 568, 18, 51, 138, 10, 8, 22, 72, 66
1, 500, 278.0, 0.0, 278.0, 0.0, '6CC1O1', 230, 561, 18, 42, 148, 5, 4, 18, 74, 67
1, 500, 500.0, 0.0, 500.0, 0.0, 'XLIQHJ', 231, 568, 14, 37, 151, 6, 7, 16, 70, 62
1, 500, 478.0, 0.0, 478.0, 0.0, 'ZCLGKF', 219, 592, 14, 44, 168, 5, 6, 12, 75, 66
1, 500, 500.0, 0.0, 500.0, 0.0, 'S425U6', 216, 594, 14, 41, 162, 5, 3, 19, 84, 75
1, 500, 500.0, 0.0, 500.0, 0.0, '8AAEWO', 209, 582, 19, 38, 170, 5, 7, 21, 71, 76
1, 500, 500.0, 0.0, 500.0, 0.0, 'OZ2PG8', 216, 581, 16, 41, 166, 7, 3, 14, 73, 72
1, 500, 201.0, 0.0, 201.0, 0.0, 'TCEPPA', 238, 610, 16, 41, 163, 9, 4, 17, 79, 70
1, 500, 500.0, 0.0, 500.0, 0.0, 'M9ZYOC', 231, 607, 17, 38, 161, 5, 6, 15, 90, 63
1, 500, 272.0, 0.0, 272.0, 0.0, 'ESJWW7', 233, 600, 15, 41, 169, 5, 4, 12, 71, 61
1, 500, 500.0, 0.0, 500.0, 0.0, 'W2D2FG', 238, 582, 16, 39, 163, 6, 4, 19, 67, 63
1, 500, 500.0, 0.0, 500.0, 0.0, '6V1BN6', 258, 597, 10, 42, 168, 5, 6, 21, 66, 60
1, 500, 500.0, 0.0, 500.0, 0.0, 'OEOES4', 251, 599, 10, 43, 164, 5, 5, 17, 63, 74
1, 500, 191.0, 0.0, 191.0, 0.0, 'JEWYD1', 255, 579, 7, 43, 168, 5, 10, 18, 58, 73
1, 500, 500.0, 0.0, 500.0, 0.0, '2XIEEJ', 243, 594, 9, 44, 161, 5, 11, 18, 76, 67
1, 500, 429.0, 0.0, 429.0, 0.0, 'FJJ3S2', 229, 585, 14, 40, 170, 5, 10, 18, 62, 70
1, 500, 406.0, 0.0, 406.0, 0.0, 'G1OUWL', 236, 581, 18, 39, 166, 5, 11, 22, 76, 68
1, 500, 381.0, 0.0, 381.0, 0.0, '7X84SW', 239, 570, 18, 38, 168, 5, 6, 15, 73, 70
1, 500, 500.0, 0.0, 500.0, 0.0, 'FRA4CB', 241, 592, 10, 41, 159, 5, 10, 14, 65, 68
1, 500, 500.0, 0.0, 500.0, 0.0, 'ISN9U4', 231, 604, 17, 41, 161, 5, 10, 11, 74, 63
1, 500, 227.0, 0.0, 227.0, 0.0, '5TRQ45', 229, 603, 13, 45, 165, 5, 10, 10, 76, 58
1, 500, 500.0, 0.0, 500.0, 0.0, 'Q4MZNA', 213, 607, 16, 43, 165, 5, 7, 17, 68, 71
1, 500, 500.0, 0.0, 500.0, 0.0, '274C0P', 196, 593, 15, 40, 160, 5, 6, 21, 76, 71
1, 500, 316.0, 0.0, 316.0, 0.0, 'G4XZT8', 202, 586, 14, 41, 150, 11, 9, 22, 72, 65
1, 500, 500.0, 0.0, 500.0, 0.0, 'OWNLK3', 217, 578, 16, 43, 163, 5, 11, 17, 68, 58
1, 500, 430.0, 0.0, 430.0, 0.0, 'ZPF7WH', 219, 583, 16, 36, 168, 5, 11, 14, 71, 70
1, 500, 467.0, 0.0, 467.0, 0.0, 'IR9AQX', 225, 579, 16, 41, 161, 5, 11, 16, 57, 71
1, 500, 500.0, 0.0, 500.0, 0.0, 'V86YJ4', 225, 581, 18, 42, 158, 6, 10, 19, 62, 77
1, 500, 500.0, 0.0, 500.0, 0.0, 'B30JGO', 225, 557, 15, 39, 156, 8, 6, 19, 70, 77
1, 500, 425.0, 0.0, 425.0, 0.0, '371DJQ', 221, 560, 17, 41, 156, 8, 8, 10, 75, 73
1, 500, 500.0, 0.0, 500.0, 0.0, 'T0KPSB', 226, 562, 16, 39, 146, 5, 5, 10, 71, 73
1, 500, 296.0, 0.0, 296.0, 0.0, 'PRB9DU', 228, 578, 13, 40, 151, 5, 7, 14, 78, 67
1, 500, 343.0, 0.0, 343.0, 0.0, '6ZUG17', 224, 577, 17, 39, 155, 5, 7, 11, 84, 65
1, 500, 457.0, 0.0, 457.0, 0.0, 'P4O9TD', 224, 569, 17, 44, 164, 7, 6, 11, 69, 65
1, 500, 500.0, 0.0, 500.0, 0.0, 'SOIV6M', 218, 557, 13, 42, 162, 7, 5, 15, 69, 75
1, 500, 377.0, 0.0, 377.0, 0.0, 'CS6TMI', 220, 567, 15, 44, 155, 5, 6, 7, 80, 77
1, 500, 500.0, 0.0, 500.0, 0.0, 'Z4AEVD', 207, 577, 17, 36, 157, 5, 7, 7, 79, 67
1, 500, 500.0, 0.0, 500.0, 0.0, 'FTX8D7', 197, 568, 16, 38, 154, 5, 8, 7, 68, 68
1, 500, 500.0, 0.0, 500.0, 0.0, 'TZT1OU', 198, 572, 16, 37, 169, 6, 8, 6, 77, 82
1, 500, 500.0, 0.0, 500.0, 0.0, '85FEAX', 197, 580, 19, 37, 160, 5, 8, 7, 82, 84
1, 500, 500.0, 0.0, 500.0, 0.0, 'LHQQJK', 188, 571, 16, 41, 164, 5, 5, 11, 88, 74
1, 500, 500.0, 0.0, 500.0, 0.0, 'QROR8I', 190, 578, 16, 39, 162, 6, 7, 19, 70, 78
1, 500, 500.0, 0.0, 500.0, 0.0, 'QEA68P', 200, 569, 17, 39, 162, 5, 6, 15, 88, 68
1, 500, 500.0, 0.0, 500.0, 0.0, 'ZZ5BIV', 211, 572, 16, 39, 163, 11, 8, 12, 90, 73
1, 500, 500.0, 0.0, 500.0, 0.0, '1C61CY', 213, 572, 18, 40, 163, 8, 10, 10, 85, 87
1, 500, 500.0, 0.0, 500.0, 0.0, '0C29MF', 193, 576, 19, 43, 170, 7, 6, 14, 91, 94
1, 5000, 1065.0, 0.0, 1065.0, 0.0, '5Q45CN', 193, 576, 19, 43, 170, 7, 6, 14, 91, 94
